<?xml version="1.0" ?>
<ConcursosObrasCientificas>
 <vencedor>
  <nome>Adriano Nervo Codato</nome>
  <obra>
   <ano>1996</ano>
   <categoria>Dissertação de Mestrado</categoria>
   <titulo>Estrutura política e interesse de classe: análise do sistema estatal no Brasil pós-64. O caso do conselho de desenvolvimento econômico</titulo>
  </obra>
 </vencedor>
 <vencedor>
  <nome>Alexandre Zarias</nome>
  <obra>
   <ano>2004</ano>
   <categoria>Dissertação de Mestrado</categoria>
   <titulo>Negócio público e interesse privado: análise dos processos de interdição</titulo>
  </obra>
 </vencedor>
 <vencedor>
  <nome>André Kaysel Velasco e Cruz</nome>
  <obra>
   <ano>2011</ano>
   <categoria>Dissertação de Mestrado</categoria>
   <titulo>Dois encontros entre o marxismo e a América Latina</titulo>
  </obra>
 </vencedor>
 <vencedor>
  <nome>Andrea Soledad Roca Vera</nome>
  <obra>
   <ano>2015</ano>
   <categoria>Dissertação de Mestrado</categoria>
   <titulo>Catástrofe, violência e estado de exceção: memórias de insegurança urbana após o terremoto de 2010 na cidade de Concepción, Chile</titulo>
  </obra>
 </vencedor>
 <vencedor>
  <nome>Aparecida Vilaça</nome>
  <obra>
   <ano>1990</ano>
   <categoria>Dissertação de Mestrado</categoria>
   <titulo>Comendo como gente: formas de canibalismo Wari (Pakka Nova)</titulo>
  </obra>
 </vencedor>
 <vencedor>
  <nome>Beatriz Caiuby Labate</nome>
  <obra>
   <ano>2001</ano>
   <categoria>Dissertação de Mestrado</categoria>
   <titulo>A reinvenção do uso da ayahuasca nos centros urbanos</titulo>
  </obra>
 </vencedor>
 <vencedor>
  <nome>Carlos Gomes de Castro</nome>
  <obra>
   <ano>2013</ano>
   <categoria>Dissertação de Mestrado</categoria>
   <titulo>Demarcadores e objetos em campanha: a Comissão Brasileira Demarcadora de Limites e a Fabricação de Fronteiras (1928-1947)</titulo>
  </obra>
 </vencedor>
 <vencedor>
  <nome>Carmen Lucia da Silva</nome>
  <obra>
   <ano>1999</ano>
   <categoria>Dissertação de Mestrado</categoria>
   <titulo>Sobreviventes do extermínio: uma etnografia das narrativas e lembranças da sociedade Xetá</titulo>
  </obra>
 </vencedor>
 <vencedor>
  <nome>Caroline Gomes Leme</nome>
  <obra>
   <ano>2012</ano>
   <categoria>Dissertação de Mestrado</categoria>
   <titulo>Cinema e sociedade: sobre a ditadura militar no Brasil</titulo>
  </obra>
 </vencedor>
 <vencedor>
  <nome>Diego de Lima Gualda</nome>
  <obra>
   <ano>2010</ano>
   <categoria>Dissertação de Mestrado</categoria>
   <titulo>Individualismo holista: uma articulação crítica do pensamento político de Charles Taylor</titulo>
  </obra>
 </vencedor>
 <vencedor>
  <nome>Enio Passiani</nome>
  <obra>
   <ano>2002</ano>
   <categoria>Dissertação de Mestrado</categoria>
   <titulo>Na trilha do Jeca: Monteiro Lobato e a formação do corpo literário no Brasil</titulo>
  </obra>
 </vencedor>
 <vencedor>
  <nome>Evelyn Maria de Almeida Meniconi</nome>
  <obra>
   <ano>2005</ano>
   <categoria>Dissertação de Mestrado</categoria>
   <titulo>Monumento para quem? A preservação do patrimônio nacional e o ordenamento do espaço urbano de Ouro Preto (1937-1967)</titulo>
  </obra>
 </vencedor>
 <vencedor>
  <nome>Helena Wendel Abramo</nome>
  <obra>
   <ano>1993</ano>
   <categoria>Dissertação de Mestrado</categoria>
   <titulo>Grupos juvenis dos anos 80 em São Paulo: um estilo de atuação social</titulo>
  </obra>
 </vencedor>
 <vencedor>
  <nome>José Moreira de Souza</nome>
  <obra>
   <ano>1992</ano>
   <categoria>Dissertação de Mestrado</categoria>
   <titulo>Cidade: momentos e processos. Serro e Diamantina na formação do norte mineiro no século XIX</titulo>
  </obra>
 </vencedor>
 <vencedor>
  <nome>Julio Assis Simões</nome>
  <obra>
   <ano>1991</ano>
   <categoria>Dissertação de Mestrado</categoria>
   <titulo>A política da participação: uma etnografia da primeira gestão do PT em Diadema</titulo>
  </obra>
 </vencedor>
 <vencedor>
  <nome>Laura Maria Goulart de Andrade</nome>
  <obra>
   <ano>1985</ano>
   <categoria>Dissertação de Mestrado</categoria>
   <titulo>Capitalismo e cooperativismo empresarial no Rio Grande do Sul</titulo>
  </obra>
 </vencedor>
 <vencedor>
  <nome>Leonarda Mesumeci</nome>
  <obra>
   <ano>1986</ano>
   <categoria>Dissertação de Mestrado</categoria>
   <titulo>O mito da terra liberta</titulo>
  </obra>
 </vencedor>
 <vencedor>
  <nome>Leonardo Carbonieri Campoy</nome>
  <obra>
   <ano>2009</ano>
   <categoria>Dissertação de Mestrado</categoria>
   <titulo>Trevas na cidade: o underground do metal extremo no Brasil</titulo>
  </obra>
 </vencedor>
 <vencedor>
  <nome>Luís Donizete B Grupioni</nome>
  <obra>
   <ano>1996</ano>
   <categoria>Dissertação de Mestrado</categoria>
   <titulo>Coleções e expedições vigiadas: os etnólogos no Conselho de Fiscalização das Expedições Artísticas e Científicas no Brasil</titulo>
  </obra>
 </vencedor>
 <vencedor>
  <nome>Luís Ferreira</nome>
  <obra>
   <ano>2000</ano>
   <categoria>Dissertação de Mestrado</categoria>
   <titulo>Las llamadas de tambores: comunidad e identidad de los afro-uruguaios</titulo>
  </obra>
 </vencedor>
 <vencedor>
  <nome>Luiz Henrique de Toledo</nome>
  <obra>
   <ano>1995</ano>
   <categoria>Dissertação de Mestrado</categoria>
   <titulo>Torcidas organizadas de futebol: lazer e estilo de vida na metrópole</titulo>
  </obra>
 </vencedor>
 <vencedor>
  <nome>Marcos Otávio Bezerra</nome>
  <obra>
   <ano>1994</ano>
   <categoria>Dissertação de Mestrado</categoria>
   <titulo>A prática da corrupção no Brasil: um estudo exploratório de Antropologia Social</titulo>
  </obra>
 </vencedor>
 <vencedor>
  <nome>Maria Filomena Gregori</nome>
  <obra>
   <ano>1989</ano>
   <categoria>Dissertação de Mestrado</categoria>
   <titulo>Violência contra a mulher: a prática do SOS Mulher (SP) - queixas e cenas</titulo>
  </obra>
 </vencedor>
 <vencedor>
  <nome>Mariana Magalhães Pinto Côrtes </nome>
  <obra>
   <ano>2006</ano>
   <categoria>Dissertação de Mestrado</categoria>
   <titulo>O bandido que virou pregador: a conversão de criminosos ao pentecostalismo e suas carreiras de pregadores</titulo>
  </obra>
 </vencedor>
 <vencedor>
  <nome>Mariana Miggiolaro Chaguri</nome>
  <obra>
   <ano>2008</ano>
   <categoria>Dissertação de Mestrado</categoria>
   <titulo>Do Recife dos anos 20 ao Rio de Janeiro dos anos 30: José Lins do Rego, regionalismo e tradicionalismo</titulo>
  </obra>
 </vencedor>
 <vencedor>
  <nome>Nádia Farage</nome>
  <obra>
   <ano>1987</ano>
   <categoria>Dissertação de Mestrado</categoria>
   <titulo>As muralhas dos sertões: os povos indígenas no Rio Branco e a colonização</titulo>
  </obra>
 </vencedor>
 <vencedor>
  <nome>Nina Vicent Lannes</nome>
  <obra>
   <ano>2014</ano>
   <categoria>Dissertação de Mestrado</categoria>
   <titulo>“Curadoria nativa” no Museu “do Outro”: um estudo sobre a exposição Maori. Seus tesouros têm alma e outros diálogos curadoriais no Museu do Quai Branly</titulo>
  </obra>
 </vencedor>
 <vencedor>
  <nome>Paulo Rogers</nome>
  <obra>
   <ano>2007</ano>
   <categoria>Dissertação de Mestrado</categoria>
   <titulo>Os afectos mal-ditos: o indizível das sexualidades camponesas</titulo>
  </obra>
 </vencedor>
 <vencedor>
  <nome>Rachel Meneguello</nome>
  <obra>
   <ano>1988</ano>
   <categoria>Dissertação de Mestrado</categoria>
   <titulo>PT: inovação no sistema partidário brasileiro</titulo>
  </obra>
 </vencedor>
 <vencedor>
  <nome>Stélio Alessandro Marras</nome>
  <obra>
   <ano>2003</ano>
   <categoria>Dissertação de Mestrado</categoria>
   <titulo>A propósito de águas virtuosas: formação e ocorrências de uma estação balneária no Brasil</titulo>
  </obra>
 </vencedor>
 <vencedor>
  <nome>Alexandre Oliveira Gomes</nome>
  <obra>
   <ano>2013</ano>
   <categoria>Dissertação de Mestrado – Menção Honrosa </categoria>
  </obra>
 </vencedor>
 <vencedor>
  <nome>Allan Souza Queiroz</nome>
  <obra>
   <ano>2014</ano>
   <categoria>Dissertação de Mestrado – Menção Honrosa </categoria>
  </obra>
 </vencedor>
 <vencedor>
  <nome>Ana Luiza B Martins Costa</nome>
  <obra>
   <ano>1990</ano>
   <categoria>Dissertação de Mestrado – Menção Honrosa </categoria>
  </obra>
 </vencedor>
 <vencedor>
  <nome>André Veiga Bittencourt</nome>
  <obra>
   <ano>2012</ano>
   <categoria>Dissertação de Mestrado – Menção Honrosa </categoria>
  </obra>
 </vencedor>
 <vencedor>
  <nome>Angela Cristina Ribeiro Caires</nome>
  <obra>
   <ano>1994</ano>
   <categoria>Dissertação de Mestrado – Menção Honrosa </categoria>
  </obra>
 </vencedor>
 <vencedor>
  <nome>Antonio Carlos de Souza Lima</nome>
  <obra>
   <ano>1993</ano>
   <categoria>Dissertação de Mestrado – Menção Honrosa </categoria>
  </obra>
 </vencedor>
 <vencedor>
  <nome>Bruno César Cavalcanti</nome>
  <obra>
   <ano>1999</ano>
   <categoria>Dissertação de Mestrado – Menção Honrosa </categoria>
  </obra>
 </vencedor>
 <vencedor>
  <nome>Carla de Castro Gomes</nome>
  <obra>
   <ano>2011</ano>
   <categoria>Dissertação de Mestrado – Menção Honrosa </categoria>
  </obra>
 </vencedor>
 <vencedor>
  <nome>Carlos Fausto</nome>
  <obra>
   <ano>1992</ano>
   <categoria>Dissertação de Mestrado – Menção Honrosa </categoria>
  </obra>
 </vencedor>
 <vencedor>
  <nome>Carolina Hyppolito Von Der Weid</nome>
  <obra>
   <ano>2005</ano>
   <categoria>Dissertação de Mestrado – Menção Honrosa </categoria>
  </obra>
 </vencedor>
 <vencedor>
  <nome>Clarice Corrêa de Mendonça</nome>
  <obra>
   <ano>2015</ano>
   <categoria>Dissertação de Mestrado – Menção Honrosa </categoria>
  </obra>
 </vencedor>
 <vencedor>
  <nome>Daniel Costa Valentim</nome>
  <obra>
   <ano>2013</ano>
   <categoria>Dissertação de Mestrado – Menção Honrosa </categoria>
  </obra>
 </vencedor>
 <vencedor>
  <nome>Daniele Ellery Mourão</nome>
  <obra>
   <ano>2007</ano>
   <categoria>Dissertação de Mestrado – Menção Honrosa </categoria>
  </obra>
 </vencedor>
 <vencedor>
  <nome>Domitila Costa Cayres</nome>
  <obra>
   <ano>2010</ano>
   <categoria>Dissertação de Mestrado – Menção Honrosa </categoria>
  </obra>
 </vencedor>
 <vencedor>
  <nome>Elenice de Souza</nome>
  <obra>
   <ano>2000</ano>
   <categoria>Dissertação de Mestrado – Menção Honrosa </categoria>
  </obra>
 </vencedor>
 <vencedor>
  <nome>Fabiana Augusta Alves Jardim</nome>
  <obra>
   <ano>2005</ano>
   <categoria>Dissertação de Mestrado – Menção Honrosa </categoria>
  </obra>
 </vencedor>
 <vencedor>
  <nome>Fabiano Dias Monteiro</nome>
  <obra>
   <ano>2004</ano>
   <categoria>Dissertação de Mestrado – Menção Honrosa </categoria>
  </obra>
 </vencedor>
 <vencedor>
  <nome>Gilda Verónica Ludmila Catela da Silva</nome>
  <obra>
   <ano>1995</ano>
   <categoria>Dissertação de Mestrado – Menção Honrosa </categoria>
  </obra>
 </vencedor>
 <vencedor>
  <nome>Isadora Cristina de Melo Coan</nome>
  <obra>
   <ano>2014</ano>
   <categoria>Dissertação de Mestrado – Menção Honrosa </categoria>
  </obra>
 </vencedor>
 <vencedor>
  <nome>Jairo Tadeu Pires Pimentel Junior</nome>
  <obra>
   <ano>2008</ano>
   <categoria>Dissertação de Mestrado – Menção Honrosa </categoria>
  </obra>
 </vencedor>
 <vencedor>
  <nome>José Anchieta Bezerra de Melo</nome>
  <obra>
   <ano>2011</ano>
   <categoria>Dissertação de Mestrado – Menção Honrosa </categoria>
  </obra>
 </vencedor>
 <vencedor>
  <nome>José Juliano Barbosa Gadelha </nome>
  <obra>
   <ano>2010</ano>
   <categoria>Dissertação de Mestrado – Menção Honrosa </categoria>
  </obra>
 </vencedor>
 <vencedor>
  <nome>Lucas Ambrózio Lopes da Silva</nome>
  <obra>
   <ano>2014</ano>
   <categoria>Dissertação de Mestrado – Menção Honrosa </categoria>
  </obra>
 </vencedor>
 <vencedor>
  <nome>Luciana Garcia de Mello</nome>
  <obra>
   <ano>2006</ano>
   <categoria>Dissertação de Mestrado – Menção Honrosa </categoria>
  </obra>
 </vencedor>
 <vencedor>
  <nome>Marcelo Moura Mello</nome>
  <obra>
   <ano>2009</ano>
   <categoria>Dissertação de Mestrado – Menção Honrosa </categoria>
  </obra>
 </vencedor>
 <vencedor>
  <nome>Marcos Paulo Campos Cavalcante de Mello</nome>
  <obra>
   <ano>2012</ano>
   <categoria>Dissertação de Mestrado – Menção Honrosa </categoria>
  </obra>
 </vencedor>
 <vencedor>
  <nome>Maura Lucia Fernandes Penna</nome>
  <obra>
   <ano>1991</ano>
   <categoria>Dissertação de Mestrado – Menção Honrosa </categoria>
  </obra>
 </vencedor>
 <vencedor>
  <nome>Murilo de Oliveira Junqueira</nome>
  <obra>
   <ano>2012</ano>
   <categoria>Dissertação de Mestrado – Menção Honrosa </categoria>
  </obra>
 </vencedor>
 <vencedor>
  <nome>Paolo Ricci</nome>
  <obra>
   <ano>2002</ano>
   <categoria>Dissertação de Mestrado – Menção Honrosa </categoria>
  </obra>
 </vencedor>
 <vencedor>
  <nome>Paulo Henrique de Oliveira Chamon</nome>
  <obra>
   <ano>2013</ano>
   <categoria>Dissertação de Mestrado – Menção Honrosa </categoria>
  </obra>
 </vencedor>
 <vencedor>
  <nome>Paulo Roberto Storani </nome>
  <obra>
   <ano>2009</ano>
   <categoria>Dissertação de Mestrado – Menção Honrosa </categoria>
  </obra>
 </vencedor>
 <vencedor>
  <nome>Rebecca de Faria Slenes</nome>
  <obra>
   <ano>2013</ano>
   <categoria>Dissertação de Mestrado – Menção Honrosa </categoria>
  </obra>
 </vencedor>
 <vencedor>
  <nome>Rogério Bastos Arantes</nome>
  <obra>
   <ano>1995</ano>
   <categoria>Dissertação de Mestrado – Menção Honrosa </categoria>
  </obra>
 </vencedor>
 <vencedor>
  <nome>Sabrina Galeno da Costa</nome>
  <obra>
   <ano>2010</ano>
   <categoria>Dissertação de Mestrado – Menção Honrosa </categoria>
  </obra>
 </vencedor>
 <vencedor>
  <nome>Ana Maria Doimo</nome>
  <obra>
   <ano>1994</ano>
   <categoria>Tese de Doutorado</categoria>
   <titulo>Movimento popular no Brasil pós-70: formação de um campo ético-político</titulo>
  </obra>
 </vencedor>
 <vencedor>
  <nome>Ana Maria Fernandes</nome>
  <obra>
   <ano>1988</ano>
   <categoria>Tese de Doutorado</categoria>
   <titulo>The Scientific Community and State in Brazil</titulo>
  </obra>
 </vencedor>
 <vencedor>
  <nome>André Duman Guedes</nome>
  <obra>
   <ano>2012</ano>
   <categoria>Tese de Doutorado</categoria>
   <titulo>O trecho, as mães e os papéis. Movimentos e durações no norte de Goiás</titulo>
  </obra>
 </vencedor>
 <vencedor>
  <nome>Angela Maria Alonso</nome>
  <obra>
   <ano>2001</ano>
   <categoria>Tese de Doutorado</categoria>
   <titulo>Idéias em movimento: a geração de 70 na crise do Brasil Império</titulo>
  </obra>
 </vencedor>
 <vencedor>
  <nome>Aristóteles Barcelos Neto</nome>
  <obra>
   <ano>2005</ano>
   <categoria>Tese de Doutorado</categoria>
   <titulo>Apapaatai: rituais de máscaras no Alto Xingu</titulo>
  </obra>
 </vencedor>
 <vencedor>
  <nome>Arlei Sander Damo</nome>
  <obra>
   <ano>2006</ano>
   <categoria>Tese de Doutorado</categoria>
   <titulo>Do dom à profissão: uma etnografia do futebol de espetáculo a partir da formação de jogadores no Brasil e na França</titulo>
  </obra>
 </vencedor>
 <vencedor>
  <nome>Ary Cesar Minella</nome>
  <obra>
   <ano>1987</ano>
   <categoria>Tese de Doutorado</categoria>
   <titulo>Los banqueros y su organización de classe en Brasil: 1960-1980</titulo>
  </obra>
 </vencedor>
 <vencedor>
  <nome>Camila Penna de Castro</nome>
  <obra>
   <ano>2014</ano>
   <categoria>Tese de Doutorado</categoria>
   <titulo>Conexões e controvérsias no INCRA de Marabá: O Estado como um ator heterogêneo</titulo>
  </obra>
 </vencedor>
 <vencedor>
  <nome>Diego Ferreira Marques</nome>
  <obra>
   <ano>2013</ano>
   <categoria>Tese de Doutorado</categoria>
   <titulo>O Carvalho e a Mulemba: Angola na narrativa colonial portuguesa</titulo>
  </obra>
 </vencedor>
 <vencedor>
  <nome>Edelmira del Carmen Alveal Contreras</nome>
  <obra>
   <ano>1993</ano>
   <categoria>Tese de Doutorado</categoria>
   <titulo>Elites empresariais do Estado como atores políticos no Brasil industrial: as lideranças do Sistema Petrobrás</titulo>
  </obra>
 </vencedor>
 <vencedor>
  <nome>Eduardo Viveiros de Castro</nome>
  <obra>
   <ano>1985</ano>
   <categoria>Tese de Doutorado</categoria>
   <titulo>Araweté: uma visão da cosmopologia e da pessoa tupi-guarani</titulo>
  </obra>
 </vencedor>
 <vencedor>
  <nome>Gabriel de Santis Feltran</nome>
  <obra>
   <ano>2009</ano>
   <categoria>Tese de Doutorado</categoria>
   <titulo>Fronteiras de tensão: um estudo sobre política e violência nas periferias de São Paulo</titulo>
  </obra>
 </vencedor>
 <vencedor>
  <nome>Gilberto Hochman</nome>
  <obra>
   <ano>1997</ano>
   <categoria>Tese de Doutorado</categoria>
   <titulo>As bases da política de saúde pública no Brasil</titulo>
  </obra>
 </vencedor>
 <vencedor>
  <nome>Gilda Verónica Ludmila da Silva Catela</nome>
  <obra>
   <ano>2000</ano>
   <categoria>Tese de Doutorado</categoria>
   <titulo>Não haverá flores na tumba do passado: a experiência de reconstrução do mundo dos familiares dos desaparecidos em Plata, Argentina</titulo>
  </obra>
 </vencedor>
 <vencedor>
  <nome>Gustavo Lins Ribeiro</nome>
  <obra>
   <ano>1989</ano>
   <categoria>Tese de Doutorado</categoria>
   <titulo>Developing the Moonland: the Yacyreta Hidroeletric High Dam and Economic Expansion in Argentina</titulo>
  </obra>
 </vencedor>
 <vencedor>
  <nome>Ivan de Andrade Velasco</nome>
  <obra>
   <ano>2003</ano>
   <categoria>Tese de Doutorado</categoria>
   <titulo>As seduções da Ordem: Violência, criminalidade e administração da Justiça de Minas Gerais – século XIX</titulo>
  </obra>
 </vencedor>
 <vencedor>
  <nome>João Marcelo Ehlert Maia</nome>
  <obra>
   <ano>2007</ano>
   <categoria>Tese de Doutorado</categoria>
   <titulo>A ‘Rússia Americana’: a terra no pensamento social brasileiro</titulo>
  </obra>
 </vencedor>
 <vencedor>
  <nome>José Luís Cabaço</nome>
  <obra>
   <ano>2008</ano>
   <categoria>Tese de Doutorado</categoria>
   <titulo>Moçambique: identidade, colonialismo e libertação</titulo>
  </obra>
 </vencedor>
 <vencedor>
  <nome>Lucia Eilbaum</nome>
  <obra>
   <ano>2011</ano>
   <categoria>Tese de Doutorado</categoria>
   <titulo>“O Bairro fala”: conflitos, moralidades e justiça no conurbano bonaerense</titulo>
  </obra>
 </vencedor>
 <vencedor>
  <nome>Marcelo Medeiros Coelho de Souza</nome>
  <obra>
   <ano>2004</ano>
   <categoria>Tese de Doutorado</categoria>
   <titulo>O que faz os ricos: um estudo sobre os fatores que determinam a riqueza</titulo>
  </obra>
 </vencedor>
 <vencedor>
  <nome>Marcus Figueiredo</nome>
  <obra>
   <ano>1990</ano>
   <categoria>Tese de Doutorado</categoria>
   <titulo>Democracia, comportamento eleitoral e racionalidade do voto</titulo>
  </obra>
 </vencedor>
 <vencedor>
  <nome>Maria Cristina Pompa</nome>
  <obra>
   <ano>2002</ano>
   <categoria>Tese de Doutorado</categoria>
   <titulo>Religião como tradução: Missionários, Tupi e Tupia no Brasil colonial</titulo>
  </obra>
 </vencedor>
 <vencedor>
  <nome>Maria das Dores Campos Machado</nome>
  <obra>
   <ano>1995</ano>
   <categoria>Tese de Doutorado</categoria>
   <titulo>Adesão religiosa e seus efeitos na esfera privada: um estudo comparativo dos carismáticos e pentecostais do Rio de Janeiro</titulo>
  </obra>
 </vencedor>
 <vencedor>
  <nome>Maria Helena de Castro Santos</nome>
  <obra>
   <ano>1986</ano>
   <categoria>Tese de Doutorado</categoria>
   <titulo>Alcohol as Fuel in Brazil – an Alternative Energy Policy and Politics</titulo>
  </obra>
 </vencedor>
 <vencedor>
  <nome>Mármio Teixaira-Pinto</nome>
  <obra>
   <ano>1996</ano>
   <categoria>Tese de Doutorado</categoria>
   <titulo>Ieipari: um ensaio sobre um tema ritual arara, ou sobre a violência, a predação, a ética e a solidariedade na Amazônia</titulo>
  </obra>
 </vencedor>
 <vencedor>
  <nome>Natacha Simei Leal</nome>
  <obra>
   <ano>2015</ano>
   <categoria>Tese de Doutorado</categoria>
   <titulo>Nomes aos bois. Zebus e zebuzeiros em uma pecuária brasileira de elite</titulo>
  </obra>
 </vencedor>
 <vencedor>
  <nome>Ricardo Abramovay</nome>
  <obra>
   <ano>1991</ano>
   <categoria>Tese de Doutorado</categoria>
   <titulo>De camponeses a agricultores: paradigmas do capitalismo agrário em questão</titulo>
  </obra>
 </vencedor>
 <vencedor>
  <nome>Ronaldo Conde Aguiar</nome>
  <obra>
   <ano>1999</ano>
   <categoria>Tese de Doutorado</categoria>
   <titulo>O rebelde esquecido: tempo, vida e obra de Manoel Bonfim</titulo>
  </obra>
 </vencedor>
 <vencedor>
  <nome>Rosana Pinheiro-Machado</nome>
  <obra>
   <ano>2010</ano>
   <categoria>Tese de Doutorado</categoria>
   <titulo>Made in China: produção e circulação de mercadorias no circuito China-Paraguai-Brasil</titulo>
  </obra>
 </vencedor>
 <vencedor>
  <nome>Wilma Mangabeira</nome>
  <obra>
   <ano>1992</ano>
   <categoria>Tese de Doutorado</categoria>
   <titulo>Union Politics and Workplace Militancy: a Case Study of Brazilian Steelworkers in the 1980s</titulo>
  </obra>
 </vencedor>
 <vencedor>
  <nome>Ailton Dias dos Santos</nome>
  <obra>
   <ano>2015</ano>
   <categoria>Tese de Doutorado – Menções Honrosas </categoria>
  </obra>
 </vencedor>
 <vencedor>
  <nome>Alessandra Teixeira</nome>
  <obra>
   <ano>2013</ano>
   <categoria>Tese de Doutorado – Menções Honrosas </categoria>
  </obra>
 </vencedor>
 <vencedor>
  <nome>Andréa Lisset Perez</nome>
  <obra>
   <ano>2009</ano>
   <categoria>Tese de Doutorado – Menções Honrosas </categoria>
  </obra>
 </vencedor>
 <vencedor>
  <nome>Ana Paula Cavalcanti Simioni</nome>
  <obra>
   <ano>2005</ano>
   <categoria>Tese de Doutorado – Menções Honrosas </categoria>
  </obra>
 </vencedor>
 <vencedor>
  <nome>Bruno Moretti</nome>
  <obra>
   <ano>2013</ano>
   <categoria>Tese de Doutorado – Menções Honrosas </categoria>
  </obra>
 </vencedor>
 <vencedor>
  <nome>Bernardo Medeiros Ferreira da Silva</nome>
  <obra>
   <ano>2002</ano>
   <categoria>Tese de Doutorado – Menções Honrosas </categoria>
  </obra>
 </vencedor>
 <vencedor>
  <nome>Camila Caldeira Nunes Dias</nome>
  <obra>
   <ano>2012</ano>
   <categoria>Tese de Doutorado – Menções Honrosas </categoria>
  </obra>
 </vencedor>
 <vencedor>
  <nome>Carlos Emanuel Sautchuk</nome>
  <obra>
   <ano>2008</ano>
   <categoria>Tese de Doutorado – Menções Honrosas </categoria>
  </obra>
 </vencedor>
 <vencedor>
  <nome>Carlos Ranulfo Félix de Melo</nome>
  <obra>
   <ano>2000</ano>
   <categoria>Tese de Doutorado – Menções Honrosas </categoria>
  </obra>
 </vencedor>
 <vencedor>
  <nome>Dominique Gallois</nome>
  <obra>
   <ano>1989</ano>
   <categoria>Tese de Doutorado – Menções Honrosas </categoria>
  </obra>
 </vencedor>
 <vencedor>
  <nome>Frederico G. Neiburg</nome>
  <obra>
   <ano>1994</ano>
   <categoria>Tese de Doutorado – Menções Honrosas </categoria>
  </obra>
 </vencedor>
 <vencedor>
  <nome>Gabriela Spanghero Lotta</nome>
  <obra>
   <ano>2011</ano>
   <categoria>Tese de Doutorado – Menções Honrosas </categoria>
  </obra>
 </vencedor>
 <vencedor>
  <nome>Hugo Alberto Borsani Cardozo</nome>
  <obra>
   <ano>2001</ano>
   <categoria>Tese de Doutorado – Menções Honrosas </categoria>
  </obra>
 </vencedor>
 <vencedor>
  <nome>Isadora Lins França</nome>
  <obra>
   <ano>2011</ano>
   <categoria>Tese de Doutorado – Menções Honrosas </categoria>
  </obra>
 </vencedor>
 <vencedor>
  <nome>João Miguel Manzolillo Sautchuck</nome>
  <obra>
   <ano>2010</ano>
   <categoria>Tese de Doutorado – Menções Honrosas </categoria>
  </obra>
 </vencedor>
 <vencedor>
  <nome>João Paulo Bachur</nome>
  <obra>
   <ano>2010</ano>
   <categoria>Tese de Doutorado – Menções Honrosas </categoria>
  </obra>
 </vencedor>
 <vencedor>
  <nome>Josué Tomasini Castro</nome>
  <obra>
   <ano>2014</ano>
   <categoria>Tese de Doutorado – Menções Honrosas </categoria>
  </obra>
 </vencedor>
 <vencedor>
  <nome>Lorena Cândido Fleury</nome>
  <obra>
   <ano>2014</ano>
   <categoria>Tese de Doutorado – Menções Honrosas </categoria>
  </obra>
 </vencedor>
 <vencedor>
  <nome>Luis Eduardo Bento de Mello Soares</nome>
  <obra>
   <ano>1992</ano>
   <categoria>Tese de Doutorado – Menções Honrosas </categoria>
  </obra>
 </vencedor>
 <vencedor>
  <nome>Luis Roberto Cardoso de Oliveira</nome>
  <obra>
   <ano>1990</ano>
   <categoria>Tese de Doutorado – Menções Honrosas </categoria>
  </obra>
 </vencedor>
 <vencedor>
  <nome>Manoela da Silva Pedroza</nome>
  <obra>
   <ano>2009</ano>
   <categoria>Tese de Doutorado – Menções Honrosas </categoria>
  </obra>
 </vencedor>
 <vencedor>
  <nome>Marcela Coelho de Souza</nome>
  <obra>
   <ano>2003</ano>
   <categoria>Tese de Doutorado – Menções Honrosas </categoria>
  </obra>
 </vencedor>
 <vencedor>
  <nome>Marco Aurélio Silva de Santana</nome>
  <obra>
   <ano>1999</ano>
   <categoria>Tese de Doutorado – Menções Honrosas </categoria>
  </obra>
 </vencedor>
 <vencedor>
  <nome>Mário Augusto Medeiros da Silva</nome>
  <obra>
   <ano>2012</ano>
   <categoria>Tese de Doutorado – Menções Honrosas </categoria>
  </obra>
 </vencedor>
 <vencedor>
  <nome>Mário Grynszpan</nome>
  <obra>
   <ano>1995</ano>
   <categoria>Tese de Doutorado – Menções Honrosas </categoria>
  </obra>
 </vencedor>
 <vencedor>
  <nome>Maurício Fiore</nome>
  <obra>
   <ano>2014</ano>
   <categoria>Tese de Doutorado – Menções Honrosas </categoria>
  </obra>
 </vencedor>
 <vencedor>
  <nome>Mauro Willian Barbosa de Almeida</nome>
  <obra>
   <ano>2005</ano>
   <categoria>Tese de Doutorado – Menções Honrosas </categoria>
  </obra>
 </vencedor>
 <vencedor>
  <nome>Mônica Mata Machado de Castro</nome>
  <obra>
   <ano>1995</ano>
   <categoria>Tese de Doutorado – Menções Honrosas </categoria>
  </obra>
 </vencedor>
 <vencedor>
  <nome>Paulo Gustavo Pellegrino Corrêa</nome>
  <obra>
   <ano>2015</ano>
   <categoria>Tese de Doutorado – Menções Honrosas </categoria>
  </obra>
 </vencedor>
 <vencedor>
  <nome>Pedro Hermínio Villas Boas Castelo Branco</nome>
  <obra>
   <ano>2010</ano>
   <categoria>Tese de Doutorado – Menções Honrosas </categoria>
  </obra>
 </vencedor>
 <vencedor>
  <nome>Suely Mara Vaz Guimarães de Araújo</nome>
  <obra>
   <ano>2014</ano>
   <categoria>Tese de Doutorado – Menções Honrosas </categoria>
  </obra>
 </vencedor>
 <vencedor>
  <nome>Telma Maria Gonçalves Menicucci</nome>
  <obra>
   <ano>2004</ano>
   <categoria>Tese de Doutorado – Menções Honrosas </categoria>
  </obra>
 </vencedor>
 <vencedor>
  <nome>Vera da Silva Teles</nome>
  <obra>
   <ano>1993</ano>
   <categoria>Tese de Doutorado – Menções Honrosas </categoria>
  </obra>
 </vencedor>
 <vencedor>
  <nome>Vitor Acselrad</nome>
  <obra>
   <ano>2013</ano>
   <categoria>Tese de Doutorado – Menções Honrosas </categoria>
  </obra>
 </vencedor>
 <vencedor>
  <nome>André Singer</nome>
  <obra>
   <ano>2013</ano>
   <categoria>Obra Científica</categoria>
   <titulo>Os sentidos do Lulismo. Reforma gradual e pacto conservador</titulo>
  </obra>
 </vencedor>
 <vencedor>
  <nome>Antonio Lavareda</nome>
  <obra>
   <ano>1992</ano>
   <categoria>Obra Científica</categoria>
   <titulo>A democracia nas urnas: o processo partidário eleitoral brasileiro</titulo>
  </obra>
 </vencedor>
 <vencedor>
  <nome>Argelina Cheibub Figueiredo</nome>
  <obra>
   <ano>2000</ano>
   <categoria>Obra Científica</categoria>
   <titulo>Executivo e Legislativo na nova ordem institucional</titulo>
  </obra>
 </vencedor>
 <vencedor>
  <nome>Carlos Eduardo Sell</nome>
  <obra>
   <ano>2014</ano>
   <categoria>Obra Científica</categoria>
   <titulo>Max Weber e a racionalização da vida</titulo>
  </obra>
 </vencedor>
 <vencedor>
  <nome>Carlos Fausto</nome>
  <obra>
   <ano>2002</ano>
   <categoria>Obra Científica</categoria>
   <titulo>Inimigos Fiéis: história, guerra e xamanismo na Amazônia</titulo>
  </obra>
 </vencedor>
 <vencedor>
  <nome>César Cláudio Gordon Jr.</nome>
  <obra>
   <ano>2007</ano>
   <categoria>Obra Científica</categoria>
   <titulo>Economia selvagem: ritual e mercadoria entre os índios Xikrin-Mebêngôkre</titulo>
  </obra>
 </vencedor>
 <vencedor>
  <nome>Edlaine de Campos Gomes</nome>
  <obra>
   <ano>2009</ano>
   <categoria>Obra Científica</categoria>
   <titulo>Três famílias: Identidades e trajetórias transgeracionais nas classes populares</titulo>
  </obra>
 </vencedor>
 <vencedor>
  <nome>Ellen F. Woortmann</nome>
  <obra>
   <ano>1996</ano>
   <categoria>Obra Científica</categoria>
   <titulo>Herdeiros, parentes e compadres: colonos do sul e sitiantes do nordeste</titulo>
  </obra>
 </vencedor>
 <vencedor>
  <nome>Eli Diniz</nome>
  <obra>
   <ano>2005</ano>
   <categoria>Obra Científica</categoria>
   <titulo>Empresários, interesses e mercado: dilemas do desenvolvimento no Brasil</titulo>
  </obra>
 </vencedor>
 <vencedor>
  <nome>Fábio Wanderley Reis</nome>
  <obra>
   <ano>1985</ano>
   <categoria>Obra Científica</categoria>
   <titulo>Política e racionalidade</titulo>
  </obra>
 </vencedor>
 <vencedor>
  <nome>Fernando Limongi</nome>
  <obra>
   <ano>2000</ano>
   <categoria>Obra Científica</categoria>
   <titulo>Executivo e Legislativo na nova ordem institucional</titulo>
  </obra>
 </vencedor>
 <vencedor>
  <nome>Heloísa Pontes</nome>
  <obra>
   <ano>1999</ano>
   <categoria>Obra Científica</categoria>
   <titulo>Destinos Mistos</titulo>
  </obra>
 </vencedor>
 <vencedor>
  <nome>Heloísa Pontes</nome>
  <obra>
   <ano>2011</ano>
   <categoria>Obra Científica</categoria>
   <titulo>Intérpretes da Metrópole. História Social e relações de Gênero no teatro e no campo intelectual (1940 – 1968)</titulo>
  </obra>
 </vencedor>
 <vencedor>
  <nome>José Murilo de Carvalho</nome>
  <obra>
   <ano>1988</ano>
   <categoria>Obra Científica</categoria>
   <titulo>Os bestializados: o Rio de Janeiro e a república que não foi</titulo>
  </obra>
 </vencedor>
 <vencedor>
  <nome>Leonardo Avritzer</nome>
  <obra>
   <ano>1997</ano>
   <categoria>Obra Científica</categoria>
   <titulo>A moralidade da democracia: ensaios em teoria habermasiana e teoria democrática</titulo>
  </obra>
 </vencedor>
 <vencedor>
  <nome>Leopoldo Waizbort</nome>
  <obra>
   <ano>2001</ano>
   <categoria>Obra Científica</categoria>
   <titulo>As aventuras de Georg Simmel</titulo>
  </obra>
 </vencedor>
 <vencedor>
  <nome>Lucia Hippolito</nome>
  <obra>
   <ano>1986</ano>
   <categoria>Obra Científica</categoria>
   <titulo>De raposas e reformistas: o PSD e a experiência democrática brasileira</titulo>
  </obra>
 </vencedor>
 <vencedor>
  <nome>Luis Felipe Miguel</nome>
  <obra>
   <ano>2015</ano>
   <categoria>Obra Científica</categoria>
   <titulo>Democracia e representação: territórios em disputa</titulo>
  </obra>
 </vencedor>
 <vencedor>
  <nome>Luiz Fernando Dias Duarte</nome>
  <obra>
   <ano>2009</ano>
   <categoria>Obra Científica</categoria>
   <titulo>Três famílias: Identidades e trajetórias transgeracionais nas classes populares</titulo>
  </obra>
 </vencedor>
 <vencedor>
  <nome>Márcio Goldman</nome>
  <obra>
   <ano>1995</ano>
   <categoria>Obra Científica</categoria>
   <titulo>Razão e diferença: racionalidade, afetividade e relativismo em Lévy Bruhl</titulo>
  </obra>
 </vencedor>
 <vencedor>
  <nome>Maria Angélica Brasil</nome>
  <obra>
   <ano>2006</ano>
   <categoria>Obra Científica</categoria>
   <titulo>Livro dos naufrágios: ensaio sobre a história trágico-marítima</titulo>
  </obra>
 </vencedor>
 <vencedor>
  <nome>Maria Manuela Carneiro da Cunha</nome>
  <obra>
   <ano>1986</ano>
   <categoria>Obra Científica</categoria>
   <titulo>Negros estrangeiros</titulo>
  </obra>
 </vencedor>
 <vencedor>
  <nome>Olavo Brasil de Lima Jr.</nome>
  <obra>
   <ano>1994</ano>
   <categoria>Obra Científica</categoria>
   <titulo>Democracia e instituições políticas no Brasil dos anos 80</titulo>
  </obra>
 </vencedor>
 <vencedor>
  <nome>Omar Ribeiro Thomaz</nome>
  <obra>
   <ano>2003</ano>
   <categoria>Obra Científica</categoria>
   <titulo>Ecos do Atlântico Sul: Representações sobre o terceiro império português</titulo>
  </obra>
 </vencedor>
 <vencedor>
  <nome>Renato Boschi</nome>
  <obra>
   <ano>2005</ano>
   <categoria>Obra Científica</categoria>
   <titulo>Empresários, interesses e mercado: dilemas do desenvolvimento no Brasil</titulo>
  </obra>
 </vencedor>
 <vencedor>
  <nome>Ruben George Oliven</nome>
  <obra>
   <ano>1993</ano>
   <categoria>Obra Científica</categoria>
   <titulo>A parte do todo: a diversidade cultural no Brasil-nação</titulo>
  </obra>
 </vencedor>
 <vencedor>
  <nome>Sebastião Velasco e Cruz</nome>
  <obra>
   <ano>2008</ano>
   <categoria>Obra Científica</categoria>
   <titulo>Trajetórias: capitalismo neoliberal e reformas econômicas nos países da periferia</titulo>
  </obra>
 </vencedor>
 <vencedor>
  <nome>Sérgio Miceli</nome>
  <obra>
   <ano>1989</ano>
   <categoria>Obra Científica</categoria>
   <titulo>A elite eclesiástica brasileira</titulo>
  </obra>
 </vencedor>
 <vencedor>
  <nome>Thamy Pogrebinschi</nome>
  <obra>
   <ano>2010</ano>
   <categoria>Obra Científica</categoria>
   <titulo>O enigma do político: Marx contra a política moderna</titulo>
  </obra>
 </vencedor>
 <vencedor>
  <nome>Wanderley Guilherme dos Santos</nome>
  <obra>
   <ano>1987</ano>
   <categoria>Obra Científica</categoria>
   <titulo>Sessenta e quatro: anatomia da crise</titulo>
  </obra>
 </vencedor>
 <vencedor>
  <nome>Adriano Codato</nome>
  <obra>
   <ano>2012</ano>
   <categoria>Obra Científica – Menção Honrosa</categoria>
   <titulo>Marxismo como ciência social</titulo>
  </obra>
 </vencedor>
 <vencedor>
  <nome>Ângela de Castro Gomes</nome>
  <obra>
   <ano>1989</ano>
   <categoria>Obra Científica – Menção Honrosa</categoria>
   <titulo>A invenção do trabalhismo</titulo>
  </obra>
 </vencedor>
 <vencedor>
  <nome>Antônio Flávio Pierucci</nome>
  <obra>
   <ano>2000</ano>
   <categoria>Obra Científica – Menção Honrosa</categoria>
   <titulo>Ciladas da diferença</titulo>
  </obra>
 </vencedor>
 <vencedor>
  <nome>Arno Vogel</nome>
  <obra>
   <ano>2005</ano>
   <categoria>Obra Científica – Menção Honrosa</categoria>
   <titulo>Gente das areias: história, meio-ambiente e sociedade no litoral brasileiro, Marica – RJ – 1975 a 1995</titulo>
  </obra>
 </vencedor>
 <vencedor>
  <nome>Cícero Romão Resende de Araújo</nome>
  <obra>
   <ano>2014</ano>
   <categoria>Obra Científica – Menção Honrosa</categoria>
   <titulo>A forma da República: da Constituição mista ao Estado</titulo>
  </obra>
 </vencedor>
 <vencedor>
  <nome>Cristiane Lasmar</nome>
  <obra>
   <ano>2006</ano>
   <categoria>Obra Científica – Menção Honrosa</categoria>
   <titulo>De volta ao lago de leite: gênero e transformação no Alto Rio Negro</titulo>
  </obra>
 </vencedor>
 <vencedor>
  <nome>Els Lagrou</nome>
  <obra>
   <ano>2008</ano>
   <categoria>Obra Científica – Menção Honrosa</categoria>
   <titulo>A fluidez da forma: arte, alteridade e agência em uma sociedade amazônica</titulo>
  </obra>
 </vencedor>
 <vencedor>
  <nome>Fábio Alves Araújo</nome>
  <obra>
   <ano>2015</ano>
   <categoria>Obra Científica – Menção Honrosa</categoria>
   <titulo>Das “técnicas” de fazer desaparecer corpos: desaparecimentos, violência, sofrimento e política</titulo>
  </obra>
 </vencedor>
 <vencedor>
  <nome>José Eisenberg</nome>
  <obra>
   <ano>2001</ano>
   <categoria>Obra Científica – Menção Honrosa</categoria>
   <titulo>Missões jesuíticas e o pensamento político moderno</titulo>
  </obra>
 </vencedor>
 <vencedor>
  <nome>José Maurício Domingues</nome>
  <obra>
   <ano>2014</ano>
   <categoria>Obra Científica – Menção Honrosa</categoria>
   <titulo>Modernidade global e civilização contemporânea: para uma renovação da teoria crítica</titulo>
  </obra>
 </vencedor>
 <vencedor>
  <nome>Marco Antonio da Silva Mello</nome>
  <obra>
   <ano>2005</ano>
   <categoria>Obra Científica – Menção Honrosa</categoria>
   <titulo>Gente das areias: história, meio-ambiente e sociedade no litoral brasileiro, Marica – RJ – 1975 a 1995</titulo>
  </obra>
 </vencedor>
 <vencedor>
  <nome>Marco Antonio Perruso</nome>
  <obra>
   <ano>2010</ano>
   <categoria>Obra Científica – Menção Honrosa</categoria>
   <titulo>Em busca do novo: intelectuais brasileiros e movimentos populares nos anos 1970-80</titulo>
  </obra>
 </vencedor>
 <vencedor>
  <nome>Maria Laura Viveiros de Castro Cavalcanti</nome>
  <obra>
   <ano>2013</ano>
   <categoria>Obra Científica – Menção Honrosa</categoria>
   <titulo>Reconhecimentos. Antropologia, folclore e cultura popular</titulo>
  </obra>
 </vencedor>
 <vencedor>
  <nome>Mário Fuks</nome>
  <obra>
   <ano>2002</ano>
   <categoria>Obra Científica – Menção Honrosa</categoria>
   <titulo>Conflitos ambientais no Rio de Janeiro: ação e debate nas arenas públicas</titulo>
  </obra>
 </vencedor>
 <vencedor>
  <nome>Marta Arretche</nome>
  <obra>
   <ano>2013</ano>
   <categoria>Obra Científica – Menção Honrosa</categoria>
   <titulo>Democracia, federalismo e centralização no Brasil</titulo>
  </obra>
 </vencedor>
 <vencedor>
  <nome>Nadya Araújo Guimarães</nome>
  <obra>
   <ano>2005</ano>
   <categoria>Obra Científica – Menção Honrosa</categoria>
   <titulo>Caminhos cruzados: estratégias de empresas e trajetória de trabalhadores</titulo>
  </obra>
 </vencedor>
</ConcursosObrasCientificas>