<?xml version="1.0" ?>
<ConcursosFordAnpocs>
 <vencedor>
  <nome>Alberto Coelho Gomes Costa</nome>
  <ano>1984</ano>
 </vencedor>
 <vencedor>
  <nome>Albino Canelas Rubin</nome>
  <ano>1984</ano>
 </vencedor>
 <vencedor>
  <nome>Aloisio de F. Zamparette</nome>
  <ano>1988</ano>
 </vencedor>
 <vencedor>
  <nome>Amélia Cohn</nome>
  <ano>1984</ano>
 </vencedor>
 <vencedor>
  <nome>América Adriana Benedikt</nome>
  <ano>1986</ano>
 </vencedor>
 <vencedor>
  <nome>Ana Luiza B. M. Costa</nome>
  <ano>1985</ano>
 </vencedor>
 <vencedor>
  <nome>Ana Luiza Rocha de Moraes</nome>
  <ano>1984</ano>
 </vencedor>
 <vencedor>
  <nome>Ana Maria Lima Daou</nome>
  <ano>1986</ano>
 </vencedor>
 <vencedor>
  <nome>Ana Tereza L. Ramos</nome>
  <ano>1988</ano>
 </vencedor>
 <vencedor>
  <nome>Anamaria V. A. Libânio</nome>
  <ano>1985</ano>
 </vencedor>
 <vencedor>
  <nome>Antonio Augusto Pereira Prates</nome>
  <ano>1984</ano>
 </vencedor>
 <vencedor>
  <nome>Antonio Carlos de Souza Lima</nome>
  <ano>1984</ano>
  <ano>1984</ano>
 </vencedor>
 <vencedor>
  <nome>Antonio Luiz Paixão</nome>
  <ano>1985</ano>
 </vencedor>
 <vencedor>
  <nome>Antonio Sérgio Guimarães</nome>
  <ano>1986</ano>
 </vencedor>
 <vencedor>
  <nome>Arilza Nazareth Almeida</nome>
  <ano>1985</ano>
 </vencedor>
 <vencedor>
  <nome>Artur Ribeiro Neto</nome>
  <ano>1985</ano>
 </vencedor>
 <vencedor>
  <nome>Bárbara Freitag Rouanet</nome>
  <ano>1985</ano>
 </vencedor>
 <vencedor>
  <nome>Berenice M. Guimarães</nome>
  <ano>1988</ano>
 </vencedor>
 <vencedor>
  <nome>Carlos Arturi</nome>
  <ano>1984</ano>
 </vencedor>
 <vencedor>
  <nome>Carlos Fausto</nome>
  <ano>1988</ano>
 </vencedor>
 <vencedor>
  <nome>Carlos Sandroni</nome>
  <ano>1984</ano>
  <ano>1984</ano>
 </vencedor>
 <vencedor>
  <nome>Céli Regina Jardim Pinto</nome>
  <ano>1985</ano>
 </vencedor>
 <vencedor>
  <nome>Cláudio Chaves Beato Filho</nome>
  <ano>1985</ano>
 </vencedor>
 <vencedor>
  <nome>Daniel Aarão Reis Filho</nome>
  <ano>1985</ano>
 </vencedor>
 <vencedor>
  <nome>Delma Pessanha Neves</nome>
  <ano>1985</ano>
 </vencedor>
 <vencedor>
  <nome>Eder J. Carneiro</nome>
  <ano>1988</ano>
 </vencedor>
 <vencedor>
  <nome>Edmundo Campos Coelho</nome>
  <ano>1985</ano>
 </vencedor>
 <vencedor>
  <nome>Elaine Linhares de Assis Guerra</nome>
  <ano>1984</ano>
 </vencedor>
 <vencedor>
  <nome>Elizabeth Balbachevsky</nome>
  <ano>1986</ano>
 </vencedor>
 <vencedor>
  <nome>Fernanda Peixoto Massi</nome>
  <ano>1988</ano>
 </vencedor>
 <vencedor>
  <nome>Fernanda Sobral Benjamin</nome>
  <ano>1984</ano>
 </vencedor>
 <vencedor>
  <nome>Flávia I. Gonçalves de Moura</nome>
  <ano>1988</ano>
 </vencedor>
 <vencedor>
  <nome>George Avelino Filho</nome>
  <ano>1988</ano>
 </vencedor>
 <vencedor>
  <nome>Geraldo Romanelli</nome>
  <ano>1986</ano>
 </vencedor>
 <vencedor>
  <nome>Gilberto Azanha</nome>
  <ano>1988</ano>
 </vencedor>
 <vencedor>
  <nome>Helena Lucia Z. Tourinho</nome>
  <ano>1988</ano>
 </vencedor>
 <vencedor>
  <nome>Hélio Salles Gentil</nome>
  <ano>1986</ano>
 </vencedor>
 <vencedor>
  <nome>Hugo Rodolfo Lovisolo</nome>
  <ano>1984</ano>
 </vencedor>
 <vencedor>
  <nome>Iara Ferraz Carelli</nome>
  <ano>1988</ano>
 </vencedor>
 <vencedor>
  <nome>Jair Ferreira de Sá</nome>
  <ano>1984</ano>
 </vencedor>
 <vencedor>
  <nome>Jeani Martha Boabaid</nome>
  <ano>1984</ano>
 </vencedor>
 <vencedor>
  <nome>Jeni Vaitsman</nome>
  <ano>1984</ano>
 </vencedor>
 <vencedor>
  <nome>João Pacheco de Oliveira Filho</nome>
  <ano>1988</ano>
 </vencedor>
 <vencedor>
  <nome>Joelzito A. Araújo</nome>
  <ano>1988</ano>
 </vencedor>
 <vencedor>
  <nome>John WilkinsonFord</nome>
  <ano>1984</ano>
 </vencedor>
 <vencedor>
  <nome>Jorge Edgardo Sapia</nome>
  <ano>1985</ano>
 </vencedor>
 <vencedor>
  <nome>Jorge Luiz Nóvoa</nome>
  <ano>1986</ano>
 </vencedor>
 <vencedor>
  <nome>Jorge Osvaldo Romano</nome>
  <ano>1986</ano>
 </vencedor>
 <vencedor>
  <nome>José Antonio Lavareda</nome>
  <ano>1984</ano>
 </vencedor>
 <vencedor>
  <nome>José Celso Véras da Costa</nome>
  <ano>1986</ano>
 </vencedor>
 <vencedor>
  <nome>Júlio César Adiala</nome>
  <ano>1985</ano>
 </vencedor>
 <vencedor>
  <nome>Kazumi Munakata</nome>
  <ano>1985</ano>
 </vencedor>
 <vencedor>
  <nome>Laura Maria Goulart Duarte</nome>
  <ano>1986</ano>
 </vencedor>
 <vencedor>
  <nome>Leila M. C. Capella</nome>
  <ano>1985</ano>
 </vencedor>
 <vencedor>
  <nome>Lélia Gonzalez</nome>
  <ano>1984</ano>
 </vencedor>
 <vencedor>
  <nome>Letícia Julião</nome>
  <ano>1988</ano>
 </vencedor>
 <vencedor>
  <nome>Letícia Pinheiro</nome>
  <ano>1986</ano>
 </vencedor>
 <vencedor>
  <nome>Ligia Maria de Souza Dabul</nome>
  <ano>1984</ano>
 </vencedor>
 <vencedor>
  <nome>Lucia Helena de Oliveira Cunha</nome>
  <ano>1984</ano>
 </vencedor>
 <vencedor>
  <nome>Lucia M. M. de Andrade</nome>
  <ano>1988</ano>
 </vencedor>
 <vencedor>
  <nome>Luciana B. Jacoud</nome>
  <ano>1985</ano>
 </vencedor>
 <vencedor>
  <nome>Luciano Raposo Figueiredo</nome>
  <ano>1985</ano>
 </vencedor>
 <vencedor>
  <nome>Luís Ricardo Tavares</nome>
  <ano>1988</ano>
 </vencedor>
 <vencedor>
  <nome>Luís Roberto Salinas Fortes</nome>
  <ano>1984</ano>
 </vencedor>
 <vencedor>
  <nome>Marcelo Jaques Marinho</nome>
  <ano>1984</ano>
 </vencedor>
 <vencedor>
  <nome>Marcelo Siqueira Ridenti</nome>
  <ano>1986</ano>
 </vencedor>
 <vencedor>
  <nome>Márcia de Paula Leite</nome>
  <ano>1984</ano>
 </vencedor>
 <vencedor>
  <nome>Márcio Ferreira da Silva</nome>
  <ano>1986</ano>
 </vencedor>
 <vencedor>
  <nome>Marco Antonio da Silva</nome>
  <ano>1988</ano>
 </vencedor>
 <vencedor>
  <nome>Marcos Luís Bretas da Fonseca</nome>
  <ano>1984</ano>
 </vencedor>
 <vencedor>
  <nome>Marcus André B. C. de Mello</nome>
  <ano>1985</ano>
 </vencedor>
 <vencedor>
  <nome>Margareth de Almeida Gonçalves</nome>
  <ano>1986</ano>
 </vencedor>
 <vencedor>
  <nome>Maria Alice de Aguiar Medeiros</nome>
  <ano>1984</ano>
 </vencedor>
 <vencedor>
  <nome>Maria Bernedete de Carvalho</nome>
  <ano>1984</ano>
 </vencedor>
 <vencedor>
  <nome>Maria Cecília de Sousa Minayo</nome>
  <ano>1984</ano>
 </vencedor>
 <vencedor>
  <nome>Maria Coleta Oliveira</nome>
  <ano>1988</ano>
 </vencedor>
 <vencedor>
  <nome>Maria da Glória Bonelli</nome>
  <ano>1986</ano>
 </vencedor>
 <vencedor>
  <nome>Maria do Carmo C. de Souza</nome>
  <ano>1986</ano>
 </vencedor>
 <vencedor>
  <nome>Maria Inez Fernandes Motta</nome>
  <ano>1986</ano>
 </vencedor>
 <vencedor>
  <nome>Maria Lúcia C. Gitahy</nome>
  <ano>1988</ano>
 </vencedor>
 <vencedor>
  <nome>Maria Luiza Lins e Silva Pires</nome>
  <ano>1986</ano>
 </vencedor>
 <vencedor>
  <nome>Maria Luiza Peres da Costa</nome>
  <ano>1984</ano>
 </vencedor>
 <vencedor>
  <nome>Maria Lygia Quartim de Moraes</nome>
  <ano>1984</ano>
 </vencedor>
 <vencedor>
  <nome>Maria Tereza Sadek</nome>
  <ano>1985</ano>
 </vencedor>
 <vencedor>
  <nome>Mário Grynspan</nome>
  <ano>1985</ano>
 </vencedor>
 <vencedor>
  <nome>Mariza de Carvalho Soares</nome>
  <ano>1985</ano>
 </vencedor>
 <vencedor>
  <nome>Mariza Resende Afonso</nome>
  <ano>1985</ano>
 </vencedor>
 <vencedor>
  <nome>Marly Gonçalves da Silva</nome>
  <ano>1985</ano>
 </vencedor>
 <vencedor>
  <nome>Michel Agier</nome>
  <ano>1986</ano>
 </vencedor>
 <vencedor>
  <nome>Milton Lahuerta</nome>
  <ano>1984</ano>
 </vencedor>
 <vencedor>
  <nome>Miriam Regini Nutini</nome>
  <ano>1985</ano>
 </vencedor>
 <vencedor>
  <nome>Mirian Pillar Grossi</nome>
  <ano>1984</ano>
 </vencedor>
 <vencedor>
  <nome>Mônica Herz</nome>
  <ano>1988</ano>
 </vencedor>
 <vencedor>
  <nome>Myriam Martins Álvares</nome>
  <ano>1988</ano>
 </vencedor>
 <vencedor>
  <nome>Nabil G. Bonduki</nome>
  <ano>1985</ano>
 </vencedor>
 <vencedor>
  <nome>Nadya Araújo Castro</nome>
  <ano>1986</ano>
 </vencedor>
 <vencedor>
  <nome>Nanete Ávila da Silva</nome>
  <ano>1988</ano>
 </vencedor>
 <vencedor>
  <nome>Neuma Aguiar</nome>
  <ano>1985</ano>
 </vencedor>
 <vencedor>
  <nome>Odaci Luiz Coradini</nome>
  <ano>1985</ano>
  <ano>1985</ano>
 </vencedor>
 <vencedor>
  <nome>Olga Rodrigues de Moraes Von Simson</nome>
  <ano>1984</ano>
 </vencedor>
 <vencedor>
  <nome>Osvaldo Coggiola</nome>
  <ano>1984</ano>
 </vencedor>
 <vencedor>
  <nome>Patrícia BirmanFord</nome>
  <ano>1985</ano>
 </vencedor>
 <vencedor>
  <nome>Paulo Puterman</nome>
  <ano>1984</ano>
 </vencedor>
 <vencedor>
  <nome>Paulo Sergio Wrobel</nome>
  <ano>1985</ano>
 </vencedor>
 <vencedor>
  <nome>Regina Ângela Landin Bruno</nome>
  <ano>1986</ano>
 </vencedor>
 <vencedor>
  <nome>Regina Coeli Pinto Teixeira</nome>
  <ano>1986</ano>
 </vencedor>
 <vencedor>
  <nome>Ricardo Toledo Neder</nome>
  <ano>1986</ano>
 </vencedor>
 <vencedor>
  <nome>Ricardo Márcio Martins Alves</nome>
  <ano>1986</ano>
 </vencedor>
 <vencedor>
  <nome>Roque Aparecido da Silva</nome>
  <ano>1986</ano>
 </vencedor>
 <vencedor>
  <nome>Rosane Manhães Prado</nome>
  <ano>1986</ano>
 </vencedor>
 <vencedor>
  <nome>Rosângela de Araújo</nome>
  <ano>1986</ano>
 </vencedor>
 <vencedor>
  <nome>Rubem Thomaz de Almeida</nome>
  <ano>1984</ano>
 </vencedor>
 <vencedor>
  <nome>Russel Parry Scott</nome>
  <ano>1984</ano>
 </vencedor>
 <vencedor>
  <nome>Sérgio Fausto</nome>
  <ano>1988</ano>
 </vencedor>
 <vencedor>
  <nome>Sérgio Costa</nome>
  <ano>1988</ano>
 </vencedor>
 <vencedor>
  <nome>Sérgio Luís Carrara</nome>
  <ano>1985</ano>
 </vencedor>
 <vencedor>
  <nome>Silvia Maria Manfredi</nome>
  <ano>1988</ano>
 </vencedor>
 <vencedor>
  <nome>Silvio Mendes Zanchett</nome>
  <ano>1985</ano>
 </vencedor>
 <vencedor>
  <nome>Sirlei Aparecida Silveira Souza</nome>
  <ano>1986</ano>
 </vencedor>
 <vencedor>
  <nome>Sonia Regina Martins</nome>
  <ano>1984</ano>
 </vencedor>
 <vencedor>
  <nome>Stephen Grant Baines</nome>
  <ano>1986</ano>
 </vencedor>
 <vencedor>
  <nome>Telma Maria G. Minicucci</nome>
  <ano>1988</ano>
 </vencedor>
 <vencedor>
  <nome>Ubiratan Castro de Araújo</nome>
  <ano>1986</ano>
 </vencedor>
 <vencedor>
  <nome>Valcir Bispo dos Santos</nome>
  <ano>1984</ano>
 </vencedor>
 <vencedor>
  <nome>Vital Pasquarelli Junior</nome>
  <ano>1988</ano>
 </vencedor>
 <vencedor>
  <nome>Waldir Cauvilla</nome>
  <ano>1986</ano>
 </vencedor>
 <vencedor>
  <nome>Walzi C. Sampaio da Silva</nome>
  <ano>1985</ano>
 </vencedor>
 <vencedor>
  <nome>Wilma C. Mangabeira</nome>
  <ano>1985</ano>
 </vencedor>
 <vencedor>
  <nome>Yvonne Maggie</nome>
  <ano>1985</ano>
 </vencedor>
 <vencedor>
  <nome>Zélia Milanez Seiblitz</nome>
  <ano>1984</ano>
  <ano>1984</ano>
 </vencedor>
 <vencedor>
  <nome>Antonella Maria Imperatriz Tassinari</nome>
  <ano>1993</ano>
 </vencedor>
 <vencedor>
  <nome>Carlos Frederico Lucio</nome>
  <ano>1993</ano>
 </vencedor>
 <vencedor>
  <nome>Cátia Aida Pereira da Silva</nome>
  <ano>1993</ano>
 </vencedor>
 <vencedor>
  <nome>Débora Stucchi</nome>
  <ano>1993</ano>
 </vencedor>
 <vencedor>
  <nome>Edilene Coffaci de Lima</nome>
  <ano>1993</ano>
 </vencedor>
 <vencedor>
  <nome>Elisa O. Giacobbo</nome>
  <ano>1993</ano>
 </vencedor>
 <vencedor>
  <nome>Esther Império Hamburger</nome>
  <ano>1993</ano>
 </vencedor>
 <vencedor>
  <nome>Gláucia de Oliveira Assis</nome>
  <ano>1993</ano>
 </vencedor>
 <vencedor>
  <nome>Grasiela Lima</nome>
  <ano>1993</ano>
 </vencedor>
 <vencedor>
  <nome>Gustavo Sorá</nome>
  <ano>1993</ano>
 </vencedor>
 <vencedor>
  <nome>Jairo Cesar Marconi Nicolau</nome>
  <ano>1993</ano>
 </vencedor>
 <vencedor>
  <nome>José Henrique Goifman</nome>
  <ano>1993</ano>
 </vencedor>
 <vencedor>
  <nome>Lúcia A. Pedreira</nome>
  <ano>1993</ano>
 </vencedor>
 <vencedor>
  <nome>Lúcia Helena Alves Müller</nome>
  <ano>1993</ano>
 </vencedor>
 <vencedor>
  <nome>Luís Donisete Benzi Grupioni</nome>
  <ano>1993</ano>
 </vencedor>
 <vencedor>
  <nome>Luiz Henrique de Toledo</nome>
  <ano>1993</ano>
 </vencedor>
 <vencedor>
  <nome>Marcus André Melo</nome>
  <ano>1993</ano>
 </vencedor>
 <vencedor>
  <nome>Maria Gabriella Scotto</nome>
  <ano>1993</ano>
 </vencedor>
 <vencedor>
  <nome>Monica Mata Machado de Castro</nome>
  <ano>1993</ano>
 </vencedor>
 <vencedor>
  <nome>Nelson Rosário de Souza</nome>
  <ano>1993</ano>
 </vencedor>
 <vencedor>
  <nome>Nilson do Rosário Costa</nome>
  <ano>1993</ano>
 </vencedor>
 <vencedor>
  <nome>Paulo Alberto Silveira Lopes</nome>
  <ano>1993</ano>
 </vencedor>
 <vencedor>
  <nome>Rátia Romera Suffert</nome>
  <ano>1993</ano>
 </vencedor>
 <vencedor>
  <nome>Ricardo Verdum</nome>
  <ano>1993</ano>
 </vencedor>
 <vencedor>
  <nome>Rita de Cássia Lahoz Morelli</nome>
  <ano>1993</ano>
 </vencedor>
 <vencedor>
  <nome>Rita Heloisa de Almeida</nome>
  <ano>1993</ano>
 </vencedor>
 <vencedor>
  <nome>Rosane M. Prado</nome>
  <ano>1993</ano>
 </vencedor>
 <vencedor>
  <nome>Rosalina S. Oliveira</nome>
  <ano>1993</ano>
 </vencedor>
 <vencedor>
  <nome>Sérgio Costa</nome>
  <ano>1993</ano>
 </vencedor>
 <vencedor>
  <nome>Sergio Schneider</nome>
  <ano>1993</ano>
 </vencedor>
 <vencedor>
  <nome>Sheila dos Santos Brasileiro</nome>
  <ano>1993</ano>
 </vencedor>
 <vencedor>
  <nome>Vivian Flanzer</nome>
  <ano>1993</ano>
 </vencedor>
 <vencedor>
  <nome>Zulmira Borges</nome>
  <ano>1993</ano>
 </vencedor>
 <vencedor>
  <nome>Adriana de Resende Barreto Vianna</nome>
  <ano>1994</ano>
 </vencedor>
 <vencedor>
  <nome>Aloisio Cabalzar Filho</nome>
  <ano>1994</ano>
 </vencedor>
 <vencedor>
  <nome>Beatriz Morem da Costa</nome>
  <ano>1994</ano>
 </vencedor>
 <vencedor>
  <nome>Denise Reif Kroeff</nome>
  <ano>1994</ano>
 </vencedor>
 <vencedor>
  <nome>Eduardo Carrara</nome>
  <ano>1994</ano>
 </vencedor>
 <vencedor>
  <nome>Emerson Alessandro Giumbelli</nome>
  <ano>1994</ano>
 </vencedor>
 <vencedor>
  <nome>Fabíola Rohdem</nome>
  <ano>1994</ano>
 </vencedor>
 <vencedor>
  <nome>Fernanda Costa Corezola</nome>
  <ano>1994</ano>
 </vencedor>
 <vencedor>
  <nome>Flora Freire Dente da Silva Dias</nome>
  <ano>1994</ano>
 </vencedor>
 <vencedor>
  <nome>Guilherme Martins de Macedo</nome>
  <ano>1994</ano>
 </vencedor>
 <vencedor>
  <nome>Heloísa Buarque de Almeida</nome>
  <ano>1994</ano>
 </vencedor>
 <vencedor>
  <nome>John Cunha Comerford</nome>
  <ano>1994</ano>
 </vencedor>
 <vencedor>
  <nome>Joana Domingues Vargas</nome>
  <ano>1994</ano>
 </vencedor>
 <vencedor>
  <nome>Jonatas Silva Menezes</nome>
  <ano>1994</ano>
 </vencedor>
 <vencedor>
  <nome>José Luis Sandino M.</nome>
  <ano>1994</ano>
 </vencedor>
 <vencedor>
  <nome>José Maurício Andion Arruti</nome>
  <ano>1994</ano>
 </vencedor>
 <vencedor>
  <nome>Louis Herns Marcelin</nome>
  <ano>1994</ano>
 </vencedor>
 <vencedor>
  <nome>Ludmila da Silva Catella</nome>
  <ano>1994</ano>
 </vencedor>
 <vencedor>
  <nome>Maria Cristina Rocha Barreto</nome>
  <ano>1994</ano>
 </vencedor>
 <vencedor>
  <nome>Maria Elisa A. Brandt</nome>
  <ano>1994</ano>
 </vencedor>
 <vencedor>
  <nome>Moema de Poli Teixeira</nome>
  <ano>1994</ano>
 </vencedor>
 <vencedor>
  <nome>Nadilson Manoel da Silva</nome>
  <ano>1994</ano>
 </vencedor>
 <vencedor>
  <nome>Nuno Fernando Fróes Godolphim</nome>
  <ano>1994</ano>
 </vencedor>
 <vencedor>
  <nome>Omar Ribeiro Thomaz</nome>
  <ano>1994</ano>
 </vencedor>
 <vencedor>
  <nome>Paul E. Little</nome>
  <ano>1994</ano>
 </vencedor>
 <vencedor>
  <nome>Rosângela Pezza Cintrão</nome>
  <ano>1994</ano>
 </vencedor>
 <vencedor>
  <nome>Stela Azevedo de Abreu</nome>
  <ano>1994</ano>
 </vencedor>
 <vencedor>
  <nome>Adriana de Resende B. Vianna</nome>
  <ano>1995</ano>
 </vencedor>
 <vencedor>
  <nome>Alcides Fernando Gussi</nome>
  <ano>1995</ano>
 </vencedor>
 <vencedor>
  <nome>Antonio Sérgio Carvalho Rocha</nome>
  <ano>1995</ano>
 </vencedor>
 <vencedor>
  <nome>Carla Costa Teixeira</nome>
  <ano>1995</ano>
 </vencedor>
 <vencedor>
  <nome>Domingos Ap. Bueno da Silva</nome>
  <ano>1995</ano>
 </vencedor>
 <vencedor>
  <nome>Eduardo Cesar Marques</nome>
  <ano>1995</ano>
 </vencedor>
 <vencedor>
  <nome>Edmundo Antonio Peggion</nome>
  <ano>1995</ano>
 </vencedor>
 <vencedor>
  <nome>Elisa Guaraná de Castro</nome>
  <ano>1995</ano>
 </vencedor>
 <vencedor>
  <nome>Eugênia Vasconcelos Paim Cunha</nome>
  <ano>1995</ano>
 </vencedor>
 <vencedor>
  <nome>Eunápio Dutra do Carmo</nome>
  <ano>1995</ano>
 </vencedor>
 <vencedor>
  <nome>Fernanda Bittencurt Ribeiro</nome>
  <ano>1995</ano>
 </vencedor>
 <vencedor>
  <nome>Fernando Antonio Pinheiro Filho</nome>
  <ano>1995</ano>
 </vencedor>
 <vencedor>
  <nome>Jairo Queiroz Pacheco</nome>
  <ano>1995</ano>
 </vencedor>
 <vencedor>
  <nome>José Luís de Amorim Ratton Jr.</nome>
  <ano>1995</ano>
 </vencedor>
 <vencedor>
  <nome>Lea Carvalho Rodrigues</nome>
  <ano>1995</ano>
 </vencedor>
 <vencedor>
  <nome>Letícia Rangel Tura</nome>
  <ano>1995</ano>
 </vencedor>
 <vencedor>
  <nome>Lier Pires Ferreira Jr.</nome>
  <ano>1995</ano>
 </vencedor>
 <vencedor>
  <nome>Luciano Nunes Padrão</nome>
  <ano>1995</ano>
 </vencedor>
 <vencedor>
  <nome>Luis Eduardo Barros Galvão</nome>
  <ano>1995</ano>
 </vencedor>
 <vencedor>
  <nome>Lygia Baptista Pereira Segala Pauletto Beraba</nome>
  <ano>1995</ano>
 </vencedor>
 <vencedor>
  <nome>Marcela Stockler Coelho de Souza</nome>
  <ano>1995</ano>
 </vencedor>
 <vencedor>
  <nome>Marcos  Otávio Bezerra</nome>
  <ano>1995</ano>
 </vencedor>
 <vencedor>
  <nome>Marcus Andre B. C. de Melo</nome>
  <ano>1995</ano>
 </vencedor>
 <vencedor>
  <nome>Maria Lucia Bueno Coelho de Paula</nome>
  <ano>1995</ano>
 </vencedor>
 <vencedor>
  <nome>Moacir G.S. Palmeira</nome>
  <ano>1995</ano>
 </vencedor>
 <vencedor>
  <nome>Olívia Maria Gomes da Cunha</nome>
  <ano>1995</ano>
 </vencedor>
 <vencedor>
  <nome>Osmundo de Araujo Pinho</nome>
  <ano>1995</ano>
 </vencedor>
 <vencedor>
  <nome>Ricardo Corrêa Coelho</nome>
  <ano>1995</ano>
 </vencedor>
 <vencedor>
  <nome>Sergio de Azevedo</nome>
  <ano>1995</ano>
 </vencedor>
 <vencedor>
  <nome>Silvia Maria Montenegro</nome>
  <ano>1995</ano>
 </vencedor>
 <vencedor>
  <nome>Valcir Bispo Santos</nome>
  <ano>1995</ano>
 </vencedor>
 <vencedor>
  <nome>Wilson José Ferreira de Oliveira</nome>
  <ano>1995</ano>
 </vencedor>
 <vencedor>
  <nome>Adilson Marques Gennari</nome>
  <ano>1996</ano>
 </vencedor>
 <vencedor>
  <nome>Aureo Eduardo M. Ribeiro</nome>
  <ano>1996</ano>
 </vencedor>
 <vencedor>
  <nome>Carmen Lucia da Silva</nome>
  <ano>1996</ano>
 </vencedor>
 <vencedor>
  <nome>Carmen Silvia Fullin</nome>
  <ano>1996</ano>
 </vencedor>
 <vencedor>
  <nome>Cristiane de A. Lucena Carneiro</nome>
  <ano>1996</ano>
 </vencedor>
 <vencedor>
  <nome>José Augusto Pádua</nome>
  <ano>1996</ano>
 </vencedor>
 <vencedor>
  <nome>Leandro Piquet Carneiro</nome>
  <ano>1996</ano>
 </vencedor>
 <vencedor>
  <nome>Luiz Antonio Cruz Caroso</nome>
  <ano>1996</ano>
 </vencedor>
 <vencedor>
  <nome>Maria Conceição de Oliveira</nome>
  <ano>1996</ano>
 </vencedor>
 <vencedor>
  <nome>Maria Denise Fajardo Pereira</nome>
  <ano>1996</ano>
 </vencedor>
 <vencedor>
  <nome>Marildo José Nercolini</nome>
  <ano>1996</ano>
 </vencedor>
 <vencedor>
  <nome>Mirela Berger</nome>
  <ano>1996</ano>
 </vencedor>
 <vencedor>
  <nome>Nadya Araujo Castro</nome>
  <ano>1996</ano>
 </vencedor>
 <vencedor>
  <nome>Pedro Meira Monteiro</nome>
  <ano>1996</ano>
 </vencedor>
 <vencedor>
  <nome>Rubem César Fernandes</nome>
  <ano>1996</ano>
 </vencedor>
 <vencedor>
  <nome>Santuza Cambraia Naves Ribeiro</nome>
  <ano>1996</ano>
 </vencedor>
 <vencedor>
  <nome>Virginia Fabiano da Conceição Filha</nome>
  <ano>1996</ano>
 </vencedor>
 <vencedor>
  <nome>William Nazaré Guimarães Gama</nome>
  <ano>1996</ano>
 </vencedor>
 <vencedor>
  <nome>Ana Cláudia Cruz da Silva</nome>
  <ano>1997</ano>
 </vencedor>
 <vencedor>
  <nome>André Amaral de Toral</nome>
  <ano>1997</ano>
 </vencedor>
 <vencedor>
  <nome>André Pires</nome>
  <ano>1997</ano>
 </vencedor>
 <vencedor>
  <nome>Eduardo Garuti Noronha</nome>
  <ano>1997</ano>
 </vencedor>
 <vencedor>
  <nome>Gustavo Alejandro Sorá</nome>
  <ano>1997</ano>
 </vencedor>
 <vencedor>
  <nome>Helen D. Gonçalves da Silva</nome>
  <ano>1997</ano>
 </vencedor>
 <vencedor>
  <nome>Henyo Trindade Barreto Filho</nome>
  <ano>1997</ano>
 </vencedor>
 <vencedor>
  <nome>Ilse Scherer-Warren</nome>
  <ano>1997</ano>
 </vencedor>
 <vencedor>
  <nome>José A. Guilhon Albuquerque</nome>
  <ano>1997</ano>
 </vencedor>
 <vencedor>
  <nome>Leonardo Avritzer</nome>
  <ano>1997</ano>
 </vencedor>
 <vencedor>
  <nome>Luiz Carlos Jackson</nome>
  <ano>1997</ano>
 </vencedor>
 <vencedor>
  <nome>Márcia Thereza Cavalcanti Couto</nome>
  <ano>1997</ano>
 </vencedor>
 <vencedor>
  <nome>Regina Abreu</nome>
  <ano>1997</ano>
 </vencedor>
 <vencedor>
  <nome>Ricardo Cid Fernandes</nome>
  <ano>1997</ano>
 </vencedor>
 <vencedor>
  <nome>Rita de Cássia de Mello Peixoto Amaral</nome>
  <ano>1997</ano>
 </vencedor>
 <vencedor>
  <nome>Sérgio Costa</nome>
  <ano>1997</ano>
 </vencedor>
 <vencedor>
  <nome>Sergio Schneider</nome>
  <ano>1997</ano>
 </vencedor>
 <vencedor>
  <nome>Suzineide Rodrigues de Medeiros</nome>
  <ano>1997</ano>
 </vencedor>
</ConcursosFordAnpocs>