<?xml version="1.0" ?>
<ConcursoPaineis>
 <vencedor>
  <nomevencedor>Adriano Márcio Januário</nomevencedor>
  <instituicao>UNICAMP</instituicao>
  <ano>2014</ano>
  <painel>A nova classe trabalhadora e a expansão da escola privada das periferias da Cidade de São Paulo</painel>
 </vencedor>
 <vencedor>
  <nomevencedor>Aline Bruni Pereira Gomes</nomevencedor>
  <instituicao>UFMG</instituicao>
  <ano>2014</ano>
  <painel>A França de Marine Le Pen: Diferenças departamentais do voto frente nacional nas eleições presidenciais em 2012</painel>
 </vencedor>
 <vencedor>
  <nomevencedor>Jonas Medeiros</nomevencedor>
  <instituicao>UNICAMP</instituicao>
  <ano>2014</ano>
  <painel>A nova classe trabalhadora e a expansão da escola privada das periferias da Cidade de São Paulo</painel>
 </vencedor>
 <vencedor>
  <nomevencedor>Lila Almendra Praça de Carvalho</nomevencedor>
  <instituicao>UFRRJ</instituicao>
  <ano>2014</ano>
  <painel>Frutos da Colonia Penedo</painel>
 </vencedor>
 <vencedor>
  <nomevencedor>Matheus Benassuly Maués de Medeiros</nomevencedor>
  <instituicao>UFF</instituicao>
  <ano>2015</ano>
  <painel>O caderno de Lúcio: resistência cotidiana frente à barragem de Belo Monte</painel>
 </vencedor>
 <vencedor>
  <nomevencedor>Ricardo Framil Filho</nomevencedor>
  <instituicao>USP</instituicao>
  <ano>2015</ano>
  <painel>Redes Sindicais em empresas transnacionais: a experiência brasileira</painel>
 </vencedor>
 <vencedor>
  <nomevencedor>Paulo Henrique Paschoeto Cassimiro</nomevencedor>
  <instituicao>UERJ</instituicao>
  <ano>2015</ano>
  <painel>A inevitável liberdade dos modernos: República e Liberalismo no pensamento político da Revolução Francesa</painel>
 </vencedor>
</ConcursoPaineis>