<?xml version="1.0" ?>
<conferencistas>
 <conferencista>
  <nome>Aaron Ciccourel</nome>
  <instituicao>University of California</instituicao>
  <conferencia>
   Estructura social, interacción social, y procesos cognitivos como niveles de re-descripcion
   <ano>2006</ano>
  </conferencia>
 </conferencista>
 <conferencista>
  <nome>Adam Przeworski</nome>
  <instituicao>University of Chicago</instituicao>
  <conferencia>
   State and Economy
   <ano>1995</ano>
  </conferencia>
  <conferencia>
   Estudos Comparativos e os Rumos das Ciências Sociais
   <ano>1987</ano>
  </conferencia>
 </conferencista>
 <conferencista>
  <nome>Adebayo Olukoshi</nome>
  <instituicao>CODESRIA</instituicao>
  <conferencia>
   How not to Teach Africa outside of Africa
   <ano>2003</ano>
  </conferencia>
 </conferencista>
 <conferencista>
  <nome>Alain Caillé</nome>
  <instituicao>Université Paris Ouest Nanterre La Défense</instituicao>
  <conferencia>
   Which Future for Social Theory? The gift paradigm and convivialism
   <ano>2014</ano>
  </conferencia>
 </conferencista>
 <conferencista>
  <nome>Alice Rangel de Paiva Abreu</nome>
  <instituicao>CNPq</instituicao>
  <conferencia>
   As ciências sociais no século do conhecimento: algumas reflexões sobre o CNPq e a nova conjuntura de fomento à pesquisa no Brasil
   <ano>2001</ano>
  </conferencia>
 </conferencista>
 <conferencista>
  <nome>Andrew Arato</nome>
  <instituicao>New School for Social Research</instituicao>
  <conferencia>
   Civil Society: Theoretical Doubts and Directions for Research
   <ano>1994</ano>
  </conferencia>
 </conferencista>
 <conferencista>
  <nome>Andrew Hurrell</nome>
  <instituicao>University of Oxford</instituicao>
  <conferencia>
   Além dos BRICSs: Teoria das Relações Internacionais em uma Era Global
   <ano>2013</ano>
  </conferencia>
 </conferencista>
 <conferencista>
  <nome>António Firmino da Costa</nome>
  <instituicao>Instituto Universitário de Lisboa</instituicao>
  <conferencia>
   Identidades culturais urbanas em época de globalização: pesquisa e problematização
   <ano>2001</ano>
  </conferencia>
 </conferencista>
 <conferencista>
  <nome>Arne L. Kalleberg</nome>
  <instituicao>University of North Carolina</instituicao>
  <conferencia>
   Precarious Work, Insecure Workers: a Global Challenge
   <ano>2008</ano>
  </conferencia>
 </conferencista>
 <conferencista>
  <nome>Asef Bayat</nome>
  <instituicao>The American University in Cairo/ Universidade de Leiden</instituicao>
  <conferencia>
   The Exceptional Muslims? Notes to the Dynamics on the Contemporary Muslim Societies
   <ano>2003</ano>
  </conferencia>
 </conferencista>
 <conferencista>
  <nome>Aspásia Camargo</nome>
  <instituicao>IPEA</instituicao>
  <conferencia>
   A reforma do Estado e o papel da intelligentsia
   <ano>1994</ano>
  </conferencia>
 </conferencista>
 <conferencista>
  <nome>Azis Ab’Saber</nome>
  <instituicao>USP</instituicao>
  <conferencia>
   Meio ambiente e sociedade: um balanço da década de 80 no Brasil
   <ano>1988</ano>
  </conferencia>
 </conferencista>
 <conferencista>
  <nome>Bernard Lahire</nome>
  <instituicao>École Normale Supérieure de Lyon</instituicao>
  <conferencia>
   Sociologie française contemporaine: prolongements critiques du travail sociologique de Pierre Bourdieu
   <ano>2003</ano>
  </conferencia>
 </conferencista>
 <conferencista>
  <nome>Bernard Manin</nome>
  <instituicao>University of Chicago</instituicao>
  <conferencia>
   Democratic Accountability: an institutional perspective
   <ano>1995</ano>
  </conferencia>
 </conferencista>
 <conferencista>
  <nome>Brackette Williams</nome>
  <instituicao>University of Montana &amp; University of Arizona</instituicao>
  <conferencia>
   Reigning’ in barbarians: classification processes for imperialist discipline
   <ano>2007</ano>
  </conferencia>
  <conferencia>
   Scapegoat Classification: Moral Order and Signs of Blackness and Conquest
   <ano>1999</ano>
  </conferencia>
 </conferencista>
 <conferencista>
  <nome>Bryan Roberts</nome>
  <instituicao>University of Texas at Austin</instituicao>
  <conferencia>
   Citizenship and Policy in Latin America
   <ano>1996</ano>
  </conferencia>
 </conferencista>
 <conferencista>
  <nome>Bryant Garth</nome>
  <instituicao>American Bar Foundation</instituicao>
  <conferencia>
   The Internationalization of Palace Wars: Lawyers
   <ano>1999</ano>
  </conferencia>
  <conferencia>
   Economists and the International Construction of the State -2000
   <ano>1960</ano>
  </conferencia>
 </conferencista>
 <conferencista>
  <nome>Carlos Altamirano</nome>
  <instituicao>Universidad de Buenos Aires</instituicao>
  <conferencia>
   Los comienzos de la ‘ciencia social’ em la Argentina
   <ano>2004</ano>
  </conferencia>
 </conferencista>
 <conferencista>
  <nome>Celso Lafer</nome>
  <instituicao>USP</instituicao>
  <conferencia>
   NA
   <ano>2012</ano>
  </conferencia>
 </conferencista>
 <conferencista>
  <nome>Charles Briggs</nome>
  <instituicao>University of California &amp; San Diego</instituicao>
  <conferencia>
   Can Anthropologists Talk Back to Bush? Cultural Critique and Global Inequalities in North American Anthropology
   <ano>2004</ano>
  </conferencia>
 </conferencista>
 <conferencista>
  <nome>Charles R. Hale</nome>
  <instituicao>University of Texas</instituicao>
  <conferencia>
   Histórias americanas das antropologias engajadas: reflexões relacionais entre Brasil, México e os Estados Unidos
   <ano>2014</ano>
  </conferencia>
 </conferencista>
 <conferencista>
  <nome>Christina Toren</nome>
  <instituicao>Saint Andrews University</instituicao>
  <conferencia>
   Towards a unified model of human being: confronting issues in anthropology and psychology
   <ano>2011</ano>
  </conferencia>
 </conferencista>
 <conferencista>
  <nome>Constanza Moreira</nome>
  <instituicao>Universidad de la Republica</instituicao>
  <conferencia>
   Partidos y gobiernos en disputa: Balance de la última década democrática en América Latina
   <ano>2015</ano>
  </conferencia>
 </conferencista>
 <conferencista>
  <nome>Craig Calhoun</nome>
  <instituicao>SSRC</instituicao>
  <conferencia>
   NA
   <ano>2010</ano>
  </conferencia>
 </conferencista>
 <conferencista>
  <nome>David Lehmann</nome>
  <instituicao>University of Cambridge</instituicao>
  <conferencia>
   Multiculturalismo e interculturalidade
   <ano>2008</ano>
  </conferencia>
 </conferencista>
 <conferencista>
  <nome>David Maybury-Lewis</nome>
  <instituicao>Harvard University</instituicao>
  <conferencia>
   Anthropology in an Age of Confusion
   <ano>2001</ano>
  </conferencia>
 </conferencista>
 <conferencista>
  <nome>David Stark</nome>
  <instituicao>Cornell University</instituicao>
  <conferencia>
   Enabling Constraints: Institutional Sources of Policy Coherence in Postsocialism
   <ano>1997</ano>
  </conferencia>
 </conferencista>
 <conferencista>
  <nome>Dietmar Herz</nome>
  <instituicao>University of Erfurt</instituicao>
  <conferencia>
   War in Iraq
   <ano>2007</ano>
  </conferencia>
 </conferencista>
 <conferencista>
  <nome>Eliot Freidson</nome>
  <instituicao>University of California/ São Francisco</instituicao>
  <conferencia>
   A Framework for the Comparative Study of Professions
   <ano>1995</ano>
  </conferencia>
 </conferencista>
 <conferencista>
  <nome>Elisa Reis</nome>
  <instituicao>UFRJ</instituicao>
  <conferencia>
   As ciências sociais e o “bug” do milênio
   <ano>1998</ano>
  </conferencia>
 </conferencista>
 <conferencista>
  <nome>Enzo Pace</nome>
  <instituicao>Università di Padova</instituicao>
  <conferencia>
   Narrar Dios. Religión y comunicación segundo la teoria de los sistemas
   <ano>2008</ano>
  </conferencia>
 </conferencista>
 <conferencista>
  <nome>Fernando Henrique Cardoso</nome>
  <instituicao>USP</instituicao>
  <conferencia>
   Dilemas do Parlamentarismo
   <ano>1991</ano>
  </conferencia>
 </conferencista>
 <conferencista>
  <nome>Francisco Weffort</nome>
  <instituicao>USP</instituicao>
  <conferencia>
   Brasil: democracia e corporativismo
   <ano>2007</ano>
  </conferencia>
 </conferencista>
 <conferencista>
  <nome>Geert Bank</nome>
  <instituicao>CEDLA</instituicao>
  <conferencia>
   Memórias e tradições. Cultura Política Brasil x Holanda
   <ano>2007</ano>
  </conferencia>
 </conferencista>
 <conferencista>
  <nome>Gilbert Achcar</nome>
  <instituicao> University of London</instituicao>
  <conferencia>
   Roots and dynamics of the  revolutionary upheaval in the middle east and north Africa
   <ano>2011</ano>
  </conferencia>
 </conferencista>
 <conferencista>
  <nome>Gilberto Velho</nome>
  <instituicao>UFRJ</instituicao>
  <conferencia>
   Violência e Cultura
   <ano>1996</ano>
  </conferencia>
 </conferencista>
 <conferencista>
  <nome>Gisèle Sapiro</nome>
  <instituicao>EHESS</instituicao>
  <conferencia>
   Os processos literários e a construção da imagem do intelectual engajado
   <ano>2012</ano>
  </conferencia>
 </conferencista>
 <conferencista>
  <nome>Guy Stannding</nome>
  <instituicao>International Labour Organization</instituicao>
  <conferencia>
   Overcoming Global Insecurity: Towards a Strategy
   <ano>2000</ano>
  </conferencia>
 </conferencista>
 <conferencista>
  <nome>Hauke Brunkhorst</nome>
  <instituicao>Flensburg University</instituicao>
  <conferencia>
   Democracia sob pressão: o retorno da dialética do esclarecimento na sociedade mundial
   <ano>2009</ano>
  </conferencia>
 </conferencista>
 <conferencista>
  <nome>Helio Jaguaribe</nome>
  <instituicao>IEPS</instituicao>
  <conferencia>
   O atual problema de desenvolvimento para o Brasil
   <ano>2005</ano>
  </conferencia>
 </conferencista>
 <conferencista>
  <nome>Huw Beynon</nome>
  <instituicao>University of Manchester</instituicao>
  <conferencia>
   The Destruction of the British Working Class?
   <ano>1994</ano>
  </conferencia>
 </conferencista>
 <conferencista>
  <nome>Jacques Godbout</nome>
  <instituicao>Université du Quebec</instituicao>
  <conferencia>
   Le modèle du don
   <ano>1997</ano>
  </conferencia>
 </conferencista>
 <conferencista>
  <nome>James Gordon Ferguson III</nome>
  <instituicao>University of Stanford</instituicao>
  <conferencia>
   What comes after the social? Toward a New Anthropology of Distribtion
   <ano>2010</ano>
  </conferencia>
 </conferencista>
 <conferencista>
  <nome>Jean Comaroff</nome>
  <instituicao>Harvard University</instituicao>
  <conferencia>
   O retorno do KHULEKANI KHUMALO, preso pelos zumbis: Identidade, Lei, e Paradoxos da individualidade no Pós-colonialismo
   <ano>2013</ano>
  </conferencia>
 </conferencista>
 <conferencista>
  <nome>Jean Leca</nome>
  <instituicao>Fondation Nationale des Sciences Politiques</instituicao>
  <conferencia>
   Types de pluralismes et la viabilité de la démocratie
   <ano>1994</ano>
  </conferencia>
 </conferencista>
 <conferencista>
  <nome>Jeffrey C. Alexander</nome>
  <instituicao>University of California/ Los Angeles</instituicao>
  <conferencia>
   Civil Society between Difference and Solidarity
   <ano>1997</ano>
  </conferencia>
 </conferencista>
 <conferencista>
  <nome>João de Pina-Cabral</nome>
  <instituicao>Universidade de Lisboa</instituicao>
  <conferencia>
   O diabo e o dilema brasileiro: uma perspectiva anticesurista
   <ano>2007</ano>
  </conferencia>
 </conferencista>
 <conferencista>
  <nome>John Elster</nome>
  <instituicao>University of Chicago</instituicao>
  <conferencia>
   Racionalidade e Normas Sociais
   <ano>1989</ano>
  </conferencia>
 </conferencista>
 <conferencista>
  <nome>John Ferejohn</nome>
  <instituicao>Stanford University</instituicao>
  <conferencia>
   Rational Choice Theory in Political Science
   <ano>2000</ano>
  </conferencia>
 </conferencista>
 <conferencista>
  <nome>Jorge Almeida Guimarães</nome>
  <instituicao>CAPES</instituicao>
  <conferencia>
   A nova CAPES
   <ano>2007</ano>
  </conferencia>
 </conferencista>
 <conferencista>
  <nome>José Galizia Tundsi</nome>
  <instituicao>CNPq</instituicao>
  <conferencia>
   CNPq - avaliação, presente e futuro
   <ano>1995</ano>
  </conferencia>
 </conferencista>
 <conferencista>
  <nome>Joshua Cohen</nome>
  <instituicao>MIT</instituicao>
  <conferencia>
   Can Egalitarianism Survive Internationalization?
   <ano>1999</ano>
  </conferencia>
 </conferencista>
 <conferencista>
  <nome>Klaus Eder</nome>
  <instituicao>Humboldt University</instituicao>
  <conferencia>
   Collective Identities and Identity Mobilization,
   <ano>2002</ano>
  </conferencia>
  <conferencia>
   Can the Nation-State Still Tame or Be Tamed by Collective Sentiments?,
   <ano>2001</ano>
  </conferencia>
 </conferencista>
 <conferencista>
  <nome>Loic Wacquant</nome>
  <instituicao>University of California &amp; Berkeley &amp; Harvard University</instituicao>
  <conferencia>
   Carnal Knowledge: toward an Embodied Theory of Social Action
   <ano>1995</ano>
  </conferencia>
  <conferencia>
   The Return of the Repressed: Urban Violence
   <ano>1995</ano>
  </conferencia>
  <conferencia>
   “Race” and Dualization in the Advanced Societies
   <ano>1993</ano>
  </conferencia>
 </conferencista>
 <conferencista>
  <nome>Lucas Meldolesi</nome>
  <instituicao>Università di Napoli</instituicao>
  <conferencia>
   Problemi di riforma dello Stato: crimine, corruzione, parassitismo, imbroglio. Il caso italiano: successi e lezioni
   <ano>1993</ano>
  </conferencia>
 </conferencista>
 <conferencista>
  <nome>Luigi Graziano</nome>
  <instituicao>Università degli Studi di Torino</instituicao>
  <conferencia>
   Lobbying and Civil Society
   <ano>1996</ano>
  </conferencia>
 </conferencista>
 <conferencista>
  <nome>Luís Manuel Fernandes</nome>
  <instituicao>FINEP</instituicao>
  <conferencia>
   A FINEP e as Ciências Sociais
   <ano>2007</ano>
  </conferencia>
 </conferencista>
 <conferencista>
  <nome>Luiz Eduardo Soares</nome>
  <instituicao>UERJ/ SENASP</instituicao>
  <conferencia>
   O deslocamento de placas tectônicas da sociedade brasileira
   <ano>2014</ano>
  </conferencia>
  <conferencia>
   Segurança Pública no Brasil: perspectivas e desafios
   <ano>2003</ano>
  </conferencia>
 </conferencista>
 <conferencista>
  <nome>Manuel Domingos Neto</nome>
  <instituicao>CNPq/ UFC</instituicao>
  <conferencia>
   Política de amparo à memória da ciência e tecnologia
   <ano>2003</ano>
  </conferencia>
 </conferencista>
 <conferencista>
  <nome>Manuel Villaverde Cabral</nome>
  <instituicao>Universidade de Lisboa</instituicao>
  <conferencia>
   O exercício da cidadania política numa perspectiva histórica em Portugal e no Brasil
   <ano>2002</ano>
  </conferencia>
 </conferencista>
 <conferencista>
  <nome>Marcel Fournier</nome>
  <instituicao>Universidade de Montreal</instituicao>
  <conferencia>
   Écrire la biographie de Marcel Mauss
   <ano>2002</ano>
  </conferencia>
  <conferencia>
   Marcel Mauss et le don de soi
   <ano>1992</ano>
  </conferencia>
 </conferencista>
 <conferencista>
  <nome>Marisa Barbar Cassim</nome>
  <instituicao>CNPq</instituicao>
  <conferencia>
   Sistema de acompanhamento e avaliação nos programas de formação e pesquisa
   <ano>1995</ano>
  </conferencia>
 </conferencista>
 <conferencista>
  <nome>Mark Webb</nome>
  <instituicao>TexasTech University</instituicao>
  <conferencia>
   Hizmet, Religious Knowledge, and Scientific Education
   <ano>2015</ano>
  </conferencia>
 </conferencista>
 <conferencista>
  <nome>Martín Sanchez Janowski</nome>
  <instituicao>University of California/ Berkeley</instituicao>
  <conferencia>
   Gangs and the Structure of Society
   <ano>1996</ano>
  </conferencia>
 </conferencista>
 <conferencista>
  <nome>Marylin Strathern</nome>
  <instituicao>University of Cambridge</instituicao>
  <conferencia>
   Esperança, incerteza e a proposta de pesquisa: um conto do Reino Unido
   <ano>2009</ano>
  </conferencia>
 </conferencista>
 <conferencista>
  <nome>Matthew Gutmann</nome>
  <instituicao>Brown University</instituicao>
  <conferencia>
   El fetiche totémico de la sexualidad masculina: Ocho errores comunes
   <ano>2008</ano>
  </conferencia>
 </conferencista>
 <conferencista>
  <nome>Maurice Aymard</nome>
  <instituicao>Maison de Sciences de L’Homme</instituicao>
  <conferencia>
   NA
   <ano>2003</ano>
  </conferencia>
 </conferencista>
 <conferencista>
  <nome>Maurice Godelier</nome>
  <instituicao>EHESS</instituicao>
  <conferencia>
   l’Anthropologie Sociale: um miroir brisé - une évaluation critique, assortie de quelques pespectives
   <ano>1992</ano>
  </conferencia>
 </conferencista>
 <conferencista>
  <nome>Michael Burowoy</nome>
  <instituicao>ISA</instituicao>
  <conferencia>
   The future of the social sciences
   <ano>2011</ano>
  </conferencia>
 </conferencista>
 <conferencista>
  <nome>Michael Lowy</nome>
  <instituicao>CNRS Paris</instituicao>
  <conferencia>
   Marx e Weber, críticos do capitalismo
   <ano>2007</ano>
  </conferencia>
 </conferencista>
 <conferencista>
  <nome>Michael Thomas Greven</nome>
  <instituicao>Universidade de Hamburgo</instituicao>
  <conferencia>
   Capitalism - A Threat to Democracy? Some Considerations on Co-Evolution
   <ano>2005</ano>
  </conferencia>
 </conferencista>
 <conferencista>
  <nome>Michel Agier</nome>
  <instituicao>EHESS</instituicao>
  <conferencia>
   Nova cosmopolis: As fronteiras como objeto de conflito no mundo contemporâneo
   <ano>2015</ano>
  </conferencia>
 </conferencista>
 <conferencista>
  <nome>Michèle Ferrand</nome>
  <instituicao>CSU</instituicao>
  <conferencia>
   Système scolaire at production des élites em France: la filière des grandes écoles scientifiques
   <ano>1995</ano>
  </conferencia>
 </conferencista>
 <conferencista>
  <nome>Mike Featherstone</nome>
  <instituicao>Teesside University</instituicao>
  <conferencia>
   Postmodernism, Consumer Culture and the Globalization of Complexity
   <ano>1995</ano>
  </conferencia>
 </conferencista>
 <conferencista>
  <nome>Nadia Urbinati</nome>
  <instituicao>University of Columbia</instituicao>
  <conferencia>
   Crise e metamorfoses da democracia
   <ano>2012</ano>
  </conferencia>
 </conferencista>
 <conferencista>
  <nome>Nathan Wachtel</nome>
  <instituicao>Cátedra Collège de France</instituicao>
  <conferencia>
   Mémoires marranes
   <ano>2011</ano>
  </conferencia>
 </conferencista>
 <conferencista>
  <nome>Nelson Graburn</nome>
  <instituicao>University of California/ Berkeley</instituicao>
  <conferencia>
   Reconstructing tradition: tourism and modernity in China and Japan
   <ano>2007</ano>
  </conferencia>
 </conferencista>
 <conferencista>
  <nome>Otávio Velho</nome>
  <instituicao>UFRJ</instituicao>
  <conferencia>
   A antropologia e o Brasil, hoje
   <ano>2007</ano>
  </conferencia>
 </conferencista>
 <conferencista>
  <nome>Peter Munz</nome>
  <instituicao>Victoria University of Wellington</instituicao>
  <conferencia>
   Nietzche’s Superman and Derrida’s Attack on the Methaphysics of Presence
   <ano>1996</ano>
  </conferencia>
 </conferencista>
 <conferencista>
  <nome>Peter Wagner</nome>
  <instituicao>WZB Berlin Social Center</instituicao>
  <conferencia>
   Crises of Modernity: Political Sociology in Historical Contexts
   <ano>1995</ano>
  </conferencia>
 </conferencista>
 <conferencista>
  <nome>Phillipe Schmitter</nome>
  <instituicao>Stanford University</instituicao>
  <conferencia>
   Reflections on the (allegedly) poor quality of neo-democracy in Latin America and Europe
   <ano>1998</ano>
  </conferencia>
 </conferencista>
 <conferencista>
  <nome>Pierre Rosanvallon</nome>
  <instituicao>EHESS</instituicao>
  <conferencia>
   La democratie au XXIe Siècle: possibilities et dangers
   <ano>2010</ano>
  </conferencia>
 </conferencista>
 <conferencista>
  <nome>Raewyn Connel</nome>
  <instituicao>University of Sidney</instituicao>
  <conferencia>
   The coming revolution in social theory
   <ano>2011</ano>
  </conferencia>
 </conferencista>
 <conferencista>
  <nome>Renato Rosaldo</nome>
  <instituicao>Stanford University &amp; New York University</instituicao>
  <conferencia>
   La verdad narrativa y el análisis social: Reflecciones sobre la antropologia en los Estados Unidos
   <ano>2003</ano>
  </conferencia>
 </conferencista>
 <conferencista>
  <nome>Robert Darnton</nome>
  <instituicao>Princeton University</instituicao>
  <conferencia>
   Censura, Uma Visão Comparativa: França 1789 - Alemanha Oriental, 1989
   <ano>1991</ano>
  </conferencia>
 </conferencista>
 <conferencista>
  <nome>Roberto Cardoso de Oliveira</nome>
  <instituicao>UNICAMP</instituicao>
  <conferencia>
   Os (des)caminhos da identidade
   <ano>1999</ano>
  </conferencia>
 </conferencista>
 <conferencista>
  <nome>Roque de Barros Laraia</nome>
  <instituicao>UnB</instituicao>
  <conferencia>
   ANPOCS 25 anos: novas perspectivas
   <ano>2002</ano>
  </conferencia>
 </conferencista>
 <conferencista>
  <nome>Russel Hardin</nome>
  <instituicao>Stanford University &amp; New York University</instituicao>
  <conferencia>
   Political Knowledge
   <ano>2003</ano>
  </conferencia>
 </conferencista>
 <conferencista>
  <nome>Scott Mainwaring</nome>
  <instituicao>Universidade Notre-Dame</instituicao>
  <conferencia>
   Desenvolvimento de democracia na América Latina
   <ano>2001</ano>
  </conferencia>
 </conferencista>
 <conferencista>
  <nome>Sergio Cesarin</nome>
  <instituicao>Universidad de la Plata</instituicao>
  <conferencia>
   El liderazgo de Brasil y su relación con Asia
   <ano>2008</ano>
  </conferencia>
 </conferencista>
 <conferencista>
  <nome>Sérgio Miceli</nome>
  <instituicao>USP</instituicao>
  <conferencia>
   Imagens negociadas: retratos de artistas, letrados e políticos feitos por Portinari nas décadas de 20, 30 e 40
   <ano>1994</ano>
  </conferencia>
 </conferencista>
 <conferencista>
  <nome>Sidney Mintz</nome>
  <instituicao>The Johns Hopkins University</instituicao>
  <conferencia>
   Toward na Anthropology of food
   <ano>2000</ano>
  </conferencia>
 </conferencista>
 <conferencista>
  <nome>Stanley J. Tambiah</nome>
  <instituicao>Harvard University</instituicao>
  <conferencia>
   Ethnonationalist Politics and Collective Violence in South Asia
   <ano>1996</ano>
  </conferencia>
 </conferencista>
 <conferencista>
  <nome>Sylvain Maresca</nome>
  <instituicao>Uni. Paris VIII</instituicao>
  <conferencia>
   Réfléchir les sciences sociales dans le miroir de la photographie
   <ano>1994</ano>
  </conferencia>
 </conferencista>
 <conferencista>
  <nome>T. N. Madan</nome>
  <instituicao>Universidade de Delhi</instituicao>
  <conferencia>
   Anthropology as the Mutual Interpretation of Cultures
   <ano>1988</ano>
  </conferencia>
 </conferencista>
 <conferencista>
  <nome>Theodore J. Lowi</nome>
  <instituicao>Cornell University</instituicao>
  <conferencia>
   Corruption, Scandal, and Democracy: What Might be Learned from the American Experience
   <ano>1994</ano>
  </conferencia>
 </conferencista>
 <conferencista>
  <nome>Tim Ingold</nome>
  <instituicao>University of Manchester</instituicao>
  <conferencia>
   Life Beyond the Edge of Nature, or, the Mirage of Society
   <ano>1995</ano>
  </conferencia>
 </conferencista>
 <conferencista>
  <nome>Torcuato S. Di Tella</nome>
  <instituicao>Univerdidad Torcuato Di Tella</instituicao>
  <conferencia>
   Os sistemas político-partidários na Argentina, Brasil e Chile
   <ano>2009</ano>
  </conferencia>
 </conferencista>
 <conferencista>
  <nome>Veena Das</nome>
  <instituicao>Delhi University</instituicao>
  <conferencia>
   Boundaries, Alterities and Everyday Life: Some Wittgensteinian Themes
   <ano>1998</ano>
  </conferencia>
 </conferencista>
 <conferencista>
  <nome>Vincent Crapanzano</nome>
  <instituicao>University of New York</instituicao>
  <conferencia>
   Beyond Liminality
   <ano>2004</ano>
  </conferencia>
 </conferencista>
 <conferencista>
  <nome>Wanderley Guilherme dos Santos</nome>
  <instituicao>IUPERJ</instituicao>
  <conferencia>
   A anomalia democrática: adolescência e romantismo na história política
   <ano>1997</ano>
  </conferencia>
 </conferencista>
 <conferencista>
  <nome>Wolfgang Knöbl</nome>
  <instituicao>Georg-August-Universität Göttingen</instituicao>
  <conferencia>
   Reconfigurations of social theory after Western hegemony
   <ano>2014</ano>
  </conferencia>
 </conferencista>
</conferencistas>