<?xml version="1.0" ?>
<diretorias>
 <participante>
  <nome>José Ricardo Ramalho</nome>
  <instituicao>UFRJ</instituicao>
  <cargo>
   <nomecargo>Presidente</nomecargo>
   <ano>2015</ano>
   <ano>2016</ano>
  </cargo>
 </participante>
 <participante>
  <nome>Cláudio Gonçalves Couto</nome>
  <instituicao>FGV  SP</instituicao>
  <cargo>
   <nomecargo>SecretariaExecutiva</nomecargo>
   <ano>2015</ano>
   <ano>2016</ano>
  </cargo>
 </participante>
 <participante>
  <nome>Emília Pietrafesa de Godoi</nome>
  <instituicao>Unicamp</instituicao>
  <cargo>
   <nomecargo>SecretariaAdjunta</nomecargo>
   <ano>2015</ano>
   <ano>2016</ano>
  </cargo>
 </participante>
 <participante>
  <nome>Adrian Gurza Lavalle</nome>
  <instituicao>USP</instituicao>
  <cargo>
   <nomecargo>Conselheiro</nomecargo>
   <ano>2015</ano>
   <ano>2016</ano>
  </cargo>
 </participante>
 <participante>
  <nome>José Luiz de Amorim Ratton Júnior</nome>
  <instituicao>UFPE</instituicao>
  <cargo>
   <nomecargo>Diretor</nomecargo>
   <ano>2015</ano>
   <ano>2016</ano>
  </cargo>
 </participante>
 <participante>
  <nome>Lúcio Remuzat Rennó Júnior</nome>
  <instituicao>UnB</instituicao>
  <cargo>
   <nomecargo>Diretor</nomecargo>
   <ano>2015</ano>
   <ano>2016</ano>
  </cargo>
 </participante>
 <participante>
  <nome>Patrice Schuch</nome>
  <instituicao>UFRGS</instituicao>
  <cargo>
   <nomecargo>Diretor</nomecargo>
   <ano>2015</ano>
   <ano>2016</ano>
  </cargo>
 </participante>
 <participante>
  <nome>Maria Laura Viveiros de Castro Cavalcanti</nome>
  <instituicao>UFRJ</instituicao>
  <cargo>
   <nomecargo>Conselheiro</nomecargo>
   <ano>2015</ano>
   <ano>2016</ano>
  </cargo>
 </participante>
 <participante>
  <nome>Marcelo Kunrath Silva</nome>
  <instituicao>UFRGS</instituicao>
  <cargo>
   <nomecargo>Conselheiro</nomecargo>
   <ano>2015</ano>
   <ano>2016</ano>
  </cargo>
 </participante>
 <participante>
  <nome>Yan de Souza Carreirão</nome>
  <instituicao>UFSC</instituicao>
  <cargo>
   <nomecargo>Conselheiro</nomecargo>
   <ano>2015</ano>
   <ano>2016</ano>
  </cargo>
 </participante>
 <participante>
  <nome>Gustavo Lins Ribeiro</nome>
  <instituicao>UnB</instituicao>
  <cargo>
   <nomecargo>Presidente</nomecargo>
   <ano>2013</ano>
   <ano>2014</ano>
  </cargo>
 </participante>
 <participante>
  <nome>Maria Filomena Gregori</nome>
  <instituicao>UNICAMP</instituicao>
  <cargo>
   <nomecargo>SecretariaExecutiva</nomecargo>
   <ano>2013</ano>
   <ano>2014</ano>
  </cargo>
 </participante>
 <participante>
  <nome>Claudio Gonçalves Couto</nome>
  <instituicao>FGV SP</instituicao>
  <cargo>
   <nomecargo>SecretariaAdjunta</nomecargo>
   <ano>2013</ano>
   <ano>2014</ano>
  </cargo>
 </participante>
 <participante>
  <nome>Marcos César Alvarez</nome>
  <instituicao>USP</instituicao>
  <cargo>
   <nomecargo>Conselheiro</nomecargo>
   <ano>2013</ano>
   <ano>2014</ano>
  </cargo>
 </participante>
 <participante>
  <nome>Bruno Pinheiro Wanderley Reis</nome>
  <instituicao>UFMG</instituicao>
  <cargo>
   <nomecargo>Diretor</nomecargo>
   <ano>2013</ano>
   <ano>2014</ano>
  </cargo>
 </participante>
 <participante>
  <nome>Edna Maria Ramos de Castro</nome>
  <instituicao>UFPA</instituicao>
  <cargo>
   <nomecargo>Diretor</nomecargo>
   <ano>2013</ano>
   <ano>2014</ano>
  </cargo>
 </participante>
 <participante>
  <nome>Julie Antoinette Cavignac</nome>
  <instituicao>UFRN</instituicao>
  <cargo>
   <nomecargo>Diretor</nomecargo>
   <ano>2013</ano>
   <ano>2014</ano>
  </cargo>
 </participante>
 <participante>
  <nome>Angela Maria de Randolpho Paiva</nome>
  <instituicao>PUC RJ</instituicao>
  <cargo>
   <nomecargo>Conselheiro</nomecargo>
   <ano>2013</ano>
   <ano>2014</ano>
  </cargo>
 </participante>
 <participante>
  <nome>Antonio Carlos Motta de Lima</nome>
  <instituicao>UFPE</instituicao>
  <cargo>
   <nomecargo>Conselheiro</nomecargo>
   <ano>2013</ano>
   <ano>2014</ano>
  </cargo>
 </participante>
 <participante>
  <nome>Tullo Vigevani</nome>
  <instituicao>UNESP MARÍLIA</instituicao>
  <cargo>
   <nomecargo>Conselheiro</nomecargo>
   <ano>2013</ano>
   <ano>2014</ano>
  </cargo>
 </participante>
 <participante>
  <nome>Marcos Costa Lima</nome>
  <instituicao>UFPE</instituicao>
  <cargo>
   <nomecargo>Presidente</nomecargo>
   <ano>2011</ano>
   <ano>2012</ano>
  </cargo>
 </participante>
 <participante>
  <nome>Maria Filomena Gregori</nome>
  <instituicao>UNICAMP</instituicao>
  <cargo>
   <nomecargo>SecretariaExecutiva</nomecargo>
   <ano>2011</ano>
   <ano>2012</ano>
  </cargo>
 </participante>
 <participante>
  <nome>Julio Assis Simões</nome>
  <instituicao>USP</instituicao>
  <cargo>
   <nomecargo>SecretariaAdjunta</nomecargo>
   <ano>2011</ano>
   <ano>2012</ano>
  </cargo>
 </participante>
 <participante>
  <nome>Andrea Zhouri</nome>
  <instituicao>UFMG</instituicao>
  <cargo>
   <nomecargo>Diretor</nomecargo>
   <ano>2011</ano>
   <ano>2012</ano>
  </cargo>
 </participante>
 <participante>
  <nome>Flávia Biroli</nome>
  <instituicao>UnB</instituicao>
  <cargo>
   <nomecargo>Diretor</nomecargo>
   <ano>2011</ano>
   <ano>2012</ano>
  </cargo>
 </participante>
 <participante>
  <nome>Jacob Carlos Lima</nome>
  <instituicao>UFSCar</instituicao>
  <cargo>
   <nomecargo>Diretor</nomecargo>
   <ano>2011</ano>
   <ano>2012</ano>
  </cargo>
 </participante>
 <participante>
  <nome>Angela Maria de Randolpho Paiva</nome>
  <instituicao>PU Rio</instituicao>
  <cargo>
   <nomecargo>Conselheiro</nomecargo>
   <ano>2011</ano>
   <ano>2012</ano>
  </cargo>
 </participante>
 <participante>
  <nome>Carlos Arturi</nome>
  <instituicao>UFRGS</instituicao>
  <cargo>
   <nomecargo>Conselheiro</nomecargo>
   <ano>2011</ano>
   <ano>2012</ano>
  </cargo>
 </participante>
 <participante>
  <nome>Carlos Guilherme O Valle</nome>
  <instituicao>UFRN</instituicao>
  <cargo>
   <nomecargo>Conselheiro</nomecargo>
   <ano>2011</ano>
   <ano>2012</ano>
  </cargo>
 </participante>
 <participante>
  <nome>Maria Alice Rezende de Carvalho</nome>
  <instituicao>PUC Rio</instituicao>
  <cargo>
   <nomecargo>Presidente</nomecargo>
   <ano>2009</ano>
   <ano>2010</ano>
  </cargo>
 </participante>
 <participante>
  <nome>Maria Alice Rezende de Carvalho</nome>
  <instituicao>PUC-Rio</instituicao>
  <cargo>
   <nomecargo>Presidente</nomecargo>
   <ano>2009</ano>
   <ano>2010</ano>
  </cargo>
 </participante>
 <participante>
  <nome>Julio Assis Simões</nome>
  <instituicao>USP</instituicao>
  <cargo>
   <nomecargo>SecretariaAdjunta</nomecargo>
   <ano>2009</ano>
   <ano>2010</ano>
  </cargo>
 </participante>
 <participante>
  <nome>Carlos Schmidt Arturi</nome>
  <instituicao>UFRGS</instituicao>
  <cargo>
   <nomecargo>Diretor</nomecargo>
   <ano>2009</ano>
   <ano>2010</ano>
  </cargo>
 </participante>
 <participante>
  <nome>Maria Stela Grossi Porto</nome>
  <instituicao>UnB</instituicao>
  <cargo>
   <nomecargo>Diretor</nomecargo>
   <ano>2009</ano>
   <ano>2010</ano>
  </cargo>
 </participante>
 <participante>
  <nome>Rogerio Proença de Sousa Leite</nome>
  <instituicao>UFS</instituicao>
  <cargo>
   <nomecargo>Diretor</nomecargo>
   <ano>2009</ano>
   <ano>2010</ano>
  </cargo>
 </participante>
 <participante>
  <nome>Lea Freitas Perez</nome>
  <instituicao>UFMG</instituicao>
  <cargo>
   <nomecargo>Conselheiro</nomecargo>
   <ano>2009</ano>
   <ano>2010</ano>
  </cargo>
 </participante>
 <participante>
  <nome>Ricardo Silva</nome>
  <instituicao>UFSC</instituicao>
  <cargo>
   <nomecargo>Conselheiro</nomecargo>
   <ano>2009</ano>
   <ano>2010</ano>
  </cargo>
 </participante>
 <participante>
  <nome>Ruth Vasconcelos Lopes Ferreira</nome>
  <instituicao>UFAL</instituicao>
  <cargo>
   <nomecargo>Conselheiro</nomecargo>
   <ano>2009</ano>
   <ano>2010</ano>
  </cargo>
 </participante>
 <participante>
  <nome>Ruben George Oliven</nome>
  <instituicao>UFRGS</instituicao>
  <cargo>
   <nomecargo>Presidente</nomecargo>
   <ano>2007</ano>
   <ano>2008</ano>
  </cargo>
 </participante>
 <participante>
  <nome>Marcelo Ridenti</nome>
  <instituicao>UNICAMP</instituicao>
  <cargo>
   <nomecargo>SecretariaExecutiva</nomecargo>
   <ano>2007</ano>
   <ano>2008</ano>
  </cargo>
 </participante>
 <participante>
  <nome>Gildo Marçal Brandão</nome>
  <instituicao>USP</instituicao>
  <cargo>
   <nomecargo>SecretariaAdjunta</nomecargo>
   <ano>2007</ano>
   <ano>2008</ano>
  </cargo>
 </participante>
 <participante>
  <nome>Gláucia Villas Boas</nome>
  <instituicao>UFRJ</instituicao>
  <cargo>
   <nomecargo>Diretor</nomecargo>
   <ano>2007</ano>
   <ano>2008</ano>
  </cargo>
 </participante>
 <participante>
  <nome>Renato Athias</nome>
  <instituicao>UFPE</instituicao>
  <cargo>
   <nomecargo>Diretor</nomecargo>
   <ano>2007</ano>
   <ano>2008</ano>
  </cargo>
 </participante>
 <participante>
  <nome>Yan de Souza Carreirão</nome>
  <instituicao>UFSC</instituicao>
  <cargo>
   <nomecargo>Diretor</nomecargo>
   <ano>2007</ano>
   <ano>2008</ano>
  </cargo>
 </participante>
 <participante>
  <nome>Antonádia Monteiro Borges</nome>
  <instituicao>UnB</instituicao>
  <cargo>
   <nomecargo>Conselheiro</nomecargo>
   <ano>2007</ano>
   <ano>2008</ano>
  </cargo>
 </participante>
 <participante>
  <nome>Isabelle Braz Peixoto da Silva</nome>
  <instituicao>UFC</instituicao>
  <cargo>
   <nomecargo>Conselheiro</nomecargo>
   <ano>2007</ano>
   <ano>2008</ano>
  </cargo>
 </participante>
 <participante>
  <nome>Magda de Almeida Neves</nome>
  <instituicao>PUC MG</instituicao>
  <cargo>
   <nomecargo>Conselheiro</nomecargo>
   <ano>2007</ano>
   <ano>2008</ano>
  </cargo>
 </participante>
 <participante>
  <nome>Gabriel Cohn</nome>
  <instituicao>USP</instituicao>
  <cargo>
   <nomecargo>Presidente</nomecargo>
   <ano>2005</ano>
   <ano>2006</ano>
  </cargo>
 </participante>
 <participante>
  <nome>Marcelo Ridenti</nome>
  <instituicao>UNICAMP</instituicao>
  <cargo>
   <nomecargo>SecretariaExecutiva</nomecargo>
   <ano>2005</ano>
   <ano>2006</ano>
  </cargo>
 </participante>
 <participante>
  <nome>Gildo Marçal Bezerra Brandão</nome>
  <instituicao>USP</instituicao>
  <cargo>
   <nomecargo>SecretariaAdjunta</nomecargo>
   <ano>2005</ano>
   <ano>2006</ano>
  </cargo>
 </participante>
 <participante>
  <nome>Raymundo Heraldo Maués</nome>
  <instituicao>UFPA</instituicao>
  <cargo>
   <nomecargo>Diretor</nomecargo>
   <ano>2005</ano>
   <ano>2006</ano>
  </cargo>
 </participante>
 <participante>
  <nome>José Eisenberg</nome>
  <instituicao>IUPERJ</instituicao>
  <cargo>
   <nomecargo>Diretor</nomecargo>
   <ano>2005</ano>
   <ano>2006</ano>
  </cargo>
 </participante>
 <participante>
  <nome>Maria Eunice de Souza Maciel</nome>
  <instituicao>UFRGS</instituicao>
  <cargo>
   <nomecargo>Diretor</nomecargo>
   <ano>2005</ano>
   <ano>2006</ano>
  </cargo>
 </participante>
 <participante>
  <nome>Brasilmar Ferreira Nunes</nome>
  <instituicao>UnB</instituicao>
  <cargo>
   <nomecargo>Conselheiro</nomecargo>
   <ano>2005</ano>
   <ano>2006</ano>
  </cargo>
 </participante>
 <participante>
  <nome>Iracema Brandão Guimarães</nome>
  <instituicao>UFBA</instituicao>
  <cargo>
   <nomecargo>Conselheiro</nomecargo>
   <ano>2005</ano>
   <ano>2006</ano>
  </cargo>
 </participante>
 <participante>
  <nome>Carmen Silvia Rial</nome>
  <instituicao>UFSC</instituicao>
  <cargo>
   <nomecargo>Conselheiro</nomecargo>
   <ano>2005</ano>
   <ano>2006</ano>
  </cargo>
 </participante>
 <participante>
  <nome>Luiz Jorge Werneck Vianna</nome>
  <instituicao>IUPERJ</instituicao>
  <cargo>
   <nomecargo>Presidente</nomecargo>
   <ano>2003</ano>
   <ano>2004</ano>
  </cargo>
 </participante>
 <participante>
  <nome>Maria Arminda do Nascimento Arruda</nome>
  <instituicao>USP</instituicao>
  <cargo>
   <nomecargo>SecretariaExecutiva</nomecargo>
   <ano>2003</ano>
   <ano>2004</ano>
  </cargo>
 </participante>
 <participante>
  <nome>Elide Rugai Bastos</nome>
  <instituicao>UNICAMP</instituicao>
  <cargo>
   <nomecargo>SecretariaAdjunta</nomecargo>
   <ano>2003</ano>
   <ano>2004</ano>
  </cargo>
 </participante>
 <participante>
  <nome>Clarissa Eckert Baeta Neves</nome>
  <instituicao>UFRGS</instituicao>
  <cargo>
   <nomecargo>Diretor</nomecargo>
   <ano>2003</ano>
   <ano>2004</ano>
  </cargo>
 </participante>
 <participante>
  <nome>Marcos Lanna</nome>
  <instituicao>UFPR</instituicao>
  <cargo>
   <nomecargo>Diretor</nomecargo>
   <ano>2003</ano>
   <ano>2004</ano>
  </cargo>
 </participante>
 <participante>
  <nome>Rejane Vasconcelos Accioly Carvalho</nome>
  <instituicao>UFC</instituicao>
  <cargo>
   <nomecargo>Diretor</nomecargo>
   <ano>2003</ano>
   <ano>2004</ano>
  </cargo>
 </participante>
 <participante>
  <nome>Lourdes Bandeira</nome>
  <instituicao>UnB</instituicao>
  <cargo>
   <nomecargo>Conselheiro</nomecargo>
   <ano>2003</ano>
   <ano>2004</ano>
  </cargo>
 </participante>
 <participante>
  <nome>Marcio Caniello</nome>
  <instituicao>UFCG</instituicao>
  <cargo>
   <nomecargo>Conselheiro</nomecargo>
   <ano>2003</ano>
   <ano>2004</ano>
  </cargo>
 </participante>
 <participante>
  <nome>Maria de Fátima Junho Anastásia</nome>
  <instituicao>UFMG</instituicao>
  <cargo>
   <nomecargo>Conselheiro</nomecargo>
   <ano>2003</ano>
   <ano>2004</ano>
  </cargo>
 </participante>
 <participante>
  <nome>Roque de Barros Laraia</nome>
  <instituicao>UnB</instituicao>
  <cargo>
   <nomecargo>Presidente</nomecargo>
   <ano>2001</ano>
   <ano>2002</ano>
  </cargo>
 </participante>
 <participante>
  <nome>Maria Arminda do Nascimento Arruda</nome>
  <instituicao>USP</instituicao>
  <cargo>
   <nomecargo>SecretariaExecutiva</nomecargo>
   <ano>2001</ano>
   <ano>2002</ano>
  </cargo>
 </participante>
 <participante>
  <nome>Elide Rugai Bastos</nome>
  <instituicao>UNICAMP</instituicao>
  <cargo>
   <nomecargo>SecretariaAdjunta</nomecargo>
   <ano>2001</ano>
   <ano>2002</ano>
  </cargo>
 </participante>
 <participante>
  <nome>Ilza Araújo Leão de Andrade</nome>
  <instituicao>UFRN</instituicao>
  <cargo>
   <nomecargo>Diretor</nomecargo>
   <ano>2001</ano>
   <ano>2002</ano>
  </cargo>
 </participante>
 <participante>
  <nome>Rosilene Alvim</nome>
  <instituicao>UFRJ</instituicao>
  <cargo>
   <nomecargo>Diretor</nomecargo>
   <ano>2001</ano>
   <ano>2002</ano>
  </cargo>
 </participante>
 <participante>
  <nome>Otávio Soares Dulci</nome>
  <instituicao>UFMG</instituicao>
  <cargo>
   <nomecargo>Diretor</nomecargo>
   <ano>2001</ano>
   <ano>2002</ano>
  </cargo>
 </participante>
 <participante>
  <nome>Celi Regina Jardim Pinto</nome>
  <instituicao>UFRGS</instituicao>
  <cargo>
   <nomecargo>Conselheiro</nomecargo>
   <ano>2001</ano>
   <ano>2002</ano>
  </cargo>
 </participante>
 <participante>
  <nome>Joanildo A Burity</nome>
  <instituicao>FUNDAJ</instituicao>
  <cargo>
   <nomecargo>Conselheiro</nomecargo>
   <ano>2001</ano>
   <ano>2002</ano>
  </cargo>
 </participante>
 <participante>
  <nome>Rafael José de Menezes Bastos</nome>
  <instituicao>UFCS</instituicao>
  <cargo>
   <nomecargo>Conselheiro</nomecargo>
   <ano>2001</ano>
   <ano>2002</ano>
  </cargo>
 </participante>
 <participante>
  <nome>Olavo Brasil de Lima Jr</nome>
  <cargo>
   <nomecargo>Presidente</nomecargo>
   <ano>1999</ano>
   <ano>2000</ano>
  </cargo>
 </participante>
 <participante>
  <nome>Argelina Cheibub Figueiredo</nome>
  <cargo>
   <nomecargo>Presidente</nomecargo>
   <ano>1999</ano>
   <ano>2000</ano>
  </cargo>
 </participante>
 <participante>
  <nome>Renato Raul Boschi</nome>
  <cargo>
   <nomecargo>Presidente</nomecargo>
   <ano>1999</ano>
   <ano>2000</ano>
  </cargo>
 </participante>
 <participante>
  <nome>Sérgio França Adorno de Abreu</nome>
  <cargo>
   <nomecargo>SecretariaExecutiva</nomecargo>
   <ano>1999</ano>
   <ano>2000</ano>
  </cargo>
 </participante>
 <participante>
  <nome>Argelina Cheibub Figueiredo</nome>
  <cargo>
   <nomecargo>SecretariaAdjunta</nomecargo>
   <ano>1999</ano>
   <ano>2000</ano>
  </cargo>
 </participante>
 <participante>
  <nome>Gustavo Lins Ribeiro</nome>
  <cargo>
   <nomecargo>Diretor</nomecargo>
   <ano>1999</ano>
   <ano>2000</ano>
  </cargo>
 </participante>
 <participante>
  <nome>Mauro Guilherme Pinheiro Koury</nome>
  <cargo>
   <nomecargo>Diretor</nomecargo>
   <ano>1999</ano>
   <ano>2000</ano>
  </cargo>
 </participante>
 <participante>
  <nome>Ondina Fachel Leal</nome>
  <cargo>
   <nomecargo>Diretor</nomecargo>
   <ano>1999</ano>
   <ano>2000</ano>
  </cargo>
 </participante>
 <participante>
  <nome>Helena Bomeny</nome>
  <cargo>
   <nomecargo>Conselheiro</nomecargo>
   <ano>1999</ano>
   <ano>2000</ano>
  </cargo>
 </participante>
 <participante>
  <nome>Linda Gondim</nome>
  <cargo>
   <nomecargo>Conselheiro</nomecargo>
   <ano>1999</ano>
   <ano>2000</ano>
  </cargo>
 </participante>
 <participante>
  <nome>Renan Springer de Freitas</nome>
  <cargo>
   <nomecargo>Conselheiro</nomecargo>
   <ano>1999</ano>
   <ano>2000</ano>
  </cargo>
 </participante>
 <participante>
  <nome>Elisa Reis</nome>
  <cargo>
   <nomecargo>Presidente</nomecargo>
   <ano>1997</ano>
   <ano>1998</ano>
  </cargo>
 </participante>
 <participante>
  <nome>Sérgio França Adorno de Abreu</nome>
  <cargo>
   <nomecargo>SecretariaExecutiva</nomecargo>
   <ano>1997</ano>
   <ano>1998</ano>
  </cargo>
 </participante>
 <participante>
  <nome>Argelina Cheibub Figueiredo</nome>
  <cargo>
   <nomecargo>SecretariaAdjunta</nomecargo>
   <ano>1997</ano>
   <ano>1998</ano>
  </cargo>
 </participante>
 <participante>
  <nome>Maria Lúcia Maciel</nome>
  <cargo>
   <nomecargo>Diretor</nomecargo>
   <ano>1997</ano>
   <ano>1998</ano>
  </cargo>
 </participante>
 <participante>
  <nome>Leonardo Avritzer</nome>
  <cargo>
   <nomecargo>Diretor</nomecargo>
   <ano>1997</ano>
   <ano>1998</ano>
  </cargo>
 </participante>
 <participante>
  <nome>Paulo I-Ienrique Martins</nome>
  <cargo>
   <nomecargo>Diretor</nomecargo>
   <ano>1997</ano>
   <ano>1998</ano>
  </cargo>
 </participante>
 <participante>
  <nome>Alzira Alves de Abreu</nome>
  <cargo>
   <nomecargo>Conselheiro</nomecargo>
   <ano>1997</ano>
   <ano>1998</ano>
  </cargo>
 </participante>
 <participante>
  <nome>Brasília Carlos Ferreira</nome>
  <cargo>
   <nomecargo>Conselheiro</nomecargo>
   <ano>1997</ano>
   <ano>1998</ano>
  </cargo>
 </participante>
 <participante>
  <nome>Sônia Larangeira</nome>
  <cargo>
   <nomecargo>Conselheiro</nomecargo>
   <ano>1997</ano>
   <ano>1998</ano>
  </cargo>
 </participante>
 <participante>
  <nome>Gilberto Velho</nome>
  <cargo>
   <nomecargo>Presidente</nomecargo>
   <ano>1995</ano>
   <ano>1996</ano>
  </cargo>
 </participante>
 <participante>
  <nome>Antônio Flávio de Oliveira Pierucci</nome>
  <cargo>
   <nomecargo>SecretariaExecutiva</nomecargo>
   <ano>1995</ano>
   <ano>1996</ano>
  </cargo>
 </participante>
 <participante>
  <nome>Guita Grin Debert</nome>
  <cargo>
   <nomecargo>SecretariaAdjunta</nomecargo>
   <ano>1995</ano>
   <ano>1996</ano>
  </cargo>
 </participante>
 <participante>
  <nome>Edna Ramos de Castro</nome>
  <cargo>
   <nomecargo>Diretor</nomecargo>
   <ano>1995</ano>
   <ano>1996</ano>
  </cargo>
 </participante>
 <participante>
  <nome>Ilse Scherer-Warren</nome>
  <cargo>
   <nomecargo>Diretor</nomecargo>
   <ano>1995</ano>
   <ano>1996</ano>
  </cargo>
 </participante>
 <participante>
  <nome>Mercês Somarriba</nome>
  <cargo>
   <nomecargo>Diretor</nomecargo>
   <ano>1995</ano>
   <ano>1996</ano>
  </cargo>
 </participante>
 <participante>
  <nome>Ângela Castro Gomes</nome>
  <cargo>
   <nomecargo>Conselheiro</nomecargo>
   <ano>1995</ano>
   <ano>1996</ano>
  </cargo>
 </participante>
 <participante>
  <nome>Jacob Carlos Lima</nome>
  <cargo>
   <nomecargo>Conselheiro</nomecargo>
   <ano>1995</ano>
   <ano>1996</ano>
  </cargo>
 </participante>
 <participante>
  <nome>Klaas Woortmann</nome>
  <cargo>
   <nomecargo>Conselheiro</nomecargo>
   <ano>1995</ano>
   <ano>1996</ano>
  </cargo>
 </participante>
 <participante>
  <nome>Aspásia Camargo</nome>
  <cargo>
   <nomecargo>Presidente</nomecargo>
   <ano>1993</ano>
   <ano>1994</ano>
  </cargo>
 </participante>
 <participante>
  <nome>Antônio Flávio de Oliveira Pierucci</nome>
  <cargo>
   <nomecargo>SecretariaExecutiva</nomecargo>
   <ano>1993</ano>
   <ano>1994</ano>
  </cargo>
 </participante>
 <participante>
  <nome>Guita Grin Debert</nome>
  <cargo>
   <nomecargo>SecretariaAdjunta</nomecargo>
   <ano>1993</ano>
   <ano>1994</ano>
  </cargo>
 </participante>
 <participante>
  <nome>Carlos Benedito Martins</nome>
  <cargo>
   <nomecargo>Diretor</nomecargo>
   <ano>1993</ano>
   <ano>1994</ano>
  </cargo>
 </participante>
 <participante>
  <nome>Irlys Barreira</nome>
  <cargo>
   <nomecargo>Diretor</nomecargo>
   <ano>1993</ano>
   <ano>1994</ano>
  </cargo>
 </participante>
 <participante>
  <nome>Joseph Pierre Sanchis</nome>
  <cargo>
   <nomecargo>Diretor</nomecargo>
   <ano>1993</ano>
   <ano>1994</ano>
  </cargo>
 </participante>
 <participante>
  <nome>Celi Regina Jardim Pinto</nome>
  <cargo>
   <nomecargo>Conselheiro</nomecargo>
   <ano>1993</ano>
   <ano>1994</ano>
  </cargo>
 </participante>
 <participante>
  <nome>José Ricardo Ramalho</nome>
  <cargo>
   <nomecargo>Conselheiro</nomecargo>
   <ano>1993</ano>
   <ano>1994</ano>
  </cargo>
 </participante>
 <participante>
  <nome>Michel Zaidan Filho</nome>
  <cargo>
   <nomecargo>Conselheiro</nomecargo>
   <ano>1993</ano>
   <ano>1994</ano>
  </cargo>
 </participante>
 <participante>
  <nome>Juarez Rubens Brandão Lopes</nome>
  <cargo>
   <nomecargo>Presidente</nomecargo>
   <ano>1991</ano>
   <ano>1992</ano>
  </cargo>
 </participante>
 <participante>
  <nome>Alice Rangel de Paiva Abreu</nome>
  <cargo>
   <nomecargo>SecretariaExecutiva</nomecargo>
   <ano>1991</ano>
   <ano>1992</ano>
  </cargo>
 </participante>
 <participante>
  <nome>José Sérgio Leite Lopes</nome>
  <cargo>
   <nomecargo>SecretariaAdjunta</nomecargo>
   <ano>1991</ano>
   <ano>1992</ano>
  </cargo>
 </participante>
 <participante>
  <nome>Cláudia Lee Williams Fonseca</nome>
  <cargo>
   <nomecargo>Diretor</nomecargo>
   <ano>1991</ano>
   <ano>1992</ano>
  </cargo>
 </participante>
 <participante>
  <nome>Lourdes Maria Bandeira</nome>
  <cargo>
   <nomecargo>Diretor</nomecargo>
   <ano>1991</ano>
   <ano>1992</ano>
  </cargo>
 </participante>
 <participante>
  <nome>Sérgio Azevedo</nome>
  <cargo>
   <nomecargo>Diretor</nomecargo>
   <ano>1991</ano>
   <ano>1992</ano>
  </cargo>
 </participante>
 <participante>
  <nome>Ana Maria Fernandes</nome>
  <cargo>
   <nomecargo>Conselheiro</nomecargo>
   <ano>1991</ano>
   <ano>1992</ano>
  </cargo>
 </participante>
 <participante>
  <nome>Raymundo Heraldo Maués</nome>
  <cargo>
   <nomecargo>Conselheiro</nomecargo>
   <ano>1991</ano>
   <ano>1992</ano>
  </cargo>
 </participante>
 <participante>
  <nome>Paula Montero</nome>
  <cargo>
   <nomecargo>Conselheiro</nomecargo>
   <ano>1991</ano>
   <ano>1992</ano>
  </cargo>
 </participante>
 <participante>
  <nome>Vilmar Evangelista de Faria</nome>
  <cargo>
   <nomecargo>Presidente</nomecargo>
   <ano>1989</ano>
   <ano>1990</ano>
  </cargo>
 </participante>
 <participante>
  <nome>Alice Rangel de Paiva Abreu</nome>
  <cargo>
   <nomecargo>SecretariaExecutiva</nomecargo>
   <ano>1989</ano>
   <ano>1990</ano>
  </cargo>
 </participante>
 <participante>
  <nome>Eli Diniz</nome>
  <cargo>
   <nomecargo>SecretariaAdjunta</nomecargo>
   <ano>1989</ano>
   <ano>1990</ano>
  </cargo>
 </participante>
 <participante>
  <nome>Fernando Antonio Azevedo</nome>
  <cargo>
   <nomecargo>Diretor</nomecargo>
   <ano>1989</ano>
   <ano>1990</ano>
  </cargo>
 </participante>
 <participante>
  <nome>Joseph Pierre Sanchis</nome>
  <cargo>
   <nomecargo>Diretor</nomecargo>
   <ano>1989</ano>
   <ano>1990</ano>
  </cargo>
 </participante>
 <participante>
  <nome>Maria Suzana Arrosa Soares</nome>
  <cargo>
   <nomecargo>Diretor</nomecargo>
   <ano>1989</ano>
   <ano>1990</ano>
  </cargo>
 </participante>
 <participante>
  <nome>Anete Brito Leal Ivo</nome>
  <cargo>
   <nomecargo>Conselheiro</nomecargo>
   <ano>1989</ano>
   <ano>1990</ano>
  </cargo>
 </participante>
 <participante>
  <nome>Eva Alterman Blay</nome>
  <cargo>
   <nomecargo>Conselheiro</nomecargo>
   <ano>1989</ano>
   <ano>1990</ano>
  </cargo>
 </participante>
 <participante>
  <nome>João Gabriel Teixeira</nome>
  <cargo>
   <nomecargo>Conselheiro</nomecargo>
   <ano>1989</ano>
   <ano>1990</ano>
  </cargo>
 </participante>
 <participante>
  <nome>Otávio Guilherme Velho</nome>
  <cargo>
   <nomecargo>Presidente</nomecargo>
   <ano>1987</ano>
   <ano>1988</ano>
  </cargo>
 </participante>
 <participante>
  <nome>Sérgio Miceli</nome>
  <cargo>
   <nomecargo>SecretariaExecutiva</nomecargo>
   <ano>1987</ano>
   <ano>1988</ano>
  </cargo>
 </participante>
 <participante>
  <nome>Maria Hermínia Tavares de Almeida</nome>
  <cargo>
   <nomecargo>SecretariaAdjunta</nomecargo>
   <ano>1987</ano>
   <ano>1988</ano>
  </cargo>
 </participante>
 <participante>
  <nome>Benício Viero Schmidt</nome>
  <cargo>
   <nomecargo>Diretor</nomecargo>
   <ano>1987</ano>
   <ano>1988</ano>
  </cargo>
 </participante>
 <participante>
  <nome>César Barreira</nome>
  <cargo>
   <nomecargo>Diretor</nomecargo>
   <ano>1987</ano>
   <ano>1988</ano>
  </cargo>
 </participante>
 <participante>
  <nome>Eduardo Viola</nome>
  <cargo>
   <nomecargo>Diretor</nomecargo>
   <ano>1987</ano>
   <ano>1988</ano>
  </cargo>
 </participante>
 <participante>
  <nome>Ana Maria Quiroga Fausto Neto</nome>
  <cargo>
   <nomecargo>Conselheiro</nomecargo>
   <ano>1987</ano>
   <ano>1988</ano>
  </cargo>
 </participante>
 <participante>
  <nome>Celso José da Silva</nome>
  <cargo>
   <nomecargo>Conselheiro</nomecargo>
   <ano>1987</ano>
   <ano>1988</ano>
  </cargo>
 </participante>
 <participante>
  <nome>Pedro Ribeiro de Oliveira</nome>
  <cargo>
   <nomecargo>Conselheiro</nomecargo>
   <ano>1987</ano>
   <ano>1988</ano>
  </cargo>
 </participante>
 <participante>
  <nome>Hélgio Trindade</nome>
  <cargo>
   <nomecargo>Presidente</nomecargo>
   <ano>1985</ano>
   <ano>1986</ano>
  </cargo>
 </participante>
 <participante>
  <nome>Sérgio Miceli</nome>
  <cargo>
   <nomecargo>SecretariaExecutiva</nomecargo>
   <ano>1985</ano>
   <ano>1986</ano>
  </cargo>
 </participante>
 <participante>
  <nome>Lia Fukui</nome>
  <cargo>
   <nomecargo>SecretariaAdjunta</nomecargo>
   <ano>1985</ano>
   <ano>1986</ano>
  </cargo>
 </participante>
 <participante>
  <nome>Laura da Veiga</nome>
  <cargo>
   <nomecargo>Diretor</nomecargo>
   <ano>1985</ano>
   <ano>1986</ano>
  </cargo>
 </participante>
 <participante>
  <nome>Roque de Barros Laraia</nome>
  <cargo>
   <nomecargo>Diretor</nomecargo>
   <ano>1985</ano>
   <ano>1986</ano>
  </cargo>
 </participante>
 <participante>
  <nome>Sílvio Maranhão</nome>
  <cargo>
   <nomecargo>Diretor</nomecargo>
   <ano>1985</ano>
   <ano>1986</ano>
  </cargo>
 </participante>
 <participante>
  <nome>Edna Ramos de Castro</nome>
  <cargo>
   <nomecargo>Conselheiro</nomecargo>
   <ano>1985</ano>
   <ano>1986</ano>
  </cargo>
 </participante>
 <participante>
  <nome>Eduardo Viola</nome>
  <cargo>
   <nomecargo>Conselheiro</nomecargo>
   <ano>1985</ano>
   <ano>1986</ano>
  </cargo>
 </participante>
 <participante>
  <nome>Maria do Rosário Rolfsen</nome>
  <cargo>
   <nomecargo>Conselheiro</nomecargo>
   <ano>1985</ano>
   <ano>1986</ano>
  </cargo>
 </participante>
 <participante>
  <nome>Wanderley Guilherme dos Santos</nome>
  <cargo>
   <nomecargo>Presidente</nomecargo>
   <ano>1983</ano>
   <ano>1984</ano>
  </cargo>
 </participante>
 <participante>
  <nome>Régis de Castro Andrade</nome>
  <cargo>
   <nomecargo>SecretariaExecutiva</nomecargo>
   <ano>1983</ano>
   <ano>1984</ano>
  </cargo>
 </participante>
 <participante>
  <nome>Reginaldo Prandi</nome>
  <cargo>
   <nomecargo>SecretariaAdjunta</nomecargo>
   <ano>1983</ano>
   <ano>1984</ano>
  </cargo>
 </participante>
 <participante>
  <nome>Inaiá Maria Moreira de Carvalho</nome>
  <cargo>
   <nomecargo>Diretor</nomecargo>
   <ano>1983</ano>
   <ano>1984</ano>
  </cargo>
 </participante>
 <participante>
  <nome>Otávio Guilherme Velho</nome>
  <cargo>
   <nomecargo>Diretor</nomecargo>
   <ano>1983</ano>
   <ano>1984</ano>
  </cargo>
 </participante>
 <participante>
  <nome>Vilma Mendonça Figueiredo</nome>
  <cargo>
   <nomecargo>Diretor</nomecargo>
   <ano>1983</ano>
   <ano>1984</ano>
  </cargo>
 </participante>
 <participante>
  <nome>José Hugo Ramos</nome>
  <cargo>
   <nomecargo>Conselheiro</nomecargo>
   <ano>1983</ano>
   <ano>1984</ano>
  </cargo>
 </participante>
 <participante>
  <nome>René Armand Dreifuss</nome>
  <cargo>
   <nomecargo>Conselheiro</nomecargo>
   <ano>1983</ano>
   <ano>1984</ano>
  </cargo>
 </participante>
 <participante>
  <nome>Rosa Maria Godoy Silveira</nome>
  <cargo>
   <nomecargo>Conselheiro</nomecargo>
   <ano>1983</ano>
   <ano>1984</ano>
  </cargo>
 </participante>
 <participante>
  <nome>Fábio Wanderley Reis</nome>
  <cargo>
   <nomecargo>Presidente</nomecargo>
   <ano>1981</ano>
   <ano>1982</ano>
  </cargo>
 </participante>
 <participante>
  <nome>Renato Raul Boschi</nome>
  <cargo>
   <nomecargo>SecretariaExecutiva</nomecargo>
   <ano>1981</ano>
   <ano>1982</ano>
  </cargo>
 </participante>
 <participante>
  <nome>Otávio Guilherme Velho</nome>
  <cargo>
   <nomecargo>SecretariaAdjunta</nomecargo>
   <ano>1981</ano>
   <ano>1982</ano>
  </cargo>
 </participante>
 <participante>
  <nome>Joaquim Falcão</nome>
  <cargo>
   <nomecargo>Diretor</nomecargo>
   <ano>1981</ano>
   <ano>1982</ano>
  </cargo>
 </participante>
 <participante>
  <nome>Ruben George Oliven</nome>
  <cargo>
   <nomecargo>Diretor</nomecargo>
   <ano>1981</ano>
   <ano>1982</ano>
  </cargo>
 </participante>
 <participante>
  <nome>Ruth Corrêa Leite Cardoso</nome>
  <cargo>
   <nomecargo>Diretor</nomecargo>
   <ano>1981</ano>
   <ano>1982</ano>
  </cargo>
 </participante>
 <participante>
  <nome>José Hugo Ramos</nome>
  <cargo>
   <nomecargo>Conselheiro</nomecargo>
   <ano>1981</ano>
   <ano>1982</ano>
  </cargo>
 </participante>
 <participante>
  <nome>René Armand Dreifuss</nome>
  <cargo>
   <nomecargo>Conselheiro</nomecargo>
   <ano>1981</ano>
   <ano>1982</ano>
  </cargo>
 </participante>
 <participante>
  <nome>Rosa Maria Godoy Silveira</nome>
  <cargo>
   <nomecargo>Conselheiro</nomecargo>
   <ano>1981</ano>
   <ano>1982</ano>
  </cargo>
 </participante>
 <participante>
  <nome>Francisco Corrêa Weffort</nome>
  <cargo>
   <nomecargo>Presidente</nomecargo>
   <ano>1979</ano>
   <ano>1980</ano>
  </cargo>
 </participante>
 <participante>
  <nome>Olavo Brasil de Lima Jr</nome>
  <cargo>
   <nomecargo>SecretariaExecutiva</nomecargo>
   <ano>1979</ano>
   <ano>1980</ano>
  </cargo>
 </participante>
 <participante>
  <nome>Aspásia Camargo</nome>
  <cargo>
   <nomecargo>SecretariaAdjunta</nomecargo>
   <ano>1979</ano>
   <ano>1980</ano>
  </cargo>
 </participante>
 <participante>
  <nome>Hélgio Trindade</nome>
  <cargo>
   <nomecargo>Diretor</nomecargo>
   <ano>1979</ano>
   <ano>1980</ano>
  </cargo>
 </participante>
 <participante>
  <nome>Heraldo Pessoa de Souto-Maior</nome>
  <cargo>
   <nomecargo>Diretor</nomecargo>
   <ano>1979</ano>
   <ano>1980</ano>
  </cargo>
 </participante>
 <participante>
  <nome>José Murilo de Carvalho</nome>
  <cargo>
   <nomecargo>Diretor</nomecargo>
   <ano>1979</ano>
   <ano>1980</ano>
  </cargo>
 </participante>
 <participante>
  <nome>André Haguete</nome>
  <cargo>
   <nomecargo>Conselheiro</nomecargo>
   <ano>1979</ano>
   <ano>1980</ano>
  </cargo>
 </participante>
 <participante>
  <nome>Sadi Del’Rosso</nome>
  <cargo>
   <nomecargo>Conselheiro</nomecargo>
   <ano>1979</ano>
   <ano>1980</ano>
  </cargo>
 </participante>
 <participante>
  <nome>Vilmar Faria</nome>
  <cargo>
   <nomecargo>Conselheiro</nomecargo>
   <ano>1979</ano>
   <ano>1980</ano>
  </cargo>
 </participante>
 <participante>
  <nome>Francisco Corrêa Weffort</nome>
  <cargo>
   <nomecargo>Presidente</nomecargo>
   <ano>1977</ano>
   <ano>1978</ano>
  </cargo>
 </participante>
 <participante>
  <nome>Olavo Brasil de Lima Jr</nome>
  <cargo>
   <nomecargo>SecretariaExecutiva</nomecargo>
   <ano>1977</ano>
   <ano>1978</ano>
  </cargo>
 </participante>
 <participante>
  <nome>Aspásia Camargo</nome>
  <cargo>
   <nomecargo>SecretariaAdjunta</nomecargo>
   <ano>1977</ano>
   <ano>1978</ano>
  </cargo>
 </participante>
 <participante>
  <nome>Hélgio Trindade</nome>
  <cargo>
   <nomecargo>Diretor</nomecargo>
   <ano>1977</ano>
   <ano>1978</ano>
  </cargo>
 </participante>
 <participante>
  <nome>Heraldo Pessoa de Souto-Maior</nome>
  <cargo>
   <nomecargo>Diretor</nomecargo>
   <ano>1977</ano>
   <ano>1978</ano>
  </cargo>
 </participante>
 <participante>
  <nome>José Murilo de Carvalho</nome>
  <cargo>
   <nomecargo>Diretor</nomecargo>
   <ano>1977</ano>
   <ano>1978</ano>
  </cargo>
 </participante>
 <participante>
  <nome>Eduardo Diatahy Bezerra de Menezes</nome>
  <cargo>
   <nomecargo>Conselheiro</nomecargo>
   <ano>1977</ano>
   <ano>1978</ano>
  </cargo>
 </participante>
 <participante>
  <nome>Maria Hermínia Tavares de Almeida</nome>
  <cargo>
   <nomecargo>Conselheiro</nomecargo>
   <ano>1977</ano>
   <ano>1978</ano>
  </cargo>
 </participante>
 <participante>
  <nome>Roberto Cardoso de Oliveira</nome>
  <cargo>
   <nomecargo>Conselheiro</nomecargo>
   <ano>1977</ano>
   <ano>1978</ano>
  </cargo>
 </participante>
</diretorias>