<?xml version="1.0" ?>
<encontros>
 <encontro>
  <cidade>Rio de Janeiro</cidade>
  <estado>RJ</estado>
  <datainicio>29-setembro-1977</datainicio>
 </encontro>
 <encontro>
  <cidade>São Paulo</cidade>
  <estado>SP</estado>
  <datainicio>21-outubro-1978</datainicio>
  <datafim>25-10-1978</datafim>
 </encontro>
 <encontro>
  <cidade>Belo Horizonte</cidade>
  <estado>MG</estado>
  <datainicio>18-outubro-1979</datainicio>
  <datafim>22-10-1979</datafim>
 </encontro>
 <encontro>
  <cidade>Rio de Janeiro</cidade>
  <estado>RJ</estado>
  <datainicio>17-outubro-1980</datainicio>
  <datafim>21-10-1980</datafim>
 </encontro>
 <encontro>
  <cidade>Nova Friburgo</cidade>
  <estado>RJ</estado>
  <datainicio>19-outubro-1981</datainicio>
  <datafim>23-10-1981</datafim>
 </encontro>
 <encontro>
  <cidade>Nova Friburgo</cidade>
  <estado>RJ</estado>
  <datainicio>18-outubro-1982</datainicio>
  <datafim>22-10-1982</datafim>
 </encontro>
 <encontro>
  <cidade>Águas de São Pedro</cidade>
  <estado>SP</estado>
  <datainicio>26-outubro-1983</datainicio>
  <datafim>28-10-1983</datafim>
 </encontro>
 <encontro>
  <cidade>Águas de São Pedro</cidade>
  <estado>SP</estado>
  <datainicio>23-outubro-1984</datainicio>
  <datafim>26-10-1984</datafim>
 </encontro>
 <encontro>
  <cidade>Águas de São Pedro</cidade>
  <estado>SP</estado>
  <datainicio>22-outubro-1985</datainicio>
  <datafim>25-10-1985</datafim>
 </encontro>
 <encontro>
  <cidade>Campos do Jordão</cidade>
  <estado>SP</estado>
  <datainicio>21-outubro-1986</datainicio>
  <datafim>24-10-1986</datafim>
 </encontro>
 <encontro>
  <cidade>Águas de São Pedro</cidade>
  <estado>SP</estado>
  <datainicio>20-outubro-1987</datainicio>
  <datafim>23-10-1987</datafim>
 </encontro>
 <encontro>
  <cidade>Águas de São Pedro</cidade>
  <estado>SP</estado>
  <datainicio>25-outubro-1988</datainicio>
  <datafim>28-10-1988</datafim>
 </encontro>
 <encontro>
  <cidade>Caxambu</cidade>
  <estado>MG</estado>
  <datainicio>23-outubro-1989</datainicio>
  <datafim>27-10-1989</datafim>
 </encontro>
 <encontro>
  <cidade>Caxambu</cidade>
  <estado>MG</estado>
  <datainicio>22-outubro-1990</datainicio>
  <datafim>26-10-1990</datafim>
 </encontro>
 <encontro>
  <cidade>Caxambu</cidade>
  <estado>MG</estado>
  <datainicio>15-outubro-1991</datainicio>
  <datafim>18-10-1991</datafim>
 </encontro>
 <encontro>
  <cidade>Caxambu</cidade>
  <estado>MG</estado>
  <datainicio>20-outubro-1992</datainicio>
  <datafim>23-10-1992</datafim>
 </encontro>
 <encontro>
  <cidade>Caxambu</cidade>
  <estado>MG</estado>
  <datainicio>22-outubro-1993</datainicio>
  <datafim>25-10-1993</datafim>
 </encontro>
 <encontro>
  <cidade>Caxambu</cidade>
  <estado>MG</estado>
  <datainicio>23-outubro-1994</datainicio>
  <datafim>27-10-1994</datafim>
 </encontro>
 <encontro>
  <cidade>Caxambu</cidade>
  <estado>MG</estado>
  <datainicio>17-outubro-1995</datainicio>
  <datafim>21-10-1995</datafim>
 </encontro>
 <encontro>
  <cidade>Caxambu</cidade>
  <estado>MG</estado>
  <datainicio>22-outubro-1996</datainicio>
  <datafim>26-10-1996</datafim>
 </encontro>
 <encontro>
  <cidade>Caxambu</cidade>
  <estado>MG</estado>
  <datainicio>21-outubro-1997</datainicio>
  <datafim>25-10-1997</datafim>
 </encontro>
 <encontro>
  <cidade>Caxambu</cidade>
  <estado>MG</estado>
  <datainicio>27-outubro-1998</datainicio>
  <datafim>31-10-1998</datafim>
 </encontro>
 <encontro>
  <cidade>Caxambu</cidade>
  <estado>MG</estado>
  <datainicio>19-outubro-1999</datainicio>
  <datafim>23-10-1999</datafim>
 </encontro>
 <encontro>
  <cidade>Petrópolis</cidade>
  <estado>RJ</estado>
  <datainicio>23-outubro-2000</datainicio>
  <datafim>27-10-2000</datafim>
 </encontro>
 <encontro>
  <cidade>Caxambu</cidade>
  <estado>MG</estado>
  <datainicio>16-outubro-2001</datainicio>
  <datafim>20-10-2001</datafim>
 </encontro>
 <encontro>
  <cidade>Caxambu</cidade>
  <estado>MG</estado>
  <datainicio>22-outubro-2002</datainicio>
  <datafim>26-10-2002</datafim>
 </encontro>
 <encontro>
  <cidade>Caxambu</cidade>
  <estado>MG</estado>
  <datainicio>21-outubro-2003</datainicio>
  <datafim>25-10-2003</datafim>
 </encontro>
 <encontro>
  <cidade>Caxambu</cidade>
  <estado>MG</estado>
  <datainicio>26-outubro-2004</datainicio>
  <datafim>30-10-2004</datafim>
 </encontro>
 <encontro>
  <cidade>Caxambu</cidade>
  <estado>MG</estado>
  <datainicio>25-outubro-2005</datainicio>
  <datafim>29-10-2005</datafim>
 </encontro>
 <encontro>
  <cidade>Caxambu</cidade>
  <estado>MG</estado>
  <datainicio>21-outubro-2006</datainicio>
  <datafim>24-10-2006</datafim>
 </encontro>
 <encontro>
  <cidade>Caxambu</cidade>
  <estado>MG</estado>
  <datainicio>22-outubro-2007</datainicio>
  <datafim>26-10-2007</datafim>
 </encontro>
 <encontro>
  <cidade>Caxambu</cidade>
  <estado>MG</estado>
  <datainicio>27-outubro-2008</datainicio>
  <datafim>31-10-2008</datafim>
 </encontro>
 <encontro>
  <cidade>Caxambu</cidade>
  <estado>MG</estado>
  <datainicio>26-outubro-2009</datainicio>
  <datafim>30-10-2009</datafim>
 </encontro>
 <encontro>
  <cidade>Caxambu</cidade>
  <estado>MG</estado>
  <datainicio>25-outubro-2010</datainicio>
  <datafim>29-10-2010</datafim>
 </encontro>
 <encontro>
  <cidade>Caxambu</cidade>
  <estado>MG</estado>
  <datainicio>24-outubro-2011</datainicio>
  <datafim>28-10-2011</datafim>
 </encontro>
 <encontro>
  <cidade>Águas de Lindoia</cidade>
  <estado>SP</estado>
  <datainicio>21-outubro-2012</datainicio>
  <datafim>25-10-2012</datafim>
 </encontro>
 <encontro>
  <cidade>Águas de Lindoia</cidade>
  <estado>SP</estado>
  <datainicio>23-outubro-2013</datainicio>
  <datafim>27-10-2013</datafim>
 </encontro>
 <encontro>
  <cidade>Caxambu</cidade>
  <estado>MG</estado>
  <datainicio>27-outubro-2014</datainicio>
  <datafim>30-10-2014</datafim>
 </encontro>
 <encontro>
  <cidade>Caxambu</cidade>
  <estado>MG</estado>
  <datainicio>26-outubro-2015</datainicio>
  <datafim>30-10-2015</datafim>
 </encontro>
 <encontro>
  <cidade>Caxambu</cidade>
  <estado>MG</estado>
  <datainicio>24-outubro-2016</datainicio>
  <datafim>28-10-2016</datafim>
 </encontro>
</encontros>