<?xml version="1.0" ?>
<ensaiosfotograficos>
 <participante>
  <nome>Ana Beatriz Viana Mendes</nome>
  <instituicao>UFSC</instituicao>
  <ensaio>
   <nome>Um cantinho do Parque Nacional do Jaú (2004, Amazonas)</nome>
   <ano>2004</ano>
  </ensaio>
 </participante>
 <participante>
  <nome>Ana Luiza de Abreu Claudio</nome>
  <instituicao>PROMOART</instituicao>
  <ensaio>
   <nome>Pelas tramas e traçados amazônicos - Um ensaio fotográfico sobre o artesanato de Novo Airão (2009/2010, Novo Airão/AM)</nome>
   <ano>2011</ano>
  </ensaio>
 </participante>
 <participante>
  <nome>Ana Luiza Sallas</nome>
  <ensaio>
   <nome>Um lar em terra estranha: etnografia visual da Casa da Estudante (Paraná)</nome>
   <ano>2006</ano>
  </ensaio>
 </participante>
 <participante>
  <nome>Ana Maria de Niemeyer</nome>
  <instituicao>UNICAMP</instituicao>
  <ensaio>
   <nome>Desenhos e mapas na orientação espacial: pesquisa e ensino de Antropologia</nome>
   <ano>1993</ano>
  </ensaio>
 </participante>
 <participante>
  <nome>Ana Paula Alves Ribeiro</nome>
  <instituicao>UERJ</instituicao>
  <ensaio>
   <nome>‘Lava suas contas, leva tuas fitas e celebra tua fé’: A festa de Iemanjá do Mercadão de Madureira e a sua presença em Copacabana (2011 e 2014, Rio de Janeiro)</nome>
   <ano>2015</ano>
  </ensaio>
 </participante>
 <participante>
  <nome>Angelo José da Silva</nome>
  <instituicao>UFPR</instituicao>
  <ensaio>
   <nome>No princípio era o verbo (2004 e 2005, Curitiba/PR)</nome>
   <ano>2005</ano>
  </ensaio>
 </participante>
 <participante>
  <nome>Alfredo Barros</nome>
  <instituicao>UFRGS</instituicao>
  <ensaio>
   <nome>No princípio era o verbo (2004 e 2005, Curitiba/PR)</nome>
  </ensaio>
 </participante>
 <participante>
  <nome>Aline Tigueiro Vicente</nome>
  <ensaio>
   <nome>Movimento das águas caboclas: uma narrativa visual sobre cotidiano e ruptura na comunidade pesqueira de Regência Augusta-ES</nome>
   <ano>2012</ano>
  </ensaio>
 </participante>
 <participante>
  <nome>Antônia Gabriela Pereira de Araújo</nome>
  <instituicao>UFC</instituicao>
  <ensaio>
   <nome>Vaqueiros do mar de Bitupitá (2013, Praia de Bitupitá, Barroquinha – CE)</nome>
   <ano>2015</ano>
  </ensaio>
 </participante>
 <participante>
  <nome>Antonio Brasiliano</nome>
  <ensaio>
   <nome>Imagem e conhecimentos contra-hegemônicos: indícios de possíveis configurações político-estéticas (São Paulo)</nome>
   <ano>2006</ano>
  </ensaio>
 </participante>
 <participante>
  <nome>Aristóteles Barcelos</nome>
  <instituicao>USP</instituicao>
  <ensaio>
   <nome>Yawary: um ritual funerário no tempo das plêiades</nome>
   <ano>2005</ano>
  </ensaio>
 </participante>
 <participante>
  <nome>Bertrand de Souza Lira</nome>
  <instituicao>UFPB</instituicao>
  <ensaio>
   <nome>A fotografia na Paraíba (1850-1950)</nome>
   <ano>2000</ano>
  </ensaio>
 </participante>
 <participante>
  <nome>Brigitte Bagnol</nome>
  <instituicao>Univ. Witwatersrand – África do Sul</instituicao>
  <ensaio>
   <nome>(Ti)nyanga: Encarnação, histórias e memórias (2008)</nome>
   <ano>2010</ano>
  </ensaio>
 </participante>
 <participante>
  <nome>Camila de Sousa</nome>
  <ensaio>
   <nome>3x4 (três por quatro)</nome>
   <ano>2013</ano>
  </ensaio>
 </participante>
 <participante>
  <nome>Camille Vergara</nome>
  <instituicao>UERJ</instituicao>
  <ensaio>
   <nome>Museu de colagens urbanas, os Haouka da Copa do Mundo (2014/2015, Rio de Janeiro)</nome>
   <ano>2015</ano>
  </ensaio>
 </participante>
 <participante>
  <nome>Charlene Sales Bicalho</nome>
  <ensaio>
   <nome>Museu de colagens urbanas, os Haouka da Copa do Mundo (2014/2015, Rio de Janeiro)</nome>
  </ensaio>
  <ensaio>
   <nome>Olha pra trás e põe sentido (2011, Contagem/MG)</nome>
   <ano>2011</ano>
  </ensaio>
 </participante>
 <participante>
  <nome>Clarice Cohn</nome>
  <instituicao>UFSCar</instituicao>
  <ensaio>
   <nome>A ornamentação das crianças mebengokré-xikrin</nome>
   <ano>2009</ano>
  </ensaio>
 </participante>
 <participante>
  <nome>Cleiton Machado Maia</nome>
  <ensaio>
   <nome>Salamandra – onde ciganos se encontram</nome>
   <ano>2013</ano>
  </ensaio>
 </participante>
 <participante>
  <nome>Daniel Bitter</nome>
  <instituicao>UFRJ</instituicao>
  <ensaio>
   <nome>Os três reis hoje vêm lhe visitar</nome>
   <ano>2007</ano>
  </ensaio>
 </participante>
 <participante>
  <nome>Denise Barros</nome>
  <ensaio>
   <nome>Cores da vida Dogon (1994-1996, República do Mali)</nome>
   <ano>2004</ano>
  </ensaio>
 </participante>
 <participante>
  <nome>Diogo Lyra</nome>
  <instituicao>UFRJ</instituicao>
  <ensaio>
   <nome>Violência que fala, violência que cala.</nome>
   <ano>2014</ano>
  </ensaio>
 </participante>
 <participante>
  <nome>Diego da Silva</nome>
  <instituicao>UFF</instituicao>
  <ensaio>
   <nome>Pedra do Sal: um território negro? (2014, Rio de Janeiro)</nome>
   <ano>2015</ano>
  </ensaio>
 </participante>
 <participante>
  <nome>Edilson S. Pereira</nome>
  <instituicao>MN/UFRJ</instituicao>
  <ensaio>
   <nome>Tempo Santo: uma festa em Ouro Preto (2010)</nome>
   <ano>2010</ano>
  </ensaio>
 </participante>
 <participante>
  <nome>Eduardo Soares Queiroz Festa</nome>
  <ensaio>
   <nome>da pega do boi na mata:  a devoção entre dois Santos e a apanha do boi na Caatinga</nome>
   <ano>2013</ano>
  </ensaio>
  <ensaio>
   <nome>Festa das almas</nome>
   <ano>2012</ano>
  </ensaio>
 </participante>
 <participante>
  <nome>Eduardo Viana Vargas</nome>
  <instituicao>UFMG</instituicao>
  <ensaio>
   <nome>Vi elas (2002-2004, Belo Horizonte/MG)</nome>
   <ano>2004</ano>
  </ensaio>
 </participante>
 <participante>
  <nome>Elisa Maria Cabral</nome>
  <instituicao>UFPB</instituicao>
  <ensaio>
   <nome>A fotografia na Paraíba (1850-1950)</nome>
   <ano>2000</ano>
  </ensaio>
  <ensaio>
   <nome>Ritmos do trabalho: uma poética visual</nome>
   <ano>2000</ano>
  </ensaio>
 </participante>
 <participante>
  <nome>Esmeralda Mariano</nome>
  <instituicao>Univ. Eduardo Mondlano – Moçambique</instituicao>
  <ensaio>
   <nome>(Ti)nyanga: Encarnação, histórias e memórias (2008)</nome>
   <ano>2010</ano>
  </ensaio>
 </participante>
 <participante>
  <nome>Fábia Berlatto</nome>
  <ensaio>
   <nome>Um lar em terra estranha: etnografia visual da Casa da Estudante (Paraná)</nome>
   <ano>2006</ano>
  </ensaio>
 </participante>
 <participante>
  <nome>Felipe Berocan Veiga</nome>
  <instituicao>UFG</instituicao>
  <ensaio>
   <nome>A folia da roça em Pirenópolis: antropologia de uma festa em movimento</nome>
   <ano>2002</ano>
  </ensaio>
 </participante>
 <participante>
  <nome>Fernanda Rechenberg</nome>
  <instituicao>UFRGS</instituicao>
  <ensaio>
   <nome>Para se guardar na memória: imagens do Cristal (2008)</nome>
   <ano>2009</ano>
  </ensaio>
 </participante>
 <participante>
  <nome>Fernando de Tacca</nome>
  <instituicao>UNICAMP</instituicao>
  <ensaio>
   <nome>Observações fortuitas sobre o Japão</nome>
   <ano>2001</ano>
  </ensaio>
 </participante>
 <participante>
  <nome>Flora Ardenghi Dutra</nome>
  <ensaio>
   <nome>O espectral no Morro do Vidigal</nome>
   <ano>2013</ano>
  </ensaio>
 </participante>
 <participante>
  <nome>Francilins Castilho Real</nome>
  <instituicao>UFMG</instituicao>
  <ensaio>
   <nome>Vi elas (2002-2004, Belo Horizonte/MG)</nome>
   <ano>2004</ano>
  </ensaio>
 </participante>
 <participante>
  <nome>Gabriel Q. Kubrusly</nome>
  <instituicao>UFRJ</instituicao>
  <ensaio>
   <nome>Violência que fala, violência que cala.</nome>
   <ano>2014</ano>
  </ensaio>
 </participante>
 <participante>
  <nome>Gianni Puzzo</nome>
  <ensaio>
   <nome>Cores da vida Dogon (1994-1996, República do Mali)</nome>
   <ano>2004</ano>
  </ensaio>
 </participante>
 <participante>
  <nome>Hector Alimonda</nome>
  <instituicao>UFRRJ</instituicao>
  <ensaio>
   <nome>Mar de morros</nome>
   <ano>1998</ano>
  </ensaio>
 </participante>
 <participante>
  <nome>Henrique Parra</nome>
  <ensaio>
   <nome>Imagem e conhecimentos contra-hegemônicos: indícios de possíveis configurações político-estéticas (São Paulo)</nome>
   <ano>2006</ano>
  </ensaio>
 </participante>
 <participante>
  <nome>Ivete Previtalli</nome>
  <ensaio>
   <nome>Caboclo de muitas águas</nome>
   <ano>2012</ano>
  </ensaio>
 </participante>
 <participante>
  <nome>Isis Maria Lustosa</nome>
  <ensaio>
   <nome>Festa da pega do boi na mata:  a devoção entre dois Santos e a apanha do boi na Caatinga</nome>
   <ano>2013</ano>
  </ensaio>
  <ensaio>
   <nome>Festa das almas</nome>
   <ano>2012</ano>
  </ensaio>
 </participante>
 <participante>
  <nome>José de Souza Martins</nome>
  <instituicao>USP</instituicao>
  <ensaio>
   <nome>A pátria em jogo – Expressões da emoção de pátria nos torcedores de rua das Copas do Mundo de 1998, 2002, 2006.</nome>
   <ano>2007</ano>
  </ensaio>
 </participante>
 <participante>
  <nome>Juliana Lobo de Queiroz</nome>
  <instituicao>UFPE</instituicao>
  <ensaio>
   <nome>Altares do povo</nome>
   <ano>2001</ano>
  </ensaio>
  <ensaio>
   <nome>Quinhentos anos: a outra história</nome>
   <ano>2000</ano>
  </ensaio>
 </participante>
 <participante>
  <nome>Laurita Caldas dos Santos</nome>
  <instituicao>UFPB</instituicao>
  <ensaio>
   <nome>Ritmos do trabalho: uma poética visual</nome>
   <ano>2000</ano>
  </ensaio>
 </participante>
 <participante>
  <nome>Leila Lofego Rodrigues</nome>
  <instituicao>UnB</instituicao>
  <ensaio>
   <nome>Cinzas Sagradas: imagens da transcendência</nome>
   <ano>2002</ano>
  </ensaio>
 </participante>
 <participante>
  <nome>Lilia Schwarcz</nome>
  <instituicao>USP</instituicao>
  <ensaio>
   <nome>Exposição Emancipações - inclusão e exclusão, desafios do passado e do presente</nome>
   <ano>2013</ano>
  </ensaio>
 </participante>
 <participante>
  <nome>Liliane Stanisçuaski Guterres</nome>
  <instituicao>UFRJ</instituicao>
  <ensaio>
   <nome>Dois carnavais: Sinfonia de Ansina e Imperadores do Samba (Brasil e Uruguai)</nome>
   <ano>1999</ano>
  </ensaio>
  <ensaio>
   <nome>Segredo farroupilha: um roteiro de imagens</nome>
   <ano>1999</ano>
  </ensaio>
 </participante>
 <participante>
  <nome>Luciana Hartmann</nome>
  <instituicao>UFSC</instituicao>
  <ensaio>
   <nome>Retratos, gestos e silêncio – imagens de contadores e contadoras de “causos” da Campanha do Rio Grande do Sul</nome>
   <ano>2000</ano>
  </ensaio>
 </participante>
 <participante>
  <nome>Luiza de Paula Souza Serber</nome>
  <instituicao>UNICAMP</instituicao>
  <ensaio>
   <nome>Olhar Visível</nome>
   <ano>2014</ano>
  </ensaio>
 </participante>
 <participante>
  <nome>Madalena Schwartz</nome>
  <ensaio>
   <nome>Crisálidas (Instituto Moreira Sales)</nome>
   <ano>2012</ano>
  </ensaio>
 </participante>
 <participante>
  <nome>Maria Alice Rezende Gonçalves</nome>
  <instituicao>UERJ</instituicao>
  <ensaio>
   <nome>‘Lava suas contas, leva tuas fitas e celebra tua fé’: A festa de Iemanjá do Mercadão de Madureira e a sua presença em Copacabana (2011 e 2014, Rio de Janeiro)</nome>
   <ano>2015</ano>
  </ensaio>
 </participante>
 <participante>
  <nome>Maria Eunice Maciel</nome>
  <instituicao>UFRGS</instituicao>
  <ensaio>
   <nome>A Officina de Anthropologia Criminal. Porto Alegre, final do século XIX e início do século XX</nome>
   <ano>2000</ano>
  </ensaio>
 </participante>
 <participante>
  <nome>a outra história</nome>
  <instituicao>UFPE</instituicao>
  <ensaio>
   <nome>Maria do Carmo Brandão (UFPE)Altares do povo</nome>
   <ano>2001</ano>
  </ensaio>
  <ensaio>
   <nome>Quinhentos anos: a outra história</nome>
   <ano>2000</ano>
  </ensaio>
 </participante>
 <participante>
  <nome>Maria Helena Machado</nome>
  <instituicao>USP</instituicao>
  <ensaio>
   <nome>Exposição Emancipações - inclusão e exclusão, desafios do passado e do presente</nome>
   <ano>2013</ano>
  </ensaio>
 </participante>
 <participante>
  <nome>Mariana Emiliano Simões</nome>
  <ensaio>
   <nome>Olha pra trás e põe sentido (2011, Contagem/MG)</nome>
   <ano>2011</ano>
  </ensaio>
 </participante>
 <participante>
  <nome>Mariana Siena</nome>
  <instituicao>UFSCar</instituicao>
  <ensaio>
   <nome>Vivendo o desastre: relatos de um cotidiano em ruinas (2010)</nome>
   <ano>2010</ano>
  </ensaio>
 </participante>
 <participante>
  <nome>Marta Hameister</nome>
  <instituicao>UFRGS</instituicao>
  <ensaio>
   <nome>A Officina de Anthropologia Criminal. Porto Alegre, final do século XIX e início do século XX</nome>
   <ano>2000</ano>
  </ensaio>
 </participante>
 <participante>
  <nome>Milton Guram</nome>
  <instituicao>UCAM</instituicao>
  <ensaio>
   <nome>Agudás: os “brasileiros” da África</nome>
   <ano>2001</ano>
  </ensaio>
 </participante>
 <participante>
  <nome>Miriam Adelman</nome>
  <instituicao>UFPR</instituicao>
  <ensaio>
   <nome>Prendas, peões e tradições ressignificadas: culturas equestres populares no estado de Paraná (2014, São José dos Pinhais, Fazenda Rio Grande e Lapa, PR)</nome>
   <ano>2015</ano>
  </ensaio>
 </participante>
 <participante>
  <nome>Neiva Rosa Garcia</nome>
  <instituicao>UFRGS</instituicao>
  <ensaio>
   <nome>Estátua Viva</nome>
   <ano>2002</ano>
  </ensaio>
 </participante>
 <participante>
  <nome>Neusa Maria Bloemer</nome>
  <instituicao>UFSC</instituicao>
  <ensaio>
   <nome>A cozinha e suas múltiplas funções e significados entre agricultores no Planalto Catarinense</nome>
   <ano>2002</ano>
  </ensaio>
 </participante>
 <participante>
  <nome>Norma Valencio</nome>
  <instituicao>UFSCar</instituicao>
  <ensaio>
   <nome>Vivendo o Desastre: retratos de um cotidiano em ruinas (2010)</nome>
   <ano>2010</ano>
  </ensaio>
 </participante>
 <participante>
  <nome>Patrícia Rodolpho</nome>
  <instituicao>UFRGS</instituicao>
  <ensaio>
   <nome>Festa política (1998, Rio Grande do Sul)</nome>
   <ano>1999</ano>
  </ensaio>
  <ensaio>
   <nome>Rua da Praia</nome>
   <ano>1999</ano>
  </ensaio>
 </participante>
 <participante>
  <nome>Paula Biazus</nome>
  <instituicao>UFRGS</instituicao>
  <ensaio>
   <nome>Personagens e paisagens da Praça da Alfândega (2003, Porto Alegre)</nome>
   <ano>2004</ano>
  </ensaio>
 </participante>
 <participante>
  <nome>Rafael Devos</nome>
  <ensaio>
   <nome>Festa política (1998, Rio Grande do Sul)</nome>
   <ano>1999</ano>
  </ensaio>
 </participante>
 <participante>
  <nome>Raquel Duarte Venturato</nome>
  <instituicao>USP</instituicao>
  <ensaio>
   <nome>Mandioca: do mito da ameaça ambiental à invisibilidade de práticas sociais (2009/2010, Reserva Amanã/AM)</nome>
   <ano>2011</ano>
  </ensaio>
 </participante>
 <participante>
  <nome>Sandra J. Pesavento</nome>
  <instituicao>UFRGS</instituicao>
  <ensaio>
   <nome>A Officina de Anthropologia Criminal. Porto Alegre, final do século XIX e início do século XX</nome>
   <ano>2000</ano>
  </ensaio>
 </participante>
 <participante>
  <nome>Sarah Siqueira de Miranda</nome>
  <instituicao>UFBA</instituicao>
  <ensaio>
   <nome>PKK: viver é resistir (2011, Curdistão Iraquiano)</nome>
   <ano>2011</ano>
  </ensaio>
 </participante>
 <participante>
  <nome>Sara Raquel Nacif Baião</nome>
  <ensaio>
   <nome>Romeiros: corpos em oração</nome>
   <ano>2012</ano>
  </ensaio>
 </participante>
 <participante>
  <nome>Sebastião Nascimento</nome>
  <instituicao>UNICAMP</instituicao>
  <ensaio>
   <nome>Naufragar em ruínas: instantâneos da catástrofe burocrática por trás do programa emergencial de cooperação acadêmica para a reconstrução concebido em Port-au-Prince e sabotado em Brasília (2010, Port-au-Prince/Haiti)</nome>
   <ano>2010</ano>
  </ensaio>
 </participante>
 <participante>
  <nome>Sergio Burgi</nome>
  <instituicao>IMS</instituicao>
  <ensaio>
   <nome>Exposição Emancipações - inclusão e exclusão, desafios do passado e do presente</nome>
   <ano>2013</ano>
  </ensaio>
 </participante>
 <participante>
  <nome>Silvia Helena dos Santos Cardoso</nome>
  <instituicao>UNICAMP</instituicao>
  <ensaio>
   <nome>Exposição Emancipações - inclusão e exclusão, desafios do passado e do presente</nome>
  </ensaio>
 </participante>
 <participante>
  <nome>Sophia Ferreira Pinheiro</nome>
  <instituicao>UFG</instituicao>
  <ensaio>
   <nome>Notas de falecimento (Goiânia – GO, 2015)</nome>
   <ano>2015</ano>
  </ensaio>
 </participante>
 <participante>
  <nome>Suely Kofes</nome>
  <instituicao>UNICAMP</instituicao>
  <ensaio>
   <nome>Olhar Visível</nome>
   <ano>2014</ano>
  </ensaio>
 </participante>
 <participante>
  <nome>Syntia Pereira Alves</nome>
  <instituicao>PUC-SP</instituicao>
  <ensaio>
   <nome>Caboclo de muitas águas</nome>
   <ano>2012</ano>
  </ensaio>
  <ensaio>
   <nome>Catolicismo em Madri (Espanha) – Imagens da Semana Santa na Capital Espanhola</nome>
   <ano>2009</ano>
  </ensaio>
 </participante>
 <participante>
  <nome>Sylvia Caiuby Novaes</nome>
  <instituicao>USP</instituicao>
  <ensaio>
   <nome>A viagem e o exercício do olhar: imagens da Etiópia, 2005 A viagem e o exercício do olhar</nome>
   <ano>2007</ano>
  </ensaio>
 </participante>
 <participante>
  <nome>Roberto Motta</nome>
  <instituicao>UFPE</instituicao>
  <ensaio>
   <nome>Altares do povo</nome>
   <ano>2001</ano>
  </ensaio>
 </participante>
 <participante>
  <nome>Rinaldo Sergio Vieira Arruda</nome>
  <instituicao>PUC-SP</instituicao>
  <ensaio>
   <nome>Vida urbana (2009)</nome>
   <ano>2010</ano>
  </ensaio>
 </participante>
 <participante>
  <nome>Telma Camargo da Silva</nome>
  <instituicao>UFG</instituicao>
  <ensaio>
   <nome>As Ritxòkò do Araguaia: arte das mulheres Karajá (2009 e 2010)</nome>
   <ano>2010</ano>
  </ensaio>
 </participante>
 <participante>
  <nome>Victor Marchezini</nome>
  <instituicao>UFSCar</instituicao>
  <ensaio>
   <nome>Vivendo o desastre: relatos de um cotidiano em ruínas (2010)</nome>
   <ano>2010</ano>
  </ensaio>
 </participante>
 <participante>
  <nome>Winfred Knox</nome>
  <ensaio>
   <nome>Movimento das águas caboclas: uma narrativa visual sobre cotidiano e ruptura na comunidade pesqueira de Regência Augusta-ES</nome>
   <ano>2012</ano>
  </ensaio>
 </participante>
</ensaiosfotograficos>