<?xml version="1.0" ?>
<filmes>
 <participante>
  <nome>Adelina Novaes e Cruz</nome>
  <instituicao>CPDOC/FGV-RJ</instituicao>
  <filme>
   <nome>Memória do documentário brasileiro: histórias de vida (2013, 15min, Rio de Janeiro/RJ)</nome>
   <ano>2014</ano>
  </filme>
 </participante>
 <participante>
  <nome>Adelina Pontual</nome>
  <filme>
   <nome>Samydarsh: os artistas da rua (1993, 13min, Brasil)</nome>
   <ano>1995</ano>
  </filme>
 </participante>
 <participante>
  <nome>Adriana Calari</nome>
  <filme>
   <nome>Os velhos na propaganda (1996, 21min, Brasil)</nome>
   <ano>1996</ano>
  </filme>
 </participante>
 <participante>
  <nome>Alberto Lopez Mejía</nome>
  <filme>
   <nome>Escola Anastácia (1994, 7min, Brasil)</nome>
   <ano>1995</ano>
  </filme>
 </participante>
 <participante>
  <nome>Alexandre Fleming Câmara Vale</nome>
  <instituicao>UFC</instituicao>
  <filme>
   <nome>Cinema Caradura (2009, 45min, Fortaleza)</nome>
   <ano>2010</ano>
  </filme>
 </participante>
 <participante>
  <nome>Adriana Mattoso</nome>
  <filme>
   <nome>Bocaina – Caminhos do Alto (1990, 30min)</nome>
   <ano>1991</ano>
  </filme>
 </participante>
 <participante>
  <nome>Alex Vailati</nome>
  <instituicao>UFSC</instituicao>
  <filme>
   <nome>Naufrágio (2014, 52mm, Florianópolis/SC)</nome>
   <ano>2015</ano>
  </filme>
 </participante>
 <participante>
  <nome>Alfredo Alves</nome>
  <filme>
   <nome>Acorda Raimundo, Acorda! (1990, 15min)</nome>
   <ano>1991</ano>
  </filme>
 </participante>
 <participante>
  <nome>Ana Clara Torres Ribeiro</nome>
  <instituicao>UFRJ</instituicao>
  <filme>
   <nome>Espaços do poder (1995, 20min, Brasil)</nome>
   <ano>1995</ano>
  </filme>
 </participante>
 <participante>
  <nome>Ana Maria Dietrich</nome>
  <instituicao>UFABC</instituicao>
  <filme>
   <nome>Neblina sobre os trilhos (2011, 36min, Santo André/SP)</nome>
   <ano>2012</ano>
  </filme>
 </participante>
 <participante>
  <nome>Ana Maria Galano</nome>
  <instituicao>UFRJ</instituicao>
  <filme>
   <nome>Continuidades e Rupturas (1991, 55min, Rio de Janeiro)</nome>
   <ano>1992</ano>
  </filme>
  <filme>
   <nome>Caminhos do Conhecimento (1991, 52min)</nome>
   <ano>1992</ano>
  </filme>
 </participante>
 <participante>
  <nome>Ana Lucia Ferraz</nome>
  <instituicao>USP</instituicao>
  <filme>
   <nome>Amores de Circo (2009, 40min, São Paulo)</nome>
   <ano>2010</ano>
  </filme>
  <filme>
   <nome>Foi através da necessidade (2003, 20 min, São Paulo)</nome>
   <ano>2004</ano>
  </filme>
  <filme>
   <nome>Maria Lacerda de Moura – Trajetória de uma rebelde (2003, 33min)</nome>
   <ano>2003</ano>
  </filme>
 </participante>
 <participante>
  <nome>Ana Luiza Carvalho da Rocha</nome>
  <instituicao>UFRGS</instituicao>
  <filme>
   <nome>Narradores urbanos. Etnografia nas cidades brasileiras. Alba Zaluar. (2014, 17 min, Porto Alegre/RS)</nome>
   <ano>2014</ano>
  </filme>
  <filme>
   <nome>DVD interativo etnografias do trabalho: trajetórias e cotidiano (2011, 15 min, Porto Alegre/RS)</nome>
   <ano>2014</ano>
  </filme>
  <filme>
   <nome>Narradores Urbanos: Antropologia Urbana e Etnografia nas Cidades Brasileiras. Ruth Cardoso. (2009, 13min, Porto Alegre/RS)</nome>
   <ano>2010</ano>
  </filme>
  <filme>
   <nome>A tradição do Bará do mercado público (55min)</nome>
   <ano>2009</ano>
  </filme>
  <filme>
   <nome>Narradores Urbanos – José Guilherme Magnani (20min)</nome>
   <ano>2009</ano>
  </filme>
  <filme>
   <nome>Narradores Urbanos – Eunice Durham (17min)</nome>
   <ano>2009</ano>
  </filme>
  <filme>
   <nome>Narradores Urbanos – Rio de Janeiro: Gilberto Velho (17min)</nome>
   <ano>2009</ano>
  </filme>
  <filme>
   <nome>A morada das águas (2003, 25min, Rio Grande do Sul)</nome>
   <ano>2007</ano>
  </filme>
  <filme>
   <nome>O cinema é como uma dança (2003, 35min, Rio Grande do Sul)</nome>
   <ano>2005</ano>
  </filme>
  <filme>
   <nome>Arqueologias urbanas, memórias do mundo (1997, 38min)</nome>
   <ano>2005</ano>
  </filme>
  <filme>
   <nome>A cidade e suas ruínas (1997, 28min)</nome>
   <ano>1999</ano>
  </filme>
  <filme>
   <nome>A herança do Tronco Velho (1999, 30min)</nome>
   <ano>1999</ano>
  </filme>
 </participante>
 <participante>
  <nome>Ana Rosa Marques</nome>
  <filme>
   <nome>Dias de feira (1999, 30min)</nome>
   <ano>1999</ano>
  </filme>
 </participante>
 <participante>
  <nome>André Parente</nome>
  <filme>
   <nome>Sentidos (1989, 50min)</nome>
   <ano>1990</ano>
  </filme>
 </participante>
 <participante>
  <nome>Andrea Brandão Lapa</nome>
  <instituicao>UFRJ</instituicao>
  <filme>
   <nome>Espaços do poder (1995, 20min, Brasil)</nome>
   <ano>1995</ano>
  </filme>
 </participante>
 <participante>
  <nome>Andrea Cardarello</nome>
  <filme>
   <nome>Ciranda, cirandinha (1994, 12min, Brasil)</nome>
   <ano>1994</ano>
  </filme>
 </participante>
 <participante>
  <nome>Anelise Gutterres</nome>
  <instituicao>UFRGS</instituicao>
  <filme>
   <nome>Mestre Borel: a ancestralidade negra em Porto Alegre (2010, 55min, Rio Grande do Sul)</nome>
   <ano>2010</ano>
  </filme>
 </participante>
 <participante>
  <nome>Arbel Griner</nome>
  <instituicao>CPDOC/FGV-RJ</instituicao>
  <filme>
   <nome>Memória do documentário brasileiro: histórias de vida (2013, 15min, Rio de Janeiro/RJ)</nome>
   <ano>2014</ano>
  </filme>
 </participante>
 <participante>
  <nome>Aristóteles Barcelos Neto</nome>
  <filme>
   <nome>Wauja. A dança das grandes máscaras amazônicas (28min)</nome>
   <ano>2006</ano>
  </filme>
 </participante>
 <participante>
  <nome>Ary Nicodemos Trentin</nome>
  <instituicao>UCS</instituicao>
  <filme>
   <nome>Estações (1989, 12min, Rio Grande do Sul)</nome>
   <ano>1992</ano>
  </filme>
 </participante>
 <participante>
  <nome>Barbara Copque</nome>
  <instituicao>UERJ</instituicao>
  <filme>
   <nome>Roberto DaMatta: seus carnavais, malandros e heróis (2013, 40min, Rio d Janeiro/40min, Rio de Janeiro/RJ)</nome>
   <ano>2014</ano>
  </filme>
 </participante>
 <participante>
  <nome>Bela Feldman-Bianco</nome>
  <filme>
   <nome>Saudade (1991, 59min)</nome>
   <ano>1992</ano>
  </filme>
 </participante>
 <participante>
  <nome>Belisário França</nome>
  <filme>
   <nome>Além-mar: identidade (1999, 50min)</nome>
   <ano>1999</ano>
  </filme>
  <filme>
   <nome>Folia na Bahia (1990, 30min)</nome>
  </filme>
 </participante>
 <participante>
  <nome>Bernardo Buarque de Hollanda</nome>
  <instituicao>CPDOC/FGV-RJ</instituicao>
  <filme>
   <nome>Territórios do Torcer (2015, 30 min, Rio de Janeiro/RJ)</nome>
   <ano>2015</ano>
  </filme>
  <filme>
   <nome>A voz da arquibancada: narrativas de lideranças da FTORJ (2014, 23 min, Rio de Janeiro / RJ)</nome>
   <ano>2014</ano>
  </filme>
 </participante>
 <participante>
  <nome>Bernardo Bortolotti</nome>
  <instituicao>CPDOC/FGV-RJ</instituicao>
  <filme>
   <nome>A voz da arquibancada: narrativas de lideranças da FTORJ (2014, 23 min, Rio de Janeiro /RJ)</nome>
   <ano>2014</ano>
  </filme>
 </participante>
 <participante>
  <nome>Berta Regina Meirinho Paixão</nome>
  <instituicao>LAYCAB</instituicao>
  <filme>
   <nome>Conhecendo as letrinhas com o menino curioso</nome>
   <ano>1995</ano>
  </filme>
 </participante>
 <participante>
  <nome>Bia Lessa</nome>
  <filme>
   <nome>Crede-mi (1996, 75min, Brasil)</nome>
   <ano>1998</ano>
  </filme>
 </participante>
 <participante>
  <nome>Bianca Costa</nome>
  <filme>
   <nome>Mulher e trabalho (22min, Minas Gerais)</nome>
   <ano>2006</ano>
  </filme>
 </participante>
 <participante>
  <nome>Bianca Brandão</nome>
  <filme>
   <nome>A palavra que me leva além: estórias do Hip Hop carioca (1990, 30min, Rio de Janeiro)</nome>
   <ano>2002</ano>
  </filme>
 </participante>
 <participante>
  <nome>Bienvenido Gómez</nome>
  <filme>
   <nome>Não jogue fora seu lixo (15min)</nome>
   <ano>1990</ano>
  </filme>
 </participante>
 <participante>
  <nome>Bruno Pacheco de Oliveira</nome>
  <filme>
   <nome>Muita terra para pouco índio? (2002, 24min)</nome>
   <ano>2003</ano>
  </filme>
 </participante>
 <participante>
  <nome>Bruno Vianna</nome>
  <filme>
   <nome>Rosa (1994, 17min, Rio de Janeiro)</nome>
   <ano>2001</ano>
  </filme>
 </participante>
 <participante>
  <nome>Caco P. de Souza</nome>
  <filme>
   <nome>Clones. Bárbaros. Replicantes. (1994, 21min, Brasil)</nome>
   <ano>1996</ano>
  </filme>
  <filme>
   <nome>Tereza (1992, 16min, Brasil)</nome>
   <ano>1995</ano>
  </filme>
 </participante>
 <participante>
  <nome>Camilo Morano Vannuchi</nome>
  <instituicao>USP</instituicao>
  <filme>
   <nome>Ponteio (2001, 54min, Rio de Janeiro)</nome>
   <ano>2002</ano>
  </filme>
 </participante>
 <participante>
  <nome>Cardes Monção Amâncio</nome>
  <instituicao>CEFET/MG</instituicao>
  <filme>
   <nome>Ver-o-peso (2012, 31min, Belo Horizonte/MG)</nome>
   <ano>2012</ano>
  </filme>
 </participante>
 <participante>
  <nome>Carlos Cortez</nome>
  <filme>
   <nome>Geraldo Filme (1998, 52min, Brasil)</nome>
   <ano>1998</ano>
  </filme>
 </participante>
 <participante>
  <nome>Carlos Eduardo Nunes Ferreira</nome>
  <instituicao>UFRJ</instituicao>
  <filme>
   <nome>Palácio Gustavo Capanema, RJ: uma análise crítica</nome>
   <ano>1995</ano>
  </filme>
 </participante>
 <participante>
  <nome>Carlos Melo</nome>
  <filme>
   <nome>Sentidos (1989, 50min)</nome>
   <ano>1990</ano>
  </filme>
 </participante>
 <participante>
  <nome>Carlos Nader</nome>
  <filme>
   <nome>Beijoqueiro – retrato de um serial kisser (1992, 29min, Brasil)</nome>
   <ano>1998</ano>
  </filme>
 </participante>
 <participante>
  <nome>Carmen Rial</nome>
  <instituicao>UFSC</instituicao>
  <filme>
   <nome>Germaine Tilion: onde há perigo, o encontramos (2007, 45min, Santa Catarina)</nome>
   <ano>2007</ano>
  </filme>
  <filme>
   <nome>Lição de Rouch (2006, 8min)</nome>
   <ano>2010</ano>
  </filme>
  <filme>
   <nome>Mauss, segundo suas alunas (2001, 40 min)</nome>
   <ano>2002</ano>
  </filme>
 </participante>
 <participante>
  <nome>Carlos Delpino</nome>
  <instituicao>UnB</instituicao>
  <filme>
   <nome>SOL, 25 anos de pós-graduação (1995, 21min, Brasil)</nome>
   <ano>1995</ano>
  </filme>
 </participante>
 <participante>
  <nome>Carolina Caffé</nome>
  <instituicao>USP</instituicao>
  <filme>
   <nome>Lá do Leste (2010, 28min, São Paulo)</nome>
   <ano>2011</ano>
  </filme>
 </participante>
 <participante>
  <nome>Catarina Alves Costa</nome>
  <filme>
   <nome>Swagatan (1998, 50min)</nome>
   <ano>1999</ano>
  </filme>
 </participante>
 <participante>
  <nome>Cécile Chagnaud</nome>
  <instituicao>UFRN</instituicao>
  <filme>
   <nome>Rosário Negro (2015, 49min, Jardim do Seridó/RN)</nome>
   <ano>2015</ano>
  </filme>
 </participante>
 <participante>
  <nome>Celina R. Hulzer</nome>
  <filme>
   <nome>Rompendo a Barreira do Som</nome>
   <ano>1990</ano>
  </filme>
 </participante>
 <participante>
  <nome>Celso Brandão Tecido e memória</nome>
  <instituicao>70min</instituicao>
  <filme>
   <nome>Memória da vida e do trabalho (30min), 1992</nome>
   <ano>2009</ano>
  </filme>
 </participante>
 <participante>
  <nome>Chico Teixeira Criaturas que nasciam em segredo 1995</nome>
  <filme>
   <nome>21min, Brasil),Favelas, 1990</nome>
   <ano>1998</ano>
  </filme>
 </participante>
 <participante>
  <nome>Christina Tápies</nome>
  <filme>
   <nome>Os ossos da terra (24min)</nome>
   <ano>2009</ano>
  </filme>
 </participante>
 <participante>
  <nome>Claudia Fonseca</nome>
  <instituicao>UFRGS</instituicao>
  <filme>
   <nome>Ciranda, cirandinha (1994, 12min, Brasil)</nome>
   <ano>1994</ano>
  </filme>
 </participante>
 <participante>
  <nome>Claudia Turram</nome>
  <filme>
   <nome>A oferenda do sabiá (2004, 25min, França e Brasil)</nome>
   <ano>2005</ano>
  </filme>
  <filme>
   <nome>Habitantes da rua (1996, 52min, Brasil)</nome>
   <ano>1996</ano>
  </filme>
 </participante>
 <participante>
  <nome>Cláudio Assis</nome>
  <filme>
   <nome>Samydarsh: os artistas da rua (1993, 13min, Brasil)</nome>
   <ano>1995</ano>
  </filme>
 </participante>
 <participante>
  <nome>Cláudio Costa Pinheiro</nome>
  <instituicao>CPDOC/FGV-Rio</instituicao>
  <filme>
   <nome>Mulaqat (2010, 67min, Índia e Brasil)</nome>
   <ano>2011</ano>
  </filme>
 </participante>
 <participante>
  <nome>Claudio Penteado</nome>
  <instituicao>UFABC</instituicao>
  <filme>
   <nome>Neblina sobre os trilhos (2011, 36min, Santo André/SP)</nome>
   <ano>2012</ano>
  </filme>
 </participante>
 <participante>
  <nome>2013 seus carnavais</nome>
  <instituicao>UERJ</instituicao>
  <filme>
   <nome>malandros e heróis (2013, 40min, Rio d Janeiro/40min, Rio de Janeiro/RJ)</nome>
  </filme>
  <filme>
   <nome>Gisele Omindarewa (2009, 71min, Rio de Janeiro e Berlim)</nome>
   <ano>2009</ano>
  </filme>
  <filme>
   <nome>Etienne Samain: de um caminho a outro (35min)</nome>
   <ano>2011</ano>
  </filme>
  <filme>
   <nome>Bebela e a Revolução Gaúcha de 1923 (2004, 30min)</nome>
   <ano>2004</ano>
  </filme>
  <filme>
   <nome>À la rencontre du pettit paradis (1993, 20min, Mission du Patrimolne Ethnographique de France)</nome>
   <ano>1993</ano>
  </filme>
 </participante>
 <participante>
  <nome>Clarisse Kubrusly</nome>
  <instituicao>MN/UFRJ</instituicao>
  <filme>
   <nome>Dona Joventina (2010, 26min, Rio de Janeiro e Recife)</nome>
   <ano>2012</ano>
  </filme>
 </participante>
 <participante>
  <nome>Cornelia Eckert</nome>
  <instituicao>UFRGS</instituicao>
  <filme>
   <nome>Narradores urbanos. Etnografia nas cidades brasileiras. Alba Zaluar. (2014, 17 min, Porto Alegre/RS)</nome>
   <ano>2014</ano>
  </filme>
  <filme>
   <nome>DVD interativo etnografias do trabalho: trajetórias e cotidiano (2011, 15 min, Porto Alegre/ RS)</nome>
   <ano>2011</ano>
  </filme>
  <filme>
   <nome>Narradores Urbanos: Antropologia Urbana e Etnografia nas Cidades Brasileiras. Ruth Cardoso. (2009, 13min, Porto Alegre/RS)</nome>
   <ano>2009</ano>
  </filme>
  <filme>
   <nome>Narradores Urbanos – José Guilherme Magnani (20min),Narradores Urbanos – Eunice Durham (17min)</nome>
   <ano>2009</ano>
  </filme>
  <filme>
   <nome>Narradores Urbanos – Rio de Janeiro: Gilberto Velho (17min),Iluminando a face escura da Lua: homenagem a Roberto Cardoso de Oliveira (60min)</nome>
   <ano>2007</ano>
  </filme>
  <filme>
   <nome>O cinema é como uma dança (2003, 35min, Rio Grande do Sul)</nome>
   <ano>2003</ano>
  </filme>
  <filme>
   <nome>Saudade em festa (1997, 18min)</nome>
   <ano>1997</ano>
  </filme>
 </participante>
 <participante>
  <nome>Cyntia Nogueira</nome>
  <filme>
   <nome>Dias de feira (1999, 30min)</nome>
   <ano>1999</ano>
  </filme>
 </participante>
 <participante>
  <nome>Dácia Ibiapina</nome>
  <filme>
   <nome>Palestina do Norte: o Araguaia passa por aqui (15min, Brasil)</nome>
   <ano>1999</ano>
  </filme>
 </participante>
 <participante>
  <nome>Daniel Keller</nome>
  <filme>
   <nome>Tse Ibiisi Abaaigio (Somos Apenas Corpos) (1991, 30min, Rio de Janeiro)</nome>
   <ano>1992</ano>
  </filme>
 </participante>
 <participante>
  <nome>Dany Roland</nome>
  <filme>
   <nome>Crede-mi (1996, 75min, Brasil)</nome>
   <ano>1998</ano>
  </filme>
 </participante>
 <participante>
  <nome>Danilo Scaldaferri</nome>
  <filme>
   <nome>Dias de feira (1999, 30min)</nome>
   <ano>1999</ano>
  </filme>
 </participante>
 <participante>
  <nome>Diego Sobral</nome>
  <instituicao>UFRJ</instituicao>
  <filme>
   <nome>Jorge Poema (2012, 14min27seg, Macaé/RJ e Carapebus/RJ)</nome>
   <ano>2012</ano>
  </filme>
 </participante>
 <participante>
  <nome>Divino Tserewahú</nome>
  <filme>
   <nome>Wai’á Rini, o poder do homem xavante (2001, 60min, Pernambuco)</nome>
   <ano>2001</ano>
  </filme>
  <filme>
   <nome>Hepari Idubrada: obrigado irmão (1998, 17min)</nome>
   <ano>1999</ano>
  </filme>
 </participante>
 <participante>
  <nome>Edgar Teodoro da Cunha</nome>
  <filme>
   <nome>Ritual da Vida (2005, 30min, São Paulo)</nome>
   <ano>2005</ano>
  </filme>
 </participante>
 <participante>
  <nome>Edson Passetti</nome>
  <instituicao>PUC-SP</instituicao>
  <filme>
   <nome>Carmen Junqueira-Kamaiurá. A antropologia MENOR (2010, 58min, São Paulo)</nome>
   <ano>2010</ano>
  </filme>
 </participante>
 <participante>
  <nome>Edson Tosta Matarezio Filho</nome>
  <instituicao>USP</instituicao>
  <filme>
   <nome>O que Lévi-Strauss deve aos Ameríndios? (2013, 50min, São Paulo/SP)</nome>
   <ano>2014</ano>
  </filme>
 </participante>
 <participante>
  <nome>Eduardo Coutinho</nome>
  <filme>
   <nome>Boca de lixo (1992, 50min, Rio de Janeiro)</nome>
   <ano>1993</ano>
  </filme>
 </participante>
 <participante>
  <nome>Eli Narciso Torres</nome>
  <instituicao>UNICAMP</instituicao>
  <filme>
   <nome>Remição (2013, 15min, Campo Grande/MS)</nome>
   <ano>2014</ano>
  </filme>
 </participante>
 <participante>
  <nome>Eliana Teles</nome>
  <instituicao>NCSA</instituicao>
  <filme>
   <nome>Entre a cidade e as ilhas (2010, 15min, Belém/PA)</nome>
   <ano>2012</ano>
  </filme>
 </participante>
 <participante>
  <nome>Elionardo Fernandes Julião</nome>
  <instituicao>PUC-RJ</instituicao>
  <filme>
   <nome>Casa de Correção (2002, 17min)</nome>
   <ano>2004</ano>
  </filme>
 </participante>
 <participante>
  <nome>Emilio Domingos</nome>
  <filme>
   <nome>A palavra que me leva além: estórias do Hip Hop carioca (1990, 30min, Rio de Janeiro)</nome>
   <ano>2002</ano>
  </filme>
 </participante>
 <participante>
  <nome>Elisa Maria Cabral</nome>
  <filme>
   <nome>A brincadeira dos cocos (1997, 18min)</nome>
   <ano>1997</ano>
  </filme>
  <filme>
   <nome>Espaços poéticos de Gaston Bachelard (1998, 15min, Brasil)</nome>
   <ano>1999</ano>
  </filme>
  <filme>
   <nome>Olhos da alma, cantos do coração (1999, 22min)</nome>
   <ano>1999</ano>
  </filme>
 </participante>
 <participante>
  <nome>Estevão Tutu Nunes</nome>
  <filme>
   <nome>Hepari Idubrada: obrigado irmão (1998, 17min)</nome>
   <ano>1999</ano>
  </filme>
 </participante>
 <participante>
  <nome>Eugênia Paim Cunha</nome>
  <filme>
   <nome>Viva a nossa comunidade (1992, 11min, Rio de Janeiro)</nome>
   <ano>1992</ano>
  </filme>
 </participante>
 <participante>
  <nome>Eunice Gutman</nome>
  <filme>
   <nome>Benedita da Silva (1990, 30min)</nome>
   <ano>1991</ano>
  </filme>
 </participante>
 <participante>
  <nome>Eva Alterman Blay</nome>
  <instituicao>USP</instituicao>
  <filme>
   <nome>Judeus em São Paulo (1984, 25min, São Paulo)</nome>
   <ano>1992</ano>
  </filme>
 </participante>
 <participante>
  <nome>Felipe Süssekind</nome>
  <instituicao>MN/UFRJ</instituicao>
  <filme>
   <nome>Onceiros (2012, 22min, Rio de Janeiro/RJ)</nome>
   <ano>2012</ano>
  </filme>
 </participante>
 <participante>
  <nome>Fernando Barros Junior</nome>
  <instituicao>UFPE</instituicao>
  <filme>
   <nome>Mulher d’água (2012, 4min28seg, Pernambuco)</nome>
   <ano>2012</ano>
  </filme>
 </participante>
 <participante>
  <nome>Fernando Firmo Luciano</nome>
  <instituicao>CINES/UFBA</instituicao>
  <filme>
   <nome>Marujo Olho Vivo (2014, 13 mim, Salvador/BA)</nome>
   <ano>2015</ano>
  </filme>
 </participante>
 <participante>
  <nome>Fernando Meirelles</nome>
  <filme>
   <nome>Varela na Serra Pelada (18min)</nome>
   <ano>1990</ano>
  </filme>
 </participante>
 <participante>
  <nome>Flávio Abreu</nome>
  <filme>
   <nome>O cinema é como uma dança (2003, 35min, Rio Grande do Sul)</nome>
   <ano>2005</ano>
  </filme>
 </participante>
 <participante>
  <nome>Flavio Rocha</nome>
  <instituicao>SEED</instituicao>
  <filme>
   <nome>Trânsitos Caiçaras em redes fandangueiras (2011, 64min, Paraná e São Paulo)</nome>
   <ano>2012</ano>
  </filme>
 </participante>
 <participante>
  <nome>Francisco Alves</nome>
  <filme>
   <nome>A Memória em nossas mãos (2002, 16min, Ribeirão Preto/SP)</nome>
   <ano>2003</ano>
  </filme>
  <filme>
   <nome>Guariba (2002, 11min, Ribeirão Preto/SP)</nome>
   <ano>2003</ano>
  </filme>
 </participante>
 <participante>
  <nome>Francisco Simões Paes</nome>
  <instituicao>USP</instituicao>
  <filme>
   <nome>Ponteio (2001, 54min, Rio de Janeiro)</nome>
   <ano>2002</ano>
  </filme>
 </participante>
 <participante>
  <nome>Francirosy Campos B. Ferreira</nome>
  <instituicao>USP</instituicao>
  <filme>
   <nome>Vozes do Islã (25min)</nome>
   <ano>2007</ano>
  </filme>
  <filme>
   <nome>Allahu Akbar (São Paulo, 29min)</nome>
   <ano>2006</ano>
  </filme>
 </participante>
 <participante>
  <nome>Gabriel Alvarez</nome>
  <instituicao>UFG</instituicao>
  <filme>
   <nome>Trajetória de Roque Laraia</nome>
  </filme>
 </participante>
 <participante>
  <nome>Geneviéve Pressler</nome>
  <instituicao>NCSA</instituicao>
  <filme>
   <nome>Entre a cidade e as ilhas (2010, 20min, Belém/PA)</nome>
   <ano>2012</ano>
  </filme>
 </participante>
 <participante>
  <nome>Geraldo Sarno</nome>
  <filme>
   <nome>A linguagem do cinema – cineastas brasileiros (2001, 26min, Rio de Janeiro)</nome>
   <ano>2001</ano>
  </filme>
 </participante>
 <participante>
  <nome>Giovanni Alves</nome>
  <instituicao>UNESP</instituicao>
  <filme>
   <nome>Alfaiates de Marília (2011, 25min, Marilia/SP)</nome>
   <ano>2011</ano>
  </filme>
 </participante>
 <participante>
  <nome>Glauber Filho</nome>
  <filme>
   <nome>Borracha para panela de pressão (1995, 9min, Brasil)</nome>
   <ano>1996</ano>
  </filme>
 </participante>
 <participante>
  <nome>Glaucia Villas-Bôas</nome>
  <instituicao>UFRJ</instituicao>
  <filme>
   <nome>Continuidades e Rupturas (1991, 55min, Rio de Janeiro)</nome>
   <ano>1992</ano>
  </filme>
  <filme>
   <nome>Caminhos do Conhecimento (1991, 52min)</nome>
   <ano>1991</ano>
  </filme>
 </participante>
 <participante>
  <nome>Guita Grin Debert</nome>
  <filme>
   <nome>Os velhos na propaganda (1996, 21min, Brasil)</nome>
   <ano>1996</ano>
  </filme>
 </participante>
 <participante>
  <nome>Heitor Dahila</nome>
  <filme>
   <nome>Conceição (1999, 21min, Pernambuco)</nome>
   <ano>2001</ano>
  </filme>
 </participante>
 <participante>
  <nome>Helcimara de Souza Telles</nome>
  <instituicao>UFMG</instituicao>
  <filme>
   <nome>A culpa é das estrelas: a manifestação (2015, 23mim, Belo Horizonte/MG)</nome>
   <ano>2015</ano>
  </filme>
 </participante>
 <participante>
  <nome>Irlys Barreira</nome>
  <instituicao>UFC</instituicao>
  <filme>
   <nome>Candidaturas populares. Quem deve nos representar: eles ou nós? (1994, 15min, Brasil)</nome>
   <ano>1995</ano>
  </filme>
 </participante>
 <participante>
  <nome>Isabella Jannotti</nome>
  <instituicao>CPDOC/FGV-RJ</instituicao>
  <filme>
   <nome>Territórios do Torcer (2015, 30 min, Rio de Janeiro/RJ)</nome>
   <ano>2015</ano>
  </filme>
 </participante>
 <participante>
  <nome>Iom Ramminhger</nome>
  <filme>
   <nome>Superagui (14min)</nome>
   <ano>2009</ano>
  </filme>
 </participante>
 <participante>
  <nome>Janaina Moscal</nome>
  <instituicao>UFSC</instituicao>
  <filme>
   <nome>Trânsitos Caiçaras em redes fandangueiras (2011, 64min, Paraná e São Paulo)</nome>
   <ano>2012</ano>
  </filme>
 </participante>
 <participante>
  <nome>Kátia Maciel</nome>
  <filme>
   <nome>No sertão eu vi (1998, 27min)</nome>
   <ano>1999</ano>
  </filme>
 </participante>
 <participante>
  <nome>Kiko Goifman</nome>
  <filme>
   <nome>Clones. Bárbaros. Replicantes. (1994, 21min, Brasil)</nome>
   <ano>1996</ano>
  </filme>
  <filme>
   <nome>Tereza (1992, 16min, Brasil)</nome>
   <ano>1995</ano>
  </filme>
 </participante>
 <participante>
  <nome>Jimmy Medeiros</nome>
  <instituicao>CPDOC/FGV-RJ</instituicao>
  <filme>
   <nome>A voz da arquibancada: narrativas de lideranças da FTORJ (2014, 23 min, Rio de Janeiro /RJ)</nome>
   <ano>2014</ano>
  </filme>
 </participante>
 <participante>
  <nome>João Castelo Branco</nome>
  <filme>
   <nome>O cinema é como uma dança (2003, 35min, Rio Grande do Sul)</nome>
   <ano>2005</ano>
  </filme>
 </participante>
 <participante>
  <nome>João Cláudio de Sena</nome>
  <instituicao>USP</instituicao>
  <filme>
   <nome>Marginais SP (2004, 5min)</nome>
   <ano>2004</ano>
  </filme>
 </participante>
 <participante>
  <nome>João Gabriel Teixeira</nome>
  <instituicao>UnB</instituicao>
  <filme>
   <nome>O ensino de sociologia pelo teatro (1994, 16min, Brasil)</nome>
   <ano>1994</ano>
  </filme>
 </participante>
 <participante>
  <nome>João Moreira Salles</nome>
  <filme>
   <nome>Meninos eu vi? (1992, 10min, Brasil)</nome>
   <ano>1998</ano>
  </filme>
 </participante>
 <participante>
  <nome>João Salles</nome>
  <filme>
   <nome>Notícias de uma guerra particular (1998, 56min)</nome>
   <ano>1999</ano>
  </filme>
 </participante>
 <participante>
  <nome>Joel Pizzini</nome>
  <filme>
   <nome>O enigma de um dia (1996, 17min, São Paulo)</nome>
   <ano>2001</ano>
  </filme>
 </participante>
 <participante>
  <nome>Joel Zito Araujo</nome>
  <filme>
   <nome>Alma Negra da Cidade (1991, 39min)</nome>
   <ano>1992</ano>
  </filme>
 </participante>
 <participante>
  <nome>José Antônio Borges</nome>
  <instituicao>LAYCAB</instituicao>
  <filme>
   <nome>Conhecendo as letrinhas com o menino curioso</nome>
   <ano>1995</ano>
  </filme>
 </participante>
 <participante>
  <nome>Jose Inacio Parente</nome>
  <instituicao>CPDOC-FGV</instituicao>
  <filme>
   <nome>Mulaqat (2010, 67min, Índia e Brasil)</nome>
   <ano>2011</ano>
  </filme>
  <filme>
   <nome>O Lixo é Nosso (1990, 12min)</nome>
  </filme>
 </participante>
 <participante>
  <nome>José Márcio Barros</nome>
  <instituicao>PUC-MG</instituicao>
  <filme>
   <nome>Universo da Tatuagem (1992, 8min, Belo Horizonte)</nome>
   <ano>1992</ano>
  </filme>
 </participante>
 <participante>
  <nome>José Ripper Kós</nome>
  <instituicao>UFRJ</instituicao>
  <filme>
   <nome>Palácio Gustavo Capanema, RJ: uma análise crítica</nome>
   <ano>1995</ano>
  </filme>
 </participante>
 <participante>
  <nome>José Roberto Novaes</nome>
  <instituicao>Fiocruz</instituicao>
  <filme>
   <nome>Nuvens de veneno (2013, 26 min, Rio de Janeiro/RJ)</nome>
   <ano>2015</ano>
  </filme>
  <filme>
   <nome>A Memória em nossas mãos (2002, 16min, Ribeirão Preto/SP)</nome>
   <ano>2003</ano>
  </filme>
  <filme>
   <nome>Guariba (2002, 11min, Ribeirão Preto/SP)</nome>
   <ano>2003</ano>
  </filme>
 </participante>
 <participante>
  <nome>José Sergio Leite Lopes</nome>
  <filme>
   <nome>Tecido e memória (70min)</nome>
   <ano>2009</ano>
  </filme>
 </participante>
 <participante>
  <nome>Josep Juan Segarra</nome>
  <instituicao>UFRGS</instituicao>
  <filme>
   <nome>Te-rresafio. O desafio pela terra (2012, 47min, Porto Alegre e São Miguel das Missões/RS)</nome>
   <ano>2014</ano>
  </filme>
 </participante>
 <participante>
  <nome>Julie Cavignac</nome>
  <instituicao>UFRN</instituicao>
  <filme>
   <nome>Rosário Negro (2015, 49min, Jardim do Seridó/RN)</nome>
   <ano>2015</ano>
  </filme>
 </participante>
 <participante>
  <nome>Laís Bodanzky</nome>
  <filme>
   <nome>Cartão Vermelho (1994, 14min, Brasil)</nome>
   <ano>1999</ano>
  </filme>
 </participante>
 <participante>
  <nome>Laurita Caldas dos Santos</nome>
  <filme>
   <nome>Espaços lavadouros (1999, 12min)</nome>
   <ano>1999</ano>
  </filme>
 </participante>
 <participante>
  <nome>Licínio Azevedo</nome>
  <filme>
   <nome>As pitas (50min, Moçambique)</nome>
   <ano>1998</ano>
  </filme>
  <filme>
   <nome>A árvore dos nossos antepassados (1994, 50min, Moçambique)</nome>
  </filme>
 </participante>
 <participante>
  <nome>Lisabete Coradini</nome>
  <filme>
   <nome>La fiesta de la muerte (1996, 12min)</nome>
   <ano>1997</ano>
  </filme>
  <filme>
   <nome>Entre heróis e bandidos: a mulher cangaceira (1994, 30min, Brasil)</nome>
   <ano>1995</ano>
  </filme>
 </participante>
 <participante>
  <nome>Luciana Chianca</nome>
  <filme>
   <nome>O maior São João do Mundo (1996, 18min)</nome>
   <ano>1997</ano>
  </filme>
 </participante>
 <participante>
  <nome>Luciano von der Goltz Vianna</nome>
  <filme>
   <nome>Inovar: a arte de uma profissão (2011, 26min11seg, Porto Alegre/RS)</nome>
   <ano>2012</ano>
  </filme>
 </participante>
 <participante>
  <nome>Luisa Pitanga</nome>
  <filme>
   <nome>A palavra que me leva além: estórias do Hip Hop carioca (1990, 30min, Rio de Janeiro)</nome>
   <ano>2002</ano>
  </filme>
 </participante>
 <participante>
  <nome>Luiz Eduardo Lerina</nome>
  <instituicao>UERJ</instituicao>
  <filme>
   <nome>Passado Presente (2004, 29min)</nome>
   <ano>2004</ano>
  </filme>
  <filme>
   <nome>Dois mundos (1997, 25min, Brasil)</nome>
   <ano>1999</ano>
  </filme>
 </participante>
 <participante>
  <nome>Luiz Fernando Sarmento</nome>
  <filme>
   <nome>Candomblé – Momentos de Iniciação (1990, 45min)</nome>
   <ano>1991</ano>
  </filme>
 </participante>
 <participante>
  <nome>Mabel Dias</nome>
  <filme>
   <nome>Anayde Beiriz (1998, 17min)</nome>
   <ano>1999</ano>
  </filme>
 </participante>
 <participante>
  <nome>Maja Vargas</nome>
  <filme>
   <nome>Pombagira (1999, 13min)</nome>
   <ano>1999</ano>
  </filme>
 </participante>
 <participante>
  <nome>Marcelo Gomes</nome>
  <filme>
   <nome>Samydarsh: os artistas da rua (1993, 13min, Brasil)</nome>
   <ano>1995</ano>
  </filme>
 </participante>
 <participante>
  <nome>Márcia Derraik</nome>
  <filme>
   <nome>Onde a coruja dorme (2001, 52min, Rio de Janeiro)</nome>
   <ano>2001</ano>
  </filme>
 </participante>
 <participante>
  <nome>Marco Antônio Gonçalves Tse Ibiisi Abaaigio</nome>
  <filme>
   <nome>(Somos Apenas Corpos) (1991, 30min, Rio de Janeiro)</nome>
   <ano>1992</ano>
  </filme>
  <filme>
   <nome>(Somos Apenas Corpos) (1991, 30min, Rio de Janeiro)</nome>
   <ano>1990</ano>
  </filme>
 </participante>
 <participante>
  <nome>Marcos Freire de Andrade Neves</nome>
  <instituicao>UFRGS</instituicao>
  <filme>
   <nome>555 chocolatão (2011, 40min, Rio Grande do Sul)</nome>
   <ano>2012</ano>
  </filme>
 </participante>
 <participante>
  <nome>Maria Aparecida Moraes Silva</nome>
  <instituicao>UNESP</instituicao>
  <filme>
   <nome>A Folia de Reis (1994, 15min, Brasil)</nome>
   <ano>1994</ano>
  </filme>
  <filme>
   <nome>As Andorinhas. Nem cá, nem lá. (1992, 40min, Minas Gerais e São Paulo)</nome>
   <ano>1992</ano>
  </filme>
 </participante>
 <participante>
  <nome>Maria Henriqueta Creidy Satt</nome>
  <filme>
   <nome>Arqueologias urbanas, memórias do mundo (1997, 38min)</nome>
   <ano>1999</ano>
  </filme>
 </participante>
 <participante>
  <nome>Maria Oliveira</nome>
  <filme>
   <nome>15 filhos (1996, 20min, Brasil)</nome>
   <ano>1996</ano>
  </filme>
 </participante>
 <participante>
  <nome>Mariana L. Rodrigues</nome>
  <instituicao>UERJ</instituicao>
  <filme>
   <nome>Roberto DaMatta: seus carnavais, malandros e heróis (2013, 40min, Rio d Janeiro/40min, Rio de Janeiro/RJ)</nome>
   <ano>2014</ano>
  </filme>
 </participante>
 <participante>
  <nome>Marta Nehring</nome>
  <filme>
   <nome>15 filhos (1996, 20min, Brasil)</nome>
   <ano>1996</ano>
  </filme>
 </participante>
 <participante>
  <nome>Matias Godio</nome>
  <instituicao>UFSC</instituicao>
  <filme>
   <nome>Naufrágio (2014, 52mm, Florianópolis/SC)</nome>
   <ano>2015</ano>
  </filme>
 </participante>
 <participante>
  <nome>May Waddington Telles Ribeiro</nome>
  <instituicao>UFPI</instituicao>
  <filme>
   <nome>Casamento no Queima (2012, 8min20seg, Piauí)</nome>
   <ano>2012</ano>
  </filme>
  <filme>
   <nome>As Farmácias Vivas do Professor Matos – uma luta pela democratização da saúde no Brasil (203, 24min)</nome>
  </filme>
 </participante>
 <participante>
  <nome>Mércia Rejane Batista</nome>
  <filme>
   <nome>O sentimento da mulher Turká (1997, 12min)</nome>
   <ano>1997</ano>
  </filme>
 </participante>
 <participante>
  <nome>Milena Sá</nome>
  <instituicao>MN/UFRJ</instituicao>
  <filme>
   <nome>Dona Joventina (2010, 26min, Rio de Janeiro e Recife)</nome>
   <ano>2012</ano>
  </filme>
 </participante>
 <participante>
  <nome>Mini Kerti</nome>
  <filme>
   <nome>Chame gente: 50 anos de trio elétrico (2000, 65min, Rio de Janeiro)</nome>
   <ano>2001</ano>
  </filme>
 </participante>
 <participante>
  <nome>Míriam L. Moreira Leite</nome>
  <instituicao>USP</instituicao>
  <filme>
   <nome>Maria Lacerda de Moura – Trajetória de uma rebelde (2003, 33min)</nome>
   <ano>2003</ano>
  </filme>
 </participante>
 <participante>
  <nome>Miriam Pillar Grossi</nome>
  <instituicao>UFSC</instituicao>
  <filme>
   <nome>Germaine Tilion: onde há perigo, o encontramos (2007, 45min, Santa Catarina)</nome>
   <ano>2010</ano>
  </filme>
  <filme>
   <nome>Mauss, segundo suas alunas (2001, 40 min), 2006</nome>
   <ano>2006</ano>
  </filme>
  <filme>
   <nome>Mauss, segundo suas alunas (2001, 40 min)</nome>
   <ano>2002</ano>
  </filme>
 </participante>
 <participante>
  <nome>Mônica Soares Siqueira</nome>
  <instituicao>UFSC</instituicao>
  <filme>
   <nome>Laura, uma Diva do babaduu!! (2007, 22min, Rio de Janeiro)</nome>
   <ano>2010</ano>
  </filme>
 </participante>
 <participante>
  <nome>Mônica Teixeira</nome>
  <filme>
   <nome>Amor. Vida. Viva! (1991, 28min)</nome>
   <ano>1991</ano>
  </filme>
 </participante>
 <participante>
  <nome>Murilo Souza</nome>
  <instituicao>UFBA</instituicao>
  <filme>
   <nome>As máscaras (2015,7 min, Nilo Peçanha/BA)</nome>
   <ano>2015</ano>
  </filme>
 </participante>
 <participante>
  <nome>Nadja Marin</nome>
  <instituicao>USP</instituicao>
  <filme>
   <nome>Catarina Alves Costa (29min)</nome>
   <ano>2007</ano>
  </filme>
 </participante>
 <participante>
  <nome>Nanci Barbosa</nome>
  <filme>
   <nome>A nossa cara (1999, 28min)</nome>
   <ano>1999</ano>
  </filme>
 </participante>
 <participante>
  <nome>Nelson Eugênio da Silveira Junior</nome>
  <filme>
   <nome>Superfícies Alteradas (1991, 30min)</nome>
   <ano>1991</ano>
  </filme>
 </participante>
 <participante>
  <nome>Neusa Pressler</nome>
  <instituicao>NCSA</instituicao>
  <filme>
   <nome>Entre a cidade e as ilhas (2010, 15min, Belém/PA)</nome>
   <ano>2012</ano>
  </filme>
 </participante>
 <participante>
  <nome>Nilo De Lorena Almeida</nome>
  <instituicao>UFBA</instituicao>
  <filme>
   <nome>As máscaras (2015,7 min, Nilo Peçanha/BA)</nome>
   <ano>2015</ano>
  </filme>
 </participante>
 <participante>
  <nome>Nina de Almeida</nome>
  <filme>
   <nome>Bocaina – Caminhos do Alto (1990, 30min)</nome>
   <ano>1991</ano>
  </filme>
 </participante>
 <participante>
  <nome>Nina Galanternick</nome>
  <instituicao>UFRJ</instituicao>
  <filme>
   <nome>Formas do afeto (2010, 33min, Rio de Janeiro)</nome>
   <ano>2011</ano>
  </filme>
  <filme>
   <nome>Almir Mavignier. Memórias Concretas. (27min)</nome>
   <ano>2007</ano>
  </filme>
 </participante>
 <participante>
  <nome>Noel dos Santos Carvalho</nome>
  <instituicao>USP</instituicao>
  <filme>
   <nome>Novos Quilombos de Zumbi (2004, 28min)</nome>
   <ano>2004</ano>
  </filme>
 </participante>
 <participante>
  <nome>Noilton Nunes</nome>
  <instituicao>UNIRIO</instituicao>
  <filme>
   <nome>Linha do Tucum: A Linha da Lealdade (2010, 50min, Rio de Janeiro e Amazonas)</nome>
   <ano>2010</ano>
  </filme>
 </participante>
 <participante>
  <nome>Nuno Godolphin</nome>
  <filme>
   <nome>Habitantes da rua (1996, 52min, Brasil)</nome>
   <ano>1996</ano>
  </filme>
  <filme>
   <nome>Ciranda, cirandinha (1994, 12min, Brasil)</nome>
   <ano>1994</ano>
  </filme>
 </participante>
 <participante>
  <nome>Odair Redondo</nome>
  <filme>
   <nome>Verde Verdade (1991, 38min)</nome>
   <ano>1991</ano>
  </filme>
 </participante>
 <participante>
  <nome>Olavo Marques</nome>
  <filme>
   <nome>O cinema é como uma dança (2003, 35min, Rio Grande do Sul)</nome>
   <ano>2005</ano>
  </filme>
 </participante>
 <participante>
  <nome>Olga Futemma</nome>
  <filme>
   <nome>Hia Sa Sa Hai Yah! (1985, 27min)</nome>
   <ano>1992</ano>
  </filme>
 </participante>
 <participante>
  <nome>Otávio Raposo</nome>
  <instituicao>Iscte/UFRJ</instituicao>
  <filme>
   <nome>A galera (2015, 54 min, Rio de Janeiro-RJ e Lisboa) Nubai, o rap negro de Lisboa (60min)</nome>
   <ano>2015</ano>
  </filme>
 </participante>
 <participante>
  <nome>Pablo Tupper</nome>
  <filme>
   <nome>Integração Latino-Americana: Nossa Próxima Conquista (40min, Chile)</nome>
   <ano>1990</ano>
  </filme>
 </participante>
 <participante>
  <nome>Parry Scott e equipe de</nome>
  <instituicao>FAGES/UFPE</instituicao>
  <filme>
   <nome>Limpando a área (2014, 17 min, Recife/PE)</nome>
   <ano>2015</ano>
  </filme>
 </participante>
 <participante>
  <nome>Patrícia Guimarães</nome>
  <filme>
   <nome>Pombagira (1998, 13min)</nome>
   <ano>1999</ano>
  </filme>
 </participante>
 <participante>
  <nome>Patricia Martins</nome>
  <instituicao>IFPR</instituicao>
  <filme>
   <nome>Trânsitos Caiçaras em redes fandangueiras (2011, 64min, Paraná e São Paulo)</nome>
   <ano>2012</ano>
  </filme>
 </participante>
 <participante>
  <nome>Patricia S. Riviero</nome>
  <instituicao>UFRJ</instituicao>
  <filme>
   <nome>Território e violência (2008, 27min, Rio de Janeiro) Paula Morgado (USP)</nome>
   <ano>2010</ano>
  </filme>
  <filme>
   <nome>Do São Francisco ao Pinheiros (70min)</nome>
   <ano>2007</ano>
  </filme>
 </participante>
 <participante>
  <nome>Paula Morgado</nome>
  <instituicao>USP</instituicao>
  <filme>
   <nome>Marginais SP (2004, 5min)</nome>
   <ano>2004</ano>
  </filme>
 </participante>
 <participante>
  <nome>Pedro Bial</nome>
  <filme>
   <nome>Os nomes do Rosa (1999, 70min)</nome>
   <ano>1999</ano>
  </filme>
 </participante>
 <participante>
  <nome>Pedro Simonard</nome>
  <instituicao>UFRJ</instituicao>
  <filme>
   <nome>Jongo (2005,25min, Rio de Janeiro)</nome>
   <ano>2005</ano>
  </filme>
  <filme>
   <nome>E por aqui vou ficando... (20min)</nome>
   <ano>1994</ano>
  </filme>
 </participante>
 <participante>
  <nome>Peri Carvalho</nome>
  <filme>
   <nome>O cinema é como uma dança (2003, 35min, Rio Grande do Sul)</nome>
   <ano>2005</ano>
  </filme>
 </participante>
 <participante>
  <nome>Priscila Barrak Ermel</nome>
  <instituicao>USP</instituicao>
  <filme>
   <nome>Brilho da Noite (2004, 30min)</nome>
   <ano>2004</ano>
  </filme>
  <filme>
   <nome>O Arco e a Lira (2001, 18min)</nome>
   <ano>2002</ano>
  </filme>
 </participante>
 <participante>
  <nome>Priscila Bittencourt</nome>
  <instituicao>CPDOC/FGV-RJ</instituicao>
  <filme>
   <nome>Memória do documentário brasileiro: histórias de vida (2013, 15min, Rio de Janeiro/RJ)</nome>
   <ano>2014</ano>
  </filme>
 </participante>
 <participante>
  <nome>Rachel Rocha</nome>
  <filme>
   <nome>O sentimento da mulher Turká (1997, 12min)</nome>
   <ano>1997</ano>
  </filme>
 </participante>
 <participante>
  <nome>Rafael Caitano</nome>
  <instituicao>UFABC</instituicao>
  <filme>
   <nome>Neblina sobre os trilhos (2011, 36min, Santo André/SP)</nome>
   <ano>2012</ano>
  </filme>
 </participante>
 <participante>
  <nome>Rafael Costa</nome>
  <instituicao>UFRJ</instituicao>
  <filme>
   <nome>Jorge Poema (2012, 14min27seg, Macaé/RJ e Carapebus/RJ)</nome>
   <ano>2012</ano>
  </filme>
 </participante>
 <participante>
  <nome>Rafael Conde</nome>
  <filme>
   <nome>A Hora Vagabunda (1998, 17min, Minas Gerais)</nome>
   <ano>2001</ano>
  </filme>
 </participante>
 <participante>
  <nome>Rafael Victorino Devos</nome>
  <instituicao>UFSC</instituicao>
  <filme>
   <nome>Os seres da mata e sua vida como pessoas (2010, 27min, Porto Alegre)</nome>
   <ano>2011</ano>
  </filme>
  <filme>
   <nome>A morada das águas (2003, 25min, Rio Grande do Sul)</nome>
   <ano>2005</ano>
  </filme>
  <filme>
   <nome>O cinema é como uma dança (2003, 35min, Rio Grande do Sul)</nome>
   <ano>2005</ano>
  </filme>
 </participante>
 <participante>
  <nome>Regina Abreu</nome>
  <instituicao>UNIRIO</instituicao>
  <filme>
   <nome>Revelando os Museus do Rio: Conservatória (2010, 50min, Rio de Janeiro)</nome>
   <ano>2010</ano>
  </filme>
 </participante>
 <participante>
  <nome>Regina Helena Alves da Silva</nome>
  <instituicao>UFMG</instituicao>
  <filme>
   <nome>A culpa é das estrelas: a manifestação (2015, 23min, Belo Horizonte/MG)</nome>
   <ano>2015</ano>
  </filme>
 </participante>
 <participante>
  <nome>Renato Barbieri</nome>
  <filme>
   <nome>Expiação (7min)</nome>
   <ano>1990</ano>
  </filme>
 </participante>
 <participante>
  <nome>Renato Tapajós</nome>
  <instituicao>USP</instituicao>
  <filme>
   <nome>Universidade em crise (1965, 12min)</nome>
   <ano>1995</ano>
  </filme>
 </participante>
 <participante>
  <nome>Ricardo Peixoto</nome>
  <filme>
   <nome>Na idade das pedras (1997, 7min)</nome>
   <ano>1997</ano>
  </filme>
 </participante>
 <participante>
  <nome>Robert Goulart Jr.</nome>
  <filme>
   <nome>Os velhos na propaganda (1996, 21min, Brasil)</nome>
   <ano>1996</ano>
  </filme>
 </participante>
 <participante>
  <nome>Rodolfo Brandão</nome>
  <filme>
   <nome>A estratégia da vida (1991, 15min)</nome>
   <ano>1991</ano>
  </filme>
 </participante>
 <participante>
  <nome>Rodrigo Gobbi</nome>
  <instituicao>UNESP</instituicao>
  <filme>
   <nome>Alfaiates de Marília (2011, 25min, Marília/SP)</nome>
   <ano>2011</ano>
  </filme>
 </participante>
 <participante>
  <nome>Rogério Rosa</nome>
  <filme>
   <nome>A herança do Tronco Velho (1999, 30min)</nome>
   <ano>1999</ano>
  </filme>
  <filme>
   <nome>Ciranda, cirandinha (1994, 12min, Brasil)</nome>
   <ano>1994</ano>
  </filme>
 </participante>
 <participante>
  <nome>Rosana da Câmara Teixeira</nome>
  <instituicao>UFF</instituicao>
  <filme>
   <nome>A voz da arquibancada: narrativas de lideranças da FTORJ (2014, 23 min, Rio de Janeiro / RJ)</nome>
   <ano>2014</ano>
  </filme>
 </participante>
 <participante>
  <nome>Rose Satiko. G. Hikiji</nome>
  <instituicao>USP</instituicao>
  <filme>
   <nome>Lá do Leste (2010, 28min, São Paulo)</nome>
   <ano>2011</ano>
  </filme>
  <filme>
   <nome>Cinema de quebrada (47min)</nome>
   <ano>2009</ano>
  </filme>
  <filme>
   <nome>Catarina Alves Costa (29min)</nome>
   <ano>2007</ano>
  </filme>
  <filme>
   <nome>Pulso (32min, São Paulo)</nome>
   <ano>2006</ano>
  </filme>
  <filme>
   <nome>Microfone, Senhora (2003, 16min)</nome>
   <ano>2003</ano>
  </filme>
 </participante>
 <participante>
  <nome>Rosilene Alvim</nome>
  <filme>
   <nome>Tecido e memória (70min)</nome>
   <ano>2009</ano>
  </filme>
 </participante>
 <participante>
  <nome>Rute Imanashi Rodrigues</nome>
  <instituicao>UFRJ</instituicao>
  <filme>
   <nome>Território e violência (2008, 27min, Rio de Janeiro)</nome>
   <ano>2010</ano>
  </filme>
 </participante>
 <participante>
  <nome>Sandra Werneck</nome>
  <filme>
   <nome>A guerra dos meninos (1991, 50min)</nome>
   <ano>1991</ano>
  </filme>
 </participante>
 <participante>
  <nome>Sarah Bailey</nome>
  <filme>
   <nome>Mulheres da Força Encantada (2003, 25min)</nome>
   <ano>2003</ano>
  </filme>
 </participante>
 <participante>
  <nome>Sérgio Bianchi</nome>
  <filme>
   <nome>Mato Eles (40min)</nome>
   <ano>1992</ano>
  </filme>
 </participante>
 <participante>
  <nome>Sergio Faria Junior</nome>
  <instituicao>CPDOC/FGV-RJ</instituicao>
  <filme>
   <nome>Os cientistas sociais e o golpe de 1964: a experiência de uma geração (2014, 15 min, Rio de Janeiro)</nome>
   <ano>2014</ano>
  </filme>
 </participante>
 <participante>
  <nome>1995 doméstica # 1991 As meninas do Rio 1991</nome>
  <instituicao>50min</instituicao>
  <filme>
   <nome>50min)</nome>
  </filme>
 </participante>
 <participante>
  <nome>Sérgio Oksman</nome>
  <filme>
   <nome>Irmãos de navio (1996, 60min, Brasil)</nome>
   <ano>1996</ano>
  </filme>
 </participante>
 <participante>
  <nome>Sergio Ribeiro</nome>
  <filme>
   <nome>Mulher e trabalho (22min, Minas Gerais)</nome>
   <ano>2006</ano>
  </filme>
 </participante>
 <participante>
  <nome>Shan Leng</nome>
  <filme>
   <nome>Mon Village Taoping (1998, 42min, China)</nome>
   <ano>1999</ano>
  </filme>
 </participante>
 <participante>
  <nome>Sheila Ramos da Silva</nome>
  <instituicao>UVA</instituicao>
  <filme>
   <nome>Lendas urbanas, contos e assombrações (2013, 15min, Sobral/CE)</nome>
   <ano>2014</ano>
  </filme>
 </participante>
 <participante>
  <nome>Silvia Ribeiro</nome>
  <instituicao>UnB</instituicao>
  <filme>
   <nome>O sol sobre o pântano (12min)</nome>
   <ano>1992</ano>
  </filme>
  <filme>
   <nome>O ensino da sociologia pelo teatro (8min)</nome>
  </filme>
 </participante>
 <participante>
  <nome>Silvio Tendler</nome>
  <filme>
   <nome>Josué de Castro: cidadão do mundo (1995, 50min, Brasil)</nome>
   <ano>1995</ano>
  </filme>
 </participante>
 <participante>
  <nome>Simone Lima</nome>
  <instituicao>UFC</instituicao>
  <filme>
   <nome>Cinema Caradura (2009, 45min, Fortaleza)</nome>
   <ano>2010</ano>
  </filme>
 </participante>
 <participante>
  <nome>Simplício Neto</nome>
  <filme>
   <nome>Onde a coruja dorme (2001, 52min, Rio de Janeiro)</nome>
   <ano>2001</ano>
  </filme>
 </participante>
 <participante>
  <nome>Sônia Maria Paixão Borges</nome>
  <instituicao>LAYCAB</instituicao>
  <filme>
   <nome>Conhecendo as letrinhas com o menino curioso</nome>
   <ano>1995</ano>
  </filme>
 </participante>
 <participante>
  <nome>Soraia Costa</nome>
  <instituicao>UFABC</instituicao>
  <filme>
   <nome>Neblina sobre os trilhos (2011, 36min, Santo André/SP)</nome>
   <ano>2012</ano>
  </filme>
 </participante>
 <participante>
  <nome>Suzana Silva</nome>
  <filme>
   <nome>Estou na universidade, mas... (1994, 15min, Brasil)</nome>
   <ano>1994</ano>
  </filme>
 </participante>
 <participante>
  <nome>Sylvia Caiubi Novaes</nome>
  <filme>
   <nome>Um Casamento no Paquistão (1994, 46min)</nome>
   <ano>1997</ano>
  </filme>
 </participante>
 <participante>
  <nome>Tamara Tania Cohen Egler</nome>
  <instituicao>UFRJ</instituicao>
  <filme>
   <nome>Rio, nome do lugar (1992, 20min)</nome>
   <ano>1997</ano>
  </filme>
  <filme>
   <nome>Espaços do poder (1995, 20min, Brasil)</nome>
  </filme>
  <filme>
   <nome>Imagens urbanas: fragmentos (20min)</nome>
   <ano>1993</ano>
  </filme>
  <filme>
   <nome>Rio, Nome do Lugar (1992, 20min, Rio de Janeiro)</nome>
   <ano>1992</ano>
  </filme>
  <filme>
   <nome>Maria da Maré (1991, 20min)</nome>
   <ano>1991</ano>
  </filme>
 </participante>
 <participante>
  <nome>Tania Fraga</nome>
  <instituicao>UnB</instituicao>
  <filme>
   <nome>Simulações estereoscópias interativas</nome>
   <ano>1995</ano>
  </filme>
 </participante>
 <participante>
  <nome>Thaís Blank</nome>
  <instituicao>CPDOC/FGV-RJ</instituicao>
  <filme>
   <nome>Territórios do Torcer (2015, 30 min, Rio de Janeiro/RJ)</nome>
   <ano>2015</ano>
  </filme>
  <filme>
   <nome>Memória do documentário brasileiro: histórias de vida (2013, 15min, Rio de Janeiro/RJ)</nome>
   <ano>2014</ano>
  </filme>
 </participante>
 <participante>
  <nome>Teresa Noll Trindade</nome>
  <instituicao>UFRGS</instituicao>
  <filme>
   <nome>João Sem Terra (2010, 90min, São Paulo/SP e Porto Alegre/RS)</nome>
   <ano>2010</ano>
  </filme>
 </participante>
 <participante>
  <nome>Tibico Brasil</nome>
  <filme>
   <nome>Borracha para panela de pressão (1995, 9min, Brasil)</nome>
   <ano>1996</ano>
  </filme>
 </participante>
 <participante>
  <nome>Torquato Joel</nome>
  <filme>
   <nome>A fome dos lázaros (1997, 8min)</nome>
   <ano>1997</ano>
  </filme>
  <filme>
   <nome>Os caçadores de imagem</nome>
   <ano>1997</ano>
  </filme>
 </participante>
 <participante>
  <nome>Vincent Carelli</nome>
  <filme>
   <nome>Ou vai ou racha! Vinte anos de luta (1998, 31min)</nome>
   <ano>1999</ano>
  </filme>
  <filme>
   <nome>Vídeo nas Aldeias (1989, 9min)</nome>
   <ano>1990</ano>
  </filme>
  <filme>
   <nome>1992_ O espírito da TV (1990, 18min)</nome>
   <ano>1990</ano>
  </filme>
  <filme>
   <nome>PEMP – Os Gaviões (27min)</nome>
   <ano>1991</ano>
  </filme>
 </participante>
 <participante>
  <nome>Viviane Vedana</nome>
  <filme>
   <nome>DVD interativo etnografias do trabalho: trajetórias e cotidiano (2011, 15 min, Porto Alegre/ RS)</nome>
   <ano>2014</ano>
  </filme>
 </participante>
 <participante>
  <nome>Vladmir Carvalho</nome>
  <filme>
   <nome>Barra 68 (sem perder a ternura) (2000, 80min, Distrito Federal)</nome>
   <ano>2001</ano>
  </filme>
 </participante>
 <participante>
  <nome>Walter M. Lins</nome>
  <filme>
   <nome>Rompendo a Barreira do Som</nome>
   <ano>1990</ano>
  </filme>
 </participante>
 <participante>
  <nome>Walter Salles Jr.</nome>
  <filme>
   <nome>Krajcberg – O poeta dos vestígios (45min)</nome>
   <ano>1990</ano>
  </filme>
 </participante>
 <participante>
  <nome>William Armando Vargas Ordóñez</nome>
  <instituicao>ICANH</instituicao>
  <filme>
   <nome>A qué sabe Inírida. Pensar las relaciones entre lo rural y lo urbano em la Amazonía (2014, 9min, Bogotá/Colombia)</nome>
   <ano>2014</ano>
  </filme>
 </participante>
 <participante>
  <nome>Registro Sonoro Edmundo Marcelo Mendes Pereira</nome>
  <instituicao>UFRN</instituicao>
  <filme>
   <nome>Lutando e Cantando. Música e política dos trabalhadores rurais de Pernambuco (2008)</nome>
   <ano>2009</ano>
  </filme>
 </participante>
 <participante>
  <nome>Fernando Firmo Luciano</nome>
  <filme>
   <nome>J Ramalho: vida de artista (14 min, 2015, Araguari-MG)</nome>
   <ano>2015</ano>
  </filme>
 </participante>
 <participante>
  <nome>Priscila Farfan Barroso</nome>
  <instituicao>UFRGS</instituicao>
  <filme>
   <nome>A presença da fala no documentário sonoro e suas rupturas epistemológicas (2011, 30min, Porto Alegre)</nome>
   <ano>2011</ano>
  </filme>
 </participante>
 <participante>
  <nome>Rafael Devos</nome>
  <instituicao>UFSC</instituicao>
  <filme>
   <nome>No Mercado tem tudo que a boca come (2008, Porto Alegre/RS)</nome>
   <ano>2012</ano>
  </filme>
 </participante>
 <participante>
  <nome>Renata de Castro Menezes</nome>
  <instituicao>MN/UFRJ</instituicao>
  <filme>
   <nome>Lutando e Cantando. Música e política dos trabalhadores rurais de Pernambuco (2008)</nome>
   <ano>2009</ano>
  </filme>
 </participante>
 <participante>
  <nome>Tatyana de Alencar Jacques</nome>
  <filme>
   <nome>Bandas de Rock da cidade de Florianópolis e Gravação Fonográfica (Santa Catarina)</nome>
   <ano>2006</ano>
  </filme>
 </participante>
 <participante>
  <nome>Viviane Vedana</nome>
  <instituicao>UFRGS</instituicao>
  <filme>
   <nome>No Mercado tem tudo que a boca come (2008, Porto Alegre/RS)0</nome>
   <ano>2012</ano>
  </filme>
 </participante>
</filmes>