<?xml version="1.0" ?>
<grupos>
 <grupo>
  <nome>A cidade nas ciências sociais: teoria, pesquisa e contexto 2008, 2009</nome>
  <ano>2008</ano>
  <ano>2009</ano>
  <participante>Heitor Frúgoli Junior</participante>
  <instituicao>USP</instituicao>
  <participante>Laura Graziela Figueiredo Fernandes Gomes</participante>
  <instituicao>UFF</instituicao>
 </grupo>
 <grupo>
  <nome>A metrópole e a questão social 2008, 2009</nome>
  <ano>2008</ano>
  <ano>2009</ano>
  <participante>Maria do Livramento Miranda Clementino</participante>
  <instituicao>UFRN</instituicao>
  <participante>Orlando Alves dos Santos Junior</participante>
  <instituicao>UFRJ</instituicao>
 </grupo>
 <grupo>
  <nome>A Produção, a Leitura-Recepção e os Usos da Imagem em Ciências Sociais 2002, 2003</nome>
  <ano>2002</ano>
  <ano>2003</ano>
  <participante>Carmen Silvia de Moraes Rial</participante>
  <instituicao>UFSC</instituicao>
  <participante>Sylvia Caiuby Novaes</participante>
  <instituicao>USP</instituicao>
 </grupo>
 <grupo>
  <nome>A Questão Regional e o Brasil 1982, 1983,1984, 1985</nome>
  <ano>1982</ano>
  <ano>1983</ano>
  <ano>1984</ano>
  <ano>1985</ano>
  <participante>André Haguette</participante>
  <participante>Rosa Maria Godoy da Silva</participante>
 </grupo>
 <grupo>
  <nome>Ação coletiva, movimentos sociais e políticas públicas 2011, 2012</nome>
  <ano>2011</ano>
  <ano>2012</ano>
  <participante>Aline Bonetti</participante>
  <instituicao>UFBA</instituicao>
  <participante>Marcelo Kunrath</participante>
  <instituicao>UFRGS</instituicao>
 </grupo>
 <grupo>
  <nome>Administração de conflitos em perspectiva comparada 2014, 2015</nome>
  <ano>2014</ano>
  <ano>2015</ano>
  <participante>Jacqueline Sinhoretto</participante>
  <instituicao>UFSCar</instituicao>
  <participante>Roberto Kant de Lima</participante>
  <instituicao>UFF</instituicao>
 </grupo>
 <grupo>
  <nome>América do Sul e regionalismos comparados 2008, 2009</nome>
  <ano>2008</ano>
  <ano>2009</ano>
  <participante>Andrea Ribeiro Hoffmann</participante>
  <instituicao>PUC/Rio</instituicao>
  <participante>Marcelo James Vasconcelos Coutinho</participante>
  <instituicao>IUPERJ</instituicao>
 </grupo>
 <grupo>
  <nome>Arte e Cultura nas Sociedades Contemporâneas 2014, 2015</nome>
  <ano>2014</ano>
  <ano>2015</ano>
  <participante>Ana Paula Simioni</participante>
  <instituicao>USP</instituicao>
  <participante>Edson Silva Farias</participante>
  <instituicao>UnB</instituicao>
 </grupo>
 <grupo>
  <nome>As classes sociais no Brasil contemporâneo 2014, 2015</nome>
  <ano>2014</ano>
  <ano>2015</ano>
  <participante>Carlos Sávio Teixeira</participante>
  <instituicao>UFF</instituicao>
  <participante>Jessé Souza</participante>
  <instituicao>UFJF</instituicao>
 </grupo>
 <grupo>
  <nome>Biografia e Memória Social 1998 ,1999, 2000</nome>
  <ano>1998</ano>
  <ano>1999</ano>
  <ano>2000</ano>
  <participante>Dulce Pandolfi</participante>
  <instituicao>FGV/ RJ</instituicao>
  <participante>Regina Novaes</participante>
  <instituicao>UFRJ</instituicao>
 </grupo>
 <grupo>
  <nome>Ciberpolítica, ciberativismo e cibercultura 2011, 2012, 2014, 2015</nome>
  <ano>2011</ano>
  <ano>2012</ano>
  <ano>2014</ano>
  <ano>2015</ano>
  <participante>Sérgio Amadeu da Silveira</participante>
  <instituicao>UFABC</instituicao>
  <participante>Sérgio Soares Braga</participante>
  <instituicao>UFPR</instituicao>
 </grupo>
 <grupo>
  <nome>Cidadania, Conflito e Transformações Urbanas 1994 ,1995,  1996</nome>
  <ano>1994</ano>
  <ano>1995</ano>
  <ano>1996</ano>
  <participante>Ana Maria Doimo</participante>
  <instituicao>UFES</instituicao>
  <participante>Elimar Pinheiro do Nascimento</participante>
  <instituicao>UnB</instituicao>
  <participante>Inaiá Maria Moreira de Carvalho</participante>
  <instituicao>UFBA</instituicao>
  <participante>Luiz Antonio Machado da Silva</participante>
  <instituicao>UFRJ</instituicao>
 </grupo>
 <grupo>
  <nome>Cidade e Metropolização 1998 a 2000</nome>
  <ano>1998</ano>
  <ano>2000</ano>
  <participante>Lucia Maria Machado Bógus</participante>
  <instituicao>PUC-SP</instituicao>
  <participante>Luiz César de Queiroz Ribeiro</participante>
  <instituicao>UFRJ</instituicao>
 </grupo>
 <grupo>
  <nome>Cidade, Metropolização e Governança Urbana 2002, 2003</nome>
  <ano>2002</ano>
  <ano>2003</ano>
  <participante>Sergio de Azevedo</participante>
  <instituicao>UENF</instituicao>
 </grupo>
 <grupo>
  <nome>Cidades: sociabilidades, cultura, participação e gestão 2005, 2006</nome>
  <ano>2005</ano>
  <ano>2006</ano>
  <participante>Maria da Glória Marcondes Gohn</participante>
  <instituicao>UNICAMP</instituicao>
  <participante>Maria do Livramento M. Clementino</participante>
  <instituicao>UFRN</instituicao>
  <participante>novos ambientes da produção e do uso do conhecimento</participante>
 </grupo>
 <grupo>
  <nome>2014, 2015</nome>
  <ano>2014</ano>
  <ano>2015</ano>
  <participante>Maria Conceição da Costa</participante>
  <instituicao>UNICAMP</instituicao>
  <participante>Maria Helena de Magalhães Castro</participante>
  <instituicao>UFRJ</instituicao>
 </grupo>
 <grupo>
  <nome>Classe Operária e Sindicalismo 1985, 1986, 1987, 1988, 1989, 1991 ,  1992</nome>
  <ano>1985</ano>
  <ano>1986</ano>
  <ano>1987</ano>
  <ano>1988</ano>
  <ano>1989</ano>
  <ano>1991</ano>
  <ano>1992</ano>
  <participante>Armando Boito Jr.</participante>
  <instituicao>UNICAMP</instituicao>
  <participante>Ingrid Sarti</participante>
  <participante>Laís Wendel Abramo</participante>
  <participante>Leôncio Martins Rodrigues</participante>
  <instituicao>UNICAMP</instituicao>
  <participante>Lucília de Almeida Neves Delgado</participante>
  <participante>Marcia de Paula Leite</participante>
  <participante>Roque Aparecido da Silva</participante>
 </grupo>
 <grupo>
  <nome>Comportamento político 2011, 2012</nome>
  <ano>2011</ano>
  <ano>2012</ano>
  <participante>Lucio Remuzat Rennó Junior</participante>
  <instituicao>UnB</instituicao>
  <participante>Mario Fuks</participante>
  <instituicao>UFMG</instituicao>
 </grupo>
 <grupo>
  <nome>Comportamento Político e Opinião Pública 2014, 2015</nome>
  <ano>2014</ano>
  <ano>2015</ano>
  <participante>Mario Fuks</participante>
  <instituicao>UFMG</instituicao>
  <participante>Mathieu Turgeon</participante>
  <instituicao>UnB</instituicao>
 </grupo>
 <grupo>
  <nome>Conflitos ambientais, Estado e ideologia do desenvolvimento: mediação e luta por direitos 2014, 2015</nome>
  <ano>2014</ano>
  <ano>2015</ano>
  <participante>Cleyton Henrique Gerhardt</participante>
  <instituicao>UFRGS</instituicao>
  <participante>Neide Esterci</participante>
  <instituicao>UFRJ</instituicao>
 </grupo>
 <grupo>
  <nome>Conflitos ambientais, processos de territorialização e identidades sociais 2008, 2009</nome>
  <ano>2008</ano>
  <ano>2009</ano>
  <participante>Eliane Cantarino O’Dwyer</participante>
  <instituicao>UFF</instituicao>
  <participante>Flávia Maria Galizoni</participante>
  <instituicao>UFVJM</instituicao>
 </grupo>
 <grupo>
  <nome>Conflitos ambientais, terra e território: estratégias de resistência e construção de direitos 2011, 2012</nome>
  <ano>2011</ano>
  <ano>2012</ano>
  <participante>Eder Jurandir Carneiro</participante>
  <instituicao>UFSJ</instituicao>
  <participante>Horácio Antunes de Sant’Ana Júnior</participante>
  <instituicao>UFMA</instituicao>
 </grupo>
 <grupo>
  <nome>Conflitos sociais e meio ambiente 2005, 2006</nome>
  <ano>2005</ano>
  <ano>2006</ano>
  <participante>Andréa M. Zhouri</participante>
  <instituicao>UFMG</instituicao>
  <participante>Eder Jurandir Carneiro</participante>
  <instituicao>UFSJ</instituicao>
  <participante>Henri Acselrad</participante>
  <instituicao>UFRJ</instituicao>
 </grupo>
 <grupo>
  <nome>Conflitualidade social, administração da justiça e segurança pública 2008, 2009</nome>
  <ano>2008</ano>
  <ano>2009</ano>
  <participante>Roberto Kant de Lima</participante>
  <instituicao>UFF</instituicao>
  <participante>Rodrigo Ghiringhelli de Azevedo</participante>
  <instituicao>PUC/RS</instituicao>
 </grupo>
 <grupo>
  <nome>Controles Democráticos e Cidadania 2002, 2003</nome>
  <ano>2002</ano>
  <ano>2003</ano>
  <participante>Claudio Gonçalves Couto</participante>
  <instituicao>PUC-SP</instituicao>
  <participante>Fernando Lattman-Weltman</participante>
  <instituicao>FGV-RJ</instituicao>
  <participante>atores, instituições, dinâmicas e resultados</participante>
 </grupo>
 <grupo>
  <nome>2014, 2015</nome>
  <ano>2014</ano>
  <ano>2015</ano>
  <participante>Fernando Luiz Abrucio</participante>
  <instituicao>FGV-SP</instituicao>
  <participante>Lígia Helena Hahn Lüchmann</participante>
  <instituicao>UFSC</instituicao>
 </grupo>
 <grupo>
  <nome>Controles democráticos e instituições políticas 2008, 2009</nome>
  <ano>2008</ano>
  <ano>2009</ano>
  <participante>Bruno Pinheiro Wanderley Reis</participante>
  <instituicao>UFMG</instituicao>
  <participante>Rogério Bastos Arantes</participante>
  <instituicao>PUC/SP</instituicao>
 </grupo>
 <grupo>
  <nome>Controles democráticos e legitimidade 2011, 2012</nome>
  <ano>2011</ano>
  <ano>2012</ano>
  <participante>Adrian Gurza Lavalle</participante>
  <instituicao>USP</instituicao>
  <participante>Paulo Mesquita d’Avila Filho</participante>
  <instituicao>PUC/RIO</instituicao>
 </grupo>
 <grupo>
  <nome>Corpo, Biotecnologia e Saúde 2005, 2006</nome>
  <ano>2005</ano>
  <ano>2006</ano>
  <participante>Ceres Gomes Victora</participante>
  <instituicao>UFRGS</instituicao>
  <participante>Cynthia Andersen Sarti</participante>
  <instituicao>UNIFESP</instituicao>
  <participante>Jane Araujo Russo</participante>
  <instituicao>UERJ</instituicao>
 </grupo>
 <grupo>
  <nome>Corpo, biotecnologia e subjetividade 2008, 2009</nome>
  <ano>2008</ano>
  <ano>2009</ano>
  <participante>Cynthia Andersen Sarti</participante>
  <instituicao>UNIFESP</instituicao>
  <participante>Jane Araujo Russo</participante>
  <instituicao>UERJ</instituicao>
 </grupo>
 <grupo>
  <nome>Crime, violência e punição 2008, 2009</nome>
  <ano>2008</ano>
  <ano>2009</ano>
  <participante>Michel Misse</participante>
  <instituicao>UFRJ</instituicao>
  <participante>Sergio Adorno</participante>
  <instituicao>USP</instituicao>
 </grupo>
 <grupo>
  <nome>Cultura brasileira: modos e estilos de vida 2008, 2009</nome>
  <ano>2008</ano>
  <ano>2009</ano>
  <participante>Debora Krischke Leitão</participante>
  <instituicao>UEL</instituicao>
  <participante>Maria Eunice de Souza Maciel</participante>
  <instituicao>UFRGS</instituicao>
 </grupo>
 <grupo>
  <nome>Cultura e Política 1994, 1995, 1996</nome>
  <ano>1994</ano>
  <ano>1995</ano>
  <ano>1996</ano>
  <participante>Gilberto Velho</participante>
  <instituicao>UFRJ</instituicao>
  <participante>Irlys Alencar F. Barreira</participante>
  <instituicao>UFC</instituicao>
  <participante>Myriam Lins de Barros</participante>
  <instituicao>UFC</instituicao>
  <participante>Ruth Corrêa Leite Cardoso</participante>
  <instituicao>USP</instituicao>
 </grupo>
 <grupo>
  <nome>Cultura, Economia e Política 2008, 2009</nome>
  <ano>2008</ano>
  <ano>2009</ano>
  <participante>Edson Farias</participante>
  <instituicao>UnB</instituicao>
  <participante>Maria Celeste Mira</participante>
  <instituicao>PUC-SP</instituicao>
 </grupo>
 <grupo>
  <nome>Cultura Popular e Ideologia Política 1979, 1980, 1981 , 1982 , 1983 , 1984</nome>
  <ano>1979</ano>
  <ano>1980</ano>
  <ano>1981</ano>
  <ano>1982</ano>
  <ano>1983</ano>
  <ano>1984</ano>
  <participante>Eunice Durhan</participante>
  <participante>Gilberto Velho</participante>
  <participante>Ruth Correa Leite Cardoso</participante>
 </grupo>
 <grupo>
  <nome>De cidades à cidade no Brasil: Tempos e/ou espaços 2014, 2015</nome>
  <ano>2014</ano>
  <ano>2015</ano>
  <participante>Fraya Frehse</participante>
  <instituicao>USP</instituicao>
  <participante>Julia O’Donnell</participante>
  <instituicao>UFRJ</instituicao>
 </grupo>
 <grupo>
  <nome>Democracia, comunicação política e eleições 2008, 2009</nome>
  <ano>2008</ano>
  <ano>2009</ano>
  <participante>Alessandra Aldé</participante>
  <instituicao>UERJ</instituicao>
  <participante>Antonio Jorge Fonseca de Almeida</participante>
  <instituicao>UFBA</instituicao>
  <participante>Luis Felipe Miguel</participante>
  <instituicao>UnB</instituicao>
 </grupo>
 <grupo>
  <nome>Democracia e desigualdades 2014, 2015</nome>
  <ano>2014</ano>
  <ano>2015</ano>
  <participante>Daniel de Mendonça</participante>
  <instituicao>UFPel</instituicao>
  <participante>Luis Felipe Miguel</participante>
  <instituicao>UnB</instituicao>
 </grupo>
 <grupo>
  <nome>Democracia na América Latina: política, cultura e sociedade 2014, 2015</nome>
  <ano>2014</ano>
  <ano>2015</ano>
  <participante>Thiago Moreira de Souza</participante>
  <instituicao>UFF</instituicao>
  <participante>Wagner de Melo Romão</participante>
  <instituicao>UNICAMP</instituicao>
 </grupo>
 <grupo>
  <nome>Desafios e dimensões contemporâneas do desenvolvimento 2008, 2009</nome>
  <ano>2008</ano>
  <ano>2009</ano>
  <participante>Eduardo Antonio Salomão Condé</participante>
  <instituicao>UFJF</instituicao>
  <participante>Wagner Pralon Mancuso</participante>
  <instituicao>USP</instituicao>
 </grupo>
 <grupo>
  <nome>Desenvolvimento: caminhos e descaminhos de um debate contemporâneo 2014, 2015</nome>
  <ano>2014</ano>
  <ano>2015</ano>
  <participante>Eduardo Condé</participante>
  <instituicao>UFJF</instituicao>
  <participante>Francisco Fonseca</participante>
  <instituicao>FGV-SP</instituicao>
 </grupo>
 <grupo>
  <nome>Desenvolvimento, democracia e instituições 2005, 2006</nome>
  <ano>2005</ano>
  <ano>2006</ano>
  <participante>Eduardo Condé</participante>
  <instituicao>UFJF</instituicao>
  <participante>Eli Roque Diniz</participante>
  <instituicao>UFRJ</instituicao>
  <participante>Jorge Ruben Biton Tapia</participante>
  <instituicao>UNICAMP</instituicao>
  <participante>Maria Antonieta Parahyba Leopoldi</participante>
  <instituicao>UFF</instituicao>
  <participante>Ruben Tapia</participante>
  <instituicao>UNICAMP</instituicao>
  <participante>Desenvolvimento em perspectiva – teorias, desenvolvimentos e projetos políticos</participante>
 </grupo>
 <grupo>
  <nome>2011, 2012</nome>
  <ano>2011</ano>
  <ano>2012</ano>
  <participante>Eduardo Condé</participante>
  <instituicao>UFJF</instituicao>
  <participante>Francisco Fonseca</participante>
  <instituicao>FGV/SP</instituicao>
 </grupo>
 <grupo>
  <nome>Desigualdades: dimensões e evoluções recentes 2008, 2009</nome>
  <ano>2008</ano>
  <ano>2009</ano>
  <participante>Luiz Inácio Germany Gaiger</participante>
  <instituicao>UNISINOS</instituicao>
  <participante>Maria Celi Ramos da Cruz Scalon</participante>
  <instituicao>UFRJ</instituicao>
 </grupo>
 <grupo>
  <nome>Desigualdade e estratificação social 2011, 2012</nome>
  <ano>2011</ano>
  <ano>2012</ano>
  <participante>Danielle Fernandes</participante>
  <instituicao>UFMG</instituicao>
  <participante>Diogo Helal</participante>
  <instituicao>FUNDAJ</instituicao>
 </grupo>
 <grupo>
  <nome>Desigualdades: produção e reprodução 2008, 2009</nome>
  <ano>2008</ano>
  <ano>2009</ano>
  <participante>Antonio David Cattani</participante>
  <instituicao>UFRGS</instituicao>
  <participante>Felícia Silva Picanço</participante>
  <instituicao>UERJ</instituicao>
 </grupo>
 <grupo>
  <nome>Dilemas da modernidade periférica 2008, 2009</nome>
  <ano>2008</ano>
  <ano>2009</ano>
  <participante>Jessé José Freire de Souza</participante>
  <instituicao>UFJF</instituicao>
  <participante>Milton Lahuerta</participante>
  <instituicao>UNESP</instituicao>
 </grupo>
 <grupo>
  <nome>Dilemas da modernização periférica 2005, 2006</nome>
  <ano>2005</ano>
  <ano>2006</ano>
  <participante>Jessé Souza</participante>
  <instituicao>UENF</instituicao>
  <participante>Marco Aurélio Nogueira</participante>
  <instituicao>UNESP</instituicao>
 </grupo>
 <grupo>
  <nome>Dimensões do urbano: tempo e escalas em composição 2011, 2012</nome>
  <ano>2011</ano>
  <ano>2012</ano>
  <participante>Cristina Patriota de Moura</participante>
  <instituicao>UnB</instituicao>
  <participante>Mariana Cavalcanti</participante>
  <instituicao>FGV-RJ</instituicao>
 </grupo>
 <grupo>
  <nome>Direito e Sociedade 1979,1980,1981,1982,1983,1984,1985,1986,1987,1988,1989</nome>
  <ano>1979</ano>
  <ano>1980</ano>
  <ano>1981</ano>
  <ano>1982</ano>
  <ano>1983</ano>
  <ano>1984</ano>
  <ano>1985</ano>
  <ano>1986</ano>
  <ano>1987</ano>
  <ano>1988</ano>
  <ano>1989</ano>
  <participante>Eliane Junqueira</participante>
  <participante>Joaquim de Arruda Falcão</participante>
  <participante>José Eduardo Campos de Oliveira Faria</participante>
  <instituicao>USP</instituicao>
  <participante>José Ribas Vieira</participante>
  <participante>Luciano Oliveira</participante>
 </grupo>
 <grupo>
  <nome>Direitos, Identidades e Ordem pública 1994 ,1995, 1996</nome>
  <ano>1994</ano>
  <ano>1995</ano>
  <ano>1996</ano>
  <participante>Amélia Cohn</participante>
  <instituicao>USP</instituicao>
  <participante>César Caldeira</participante>
  <instituicao>UNIRIO</instituicao>
  <participante>Maria Célia Paoli</participante>
  <instituicao>USP</instituicao>
  <participante>Sérgio Adorno</participante>
  <instituicao>USP</instituicao>
 </grupo>
 <grupo>
  <nome>Do ponto de vista das crianças: pesquisas recentes em ciências sociais 2008, 2009</nome>
  <ano>2008</ano>
  <ano>2009</ano>
  <participante>Clarice Cohn</participante>
  <instituicao>UFSCAR</instituicao>
  <participante>Antonella Maria Imperatriz Tassinari</participante>
  <instituicao>UFSC</instituicao>
 </grupo>
 <grupo>
  <nome>Ecologia e Sociedade 1994 , 1996</nome>
  <ano>1994</ano>
  <ano>1996</ano>
  <participante>Eduardo Viola</participante>
  <instituicao>UnB</instituicao>
  <participante>Hector Leis</participante>
  <instituicao>UFSC</instituicao>
  <participante>Leila da Costa Ferreira</participante>
  <instituicao>UNICAMP</instituicao>
  <participante>Pedro Jacobi</participante>
  <instituicao>USP</instituicao>
 </grupo>
 <grupo>
  <nome>Ecologia, Política e Sociedade 1988, 1989, 1991 , 1992</nome>
  <ano>1988</ano>
  <ano>1989</ano>
  <ano>1991</ano>
  <ano>1992</ano>
  <participante>Daniel Joseph Hogan</participante>
  <instituicao>UNICAMP</instituicao>
  <participante>Eduardo Viola</participante>
  <instituicao>UFSC</instituicao>
  <participante>Paulo Henrique Freire Vieira</participante>
  <instituicao>UFSC</instituicao>
 </grupo>
 <grupo>
  <nome>Economia e Política 1988</nome>
  <ano>1988</ano>
  <participante>Luis Aureliano Gama de Andrade</participante>
  <participante>Lourdes Sola</participante>
  <instituicao>CEBRAP</instituicao>
 </grupo>
 <grupo>
  <nome>Educação e Sociedade 1982,1983,1984,1985,1986,1987,1988,1989, 1991, 1992, 1994 ,1995 1996, 1998 ,1999, 2000, 2002, 2003,2005, 2006, 2008, 2009, 2011, 2012</nome>
  <ano>1982</ano>
  <ano>1983</ano>
  <ano>1984</ano>
  <ano>1985</ano>
  <ano>1986</ano>
  <ano>1987</ano>
  <ano>1988</ano>
  <ano>1989</ano>
  <ano>1991</ano>
  <ano>1992</ano>
  <ano>1994</ano>
  <ano>1995</ano>
  <ano>1996</ano>
  <ano>1998</ano>
  <ano>1999</ano>
  <ano>2000</ano>
  <ano>2002</ano>
  <ano>2003</ano>
  <ano>2005</ano>
  <ano>2006</ano>
  <ano>2008</ano>
  <ano>2009</ano>
  <ano>2011</ano>
  <ano>2012</ano>
  <participante>Ana Maria F. Almeida</participante>
  <instituicao>UNICAMP</instituicao>
  <participante>Aparecida Joly Gouveia</participante>
  <participante>Arabela Campos Oliven</participante>
  <instituicao>UFRGS</instituicao>
  <participante>Carlos Benedito Martins</participante>
  <instituicao>UnB</instituicao>
  <participante>Clarissa Eckert Baeta Neves</participante>
  <instituicao>UFRGS</instituicao>
  <participante>Fernanda Antônia da Fonseca Sobral</participante>
  <instituicao>UnB</instituicao>
  <participante>Maria Ligia de Oliveira Barbosa</participante>
  <instituicao>UFRJ</instituicao>
  <participante>Zelia de Brito Fabri Demartini</participante>
  <instituicao>UNICAMP/ CERU</instituicao>
 </grupo>
 <grupo>
  <nome>Elites e Espaços de Poder 2014, 2015</nome>
  <ano>2014</ano>
  <ano>2015</ano>
  <participante>Adriano Nervo Codato</participante>
  <instituicao>UFPR</instituicao>
  <participante>Ernesto Seidl</participante>
  <instituicao>UFSC</instituicao>
 </grupo>
 <grupo>
  <nome>Esporte e sociedade 2011, 2012</nome>
  <ano>2011</ano>
  <ano>2012</ano>
  <participante>Arlei Sander Damo</participante>
  <instituicao>UFRGS</instituicao>
  <participante>Josimar Jorge Ventura de Morais</participante>
  <instituicao>UFPE</instituicao>
 </grupo>
 <grupo>
  <nome>Elites e instituições políticas 2008, 2009</nome>
  <ano>2008</ano>
  <ano>2009</ano>
  <participante>Miguel Serna</participante>
  <instituicao>UDELAR</instituicao>
  <participante>Renato Monseff Perissinotto</participante>
  <instituicao>UFPR</instituicao>
 </grupo>
 <grupo>
  <nome>Elites Políticas 1979,1980,1981,1982,1983,1984,1985,1986,1987,1988,1989, 1991, 1992 , 1994, 1995, 1996</nome>
  <ano>1979</ano>
  <ano>1980</ano>
  <ano>1981</ano>
  <ano>1982</ano>
  <ano>1983</ano>
  <ano>1984</ano>
  <ano>1985</ano>
  <ano>1986</ano>
  <ano>1987</ano>
  <ano>1988</ano>
  <ano>1989</ano>
  <ano>1991</ano>
  <ano>1992</ano>
  <ano>1994</ano>
  <ano>1995</ano>
  <ano>1996</ano>
  <participante>Aspásia Camargo</participante>
  <participante>Eli Diniz</participante>
  <instituicao>IUPERJ</instituicao>
  <participante>Maria Antonieta Parahyba Leopoldi</participante>
  <instituicao>UFF</instituicao>
  <participante>Renato Lessa</participante>
  <instituicao>UFF</instituicao>
  <participante>Sérgio Miceli</participante>
 </grupo>
 <grupo>
  <nome>Empresariado e Ação Coletiva 2002, 2003</nome>
  <ano>2002</ano>
  <ano>2003</ano>
  <participante>Eli Diniz</participante>
  <instituicao>UFRJ</instituicao>
  <participante>Otavio Soares Dulci</participante>
  <instituicao>UFMG</instituicao>
  <participante>institucionalização e contestação nos movimentos sociais</participante>
 </grupo>
 <grupo>
  <nome>latino-americanos 2014, 2015</nome>
  <ano>2014</ano>
  <ano>2015</ano>
  <participante>Marcelo Kunrath Silva</participante>
  <instituicao>UFRGS</instituicao>
  <participante>Marisa von Bulow</participante>
  <instituicao>UnB</instituicao>
 </grupo>
 <grupo>
  <nome>Entre fronteiras e disciplinas: estudos sobre África e Caribe 2008, 2009</nome>
  <ano>2008</ano>
  <ano>2009</ano>
  <participante>Federico Neiburg</participante>
  <instituicao>UFRJ</instituicao>
  <participante>Lygia Sigaud</participante>
  <instituicao>UFRJ</instituicao>
  <participante>Omar Ribeiro Thomaz</participante>
  <instituicao>UNICAMP</instituicao>
 </grupo>
 <grupo>
  <nome>Esporte, Política e Cultura 2002, 2003</nome>
  <ano>2002</ano>
  <ano>2003</ano>
  <participante>José Jairo Vieira</participante>
  <instituicao>UFV</instituicao>
  <participante>Ronaldo Helal</participante>
  <instituicao>UERJ</instituicao>
 </grupo>
 <grupo>
  <nome>Estado 1978</nome>
  <ano>1978</ano>
 </grupo>
 <grupo>
  <nome>Estado e Agricultura 1980,1981,1982,1983,1984,1985,1986,1987,1988,1989, 1991 , 1992</nome>
  <ano>1980</ano>
  <ano>1981</ano>
  <ano>1982</ano>
  <ano>1983</ano>
  <ano>1984</ano>
  <ano>1985</ano>
  <ano>1986</ano>
  <ano>1987</ano>
  <ano>1988</ano>
  <ano>1989</ano>
  <ano>1991</ano>
  <ano>1992</ano>
  <participante>Anita Brumer</participante>
  <participante>Cesar Barreira</participante>
  <instituicao>UFC</instituicao>
  <participante>Delma Pessanha Neves</participante>
  <instituicao>UFF</instituicao>
  <participante>Jorge Osvaldo Romano</participante>
  <instituicao>UFRJ</instituicao>
  <participante>Maria de Nazareth Baudel Wanderley</participante>
  <participante>Otávio Guilherme Velho</participante>
  <participante>Vilma Figueiredo</participante>
 </grupo>
 <grupo>
  <nome>Estado e Democracia 1979 a 1986</nome>
  <ano>1979</ano>
  <ano>1986</ano>
  <participante>Fabio Wanderley Reis</participante>
  <participante>Renato Raul Boschi</participante>
 </grupo>
 <grupo>
  <nome>Estratégias Internéticas e fronteiras identitárias 2008, 2009</nome>
  <ano>2008</ano>
  <ano>2009</ano>
  <participante>João Pacheco de Oliveira Filho</participante>
  <instituicao>UFRJ</instituicao>
  <participante>John Manuel Monteiro</participante>
  <instituicao>UNICAMP</instituicao>
 </grupo>
 <grupo>
  <nome>Estratificação e Mobilidade Social 2002, 2003</nome>
  <ano>2002</ano>
  <ano>2003</ano>
  <participante>Carlos Antonio Costa Ribeiro</participante>
  <instituicao>UERJ</instituicao>
 </grupo>
 <grupo>
  <nome>Estrutura Social e Desigualdade 1998 ,1999,2000</nome>
  <ano>1998</ano>
  <ano>1999</ano>
  <ano>2000</ano>
  <participante>Célia de Andrade Lessa</participante>
  <instituicao>UFF</instituicao>
  <participante>Ricardo Paes de Barros</participante>
  <instituicao>IPEA</instituicao>
 </grupo>
 <grupo>
  <nome>Estudos Legislativos 1983 ,1984, 1985, 2002, 2003, 2005, 2006, 2008, 2009, 2011, 2012</nome>
  <ano>1983</ano>
  <ano>1984</ano>
  <ano>1985</ano>
  <ano>2002</ano>
  <ano>2003</ano>
  <ano>2005</ano>
  <ano>2006</ano>
  <ano>2008</ano>
  <ano>2009</ano>
  <ano>2011</ano>
  <ano>2012</ano>
  <participante>André Marenco,</participante>
  <instituicao>UFRGS</instituicao>
  <participante>Carlos Ranulfo Melo</participante>
  <instituicao>UFMG</instituicao>
  <participante>David Fleischer</participante>
  <instituicao>UnB</instituicao>
  <participante>Fabiano Santos</participante>
  <instituicao>IUPERJ</instituicao>
  <participante>Lucio Remuzat Rennó Junior</participante>
  <instituicao>UnB</instituicao>
  <participante>Luís Gustavo Mello Grohmann</participante>
  <instituicao>UFRGS</instituicao>
  <participante>Magna Maria Inácio</participante>
  <instituicao>UFMG</instituicao>
  <participante>Maria de Fatima J. Anastasia</participante>
  <instituicao>UFMG</instituicao>
  <participante>Paolo Ricci</participante>
  <instituicao>USP</instituicao>
 </grupo>
 <grupo>
  <nome>Estudos rurais e etnologia indígena: diálogos e intersecções 2011, 2012</nome>
  <ano>2011</ano>
  <ano>2012</ano>
  <participante>Emília Pietrafesa de Godoi</participante>
  <instituicao>UNICAMP</instituicao>
  <participante>Maria Rosário Carvalho</participante>
  <instituicao>UFBA</instituicao>
 </grupo>
 <grupo>
  <nome>Estudos sobre Estados Unidos 2011, 2012</nome>
  <ano>2011</ano>
  <ano>2012</ano>
  <participante>Matias Spektor</participante>
  <instituicao>FGV/RJ</instituicao>
  <participante>Sebastião Velasco e Cruz</participante>
  <instituicao>INCT-INEU</instituicao>
 </grupo>
 <grupo>
  <nome>Estudos Urbanos 1987 ,1988, 1989, 1991, 1992, 1994 ,1995, 1996</nome>
  <ano>1987</ano>
  <ano>1988</ano>
  <ano>1989</ano>
  <ano>1991</ano>
  <ano>1992</ano>
  <ano>1994</ano>
  <ano>1995</ano>
  <ano>1996</ano>
  <participante>Berenice Martins Guimarães</participante>
  <instituicao>UFMG</instituicao>
  <participante>Flávio Saliba Cunha</participante>
  <participante>Licia Valladares</participante>
  <participante>Lúcia Bógus</participante>
  <instituicao>PUC/SP</instituicao>
  <participante>Luiz Cesar de Queiroz Ribeiro</participante>
  <instituicao>UFRJ</instituicao>
  <participante>Maria da Gloria Gohn</participante>
  <instituicao>UNICAMP</instituicao>
  <participante>Suzana Pasternak Taschner</participante>
  <instituicao>USP</instituicao>
  <participante>Tamara Benakouche</participante>
  <instituicao>UFSC</instituicao>
  <participante>Tamara Tânia Cohen Egler</participante>
  <instituicao>UFRJ</instituicao>
 </grupo>
 <grupo>
  <nome>Estudos Urbanos: Representações e Políticas Públicas 1981,1982,1983,1984,1985,1986</nome>
  <ano>1981</ano>
  <ano>1982</ano>
  <ano>1983</ano>
  <ano>1984</ano>
  <ano>1985</ano>
  <ano>1986</ano>
  <participante>Flávio Saliba Cunha</participante>
  <participante>Sergio de Azevedo</participante>
  <instituicao>UFMG</instituicao>
 </grupo>
 <grupo>
  <nome>Etnografando o fazer científico 2008</nome>
  <ano>2008</ano>
  <participante>Daniela Riva Knauth</participante>
  <instituicao>UFRGS</instituicao>
  <participante>Ednalva Maciel Neves</participante>
  <instituicao>UFMA</instituicao>
 </grupo>
 <grupo>
  <nome>Etnologia Indígena 1998 a 2000</nome>
  <ano>1998</ano>
  <ano>2000</ano>
  <participante>Denise Fajardo Grupioni</participante>
  <instituicao>USP</instituicao>
  <participante>Dominique Tilkin Gallois</participante>
  <instituicao>USP</instituicao>
 </grupo>
 <grupo>
  <nome>Família e Sociedade 1981,1982,1983,1984,1985,1986,1987,1988,1989, 1991, 1992, 1994 ,1995, 1996, 1998, 2000</nome>
  <ano>1981</ano>
  <ano>1982</ano>
  <ano>1983</ano>
  <ano>1984</ano>
  <ano>1985</ano>
  <ano>1986</ano>
  <ano>1987</ano>
  <ano>1988</ano>
  <ano>1989</ano>
  <ano>1991</ano>
  <ano>1992</ano>
  <ano>1994</ano>
  <ano>1995</ano>
  <ano>1996</ano>
  <ano>1998</ano>
  <ano>2000</ano>
  <participante>Elisabete Dória Bilac</participante>
  <participante>Lia Freitas Garcia Fukui</participante>
  <instituicao>CERU/USP</instituicao>
  <participante>Maria Cristina A. Bruschini</participante>
  <instituicao>Fundação Carlos Chagas</instituicao>
  <participante>Maria Lygia Quartim de Moares</participante>
  <instituicao>UNICAMP</instituicao>
  <participante>Mariza Corrêa</participante>
  <participante>Russell Parry Scott</participante>
  <instituicao>UFPE</instituicao>
  <participante>configurações, gerações e articulações em contexto de desigualdade</participante>
 </grupo>
 <grupo>
  <nome>2014, 2015</nome>
  <ano>2014</ano>
  <ano>2015</ano>
  <participante>Felícia Silva Picanço</participante>
  <instituicao>UFRJ</instituicao>
  <participante>Jurema Gorski Brites</participante>
  <instituicao>UFSM</instituicao>
  <participante>o impacto do dinheiro sobre os partidos, eleições,</participante>
 </grupo>
 <grupo>
  <nome>candidatos e representantes 2011, 2012</nome>
  <ano>2011</ano>
  <ano>2012</ano>
  <participante>Bruno Wilhelm Speck</participante>
  <instituicao>UNICAMP</instituicao>
  <participante>Wagner Pralon Mancuso</participante>
  <instituicao>USP</instituicao>
 </grupo>
 <grupo>
  <nome>Financiamento do Sistema Partidário e Eleitoral nas Democracias Contemporâneas 2014,2015</nome>
  <ano>2014</ano>
  <ano>2015</ano>
  <participante>Emerson Urizzi Cervi</participante>
  <instituicao>UFPR</instituicao>
  <participante>Manoel Santos</participante>
  <instituicao>UFMG</instituicao>
  <participante>Mauro Macedo Campos</participante>
  <instituicao>UENF</instituicao>
 </grupo>
 <grupo>
  <nome>Forças Armadas, Estado e Sociedade 1984, 1998, 1991, 1992, 1994 , 1995, 1996, 2005, 2006,2008, 2009, 2011, 2012</nome>
  <ano>1984</ano>
  <ano>1998</ano>
  <ano>1991</ano>
  <ano>1992</ano>
  <ano>1994</ano>
  <ano>1995</ano>
  <ano>1996</ano>
  <ano>2005</ano>
  <ano>2006</ano>
  <ano>2008</ano>
  <ano>2009</ano>
  <ano>2011</ano>
  <ano>2012</ano>
  <participante>Adriana Barreto de Souza</participante>
  <instituicao>UFRRJ</instituicao>
  <participante>Antonio Jorge Ramalho da Rocha</participante>
  <instituicao>UnB</instituicao>
  <participante>Celso Corrêa Castro Pinto de Castro</participante>
  <instituicao>FGV-RJ</instituicao>
  <participante>Hector Luis Saint-Pierre</participante>
  <participante>João Roberto Martins Filho</participante>
  <instituicao>UFSCar</instituicao>
  <participante>Jorge Zaverucha</participante>
  <instituicao>UFPE</instituicao>
  <participante>Piero de Camargo Leirner</participante>
  <instituicao>UFSCar</instituicao>
  <participante>Renato Dagnino</participante>
  <instituicao>UNICAMP</instituicao>
  <participante>René Armand Dreifuss</participante>
  <instituicao>UFMG</instituicao>
  <participante>Suzeley Kalil Mathias</participante>
  <instituicao>UNESP/ UNICAMP</instituicao>
 </grupo>
 <grupo>
  <nome>Gênero, deslocamentos, militâncias e democracia 2011, 2012</nome>
  <ano>2011</ano>
  <ano>2012</ano>
  <participante>Elisete Schwade</participante>
  <instituicao>UFRN</instituicao>
  <participante>Miriam Pillar Grossi</participante>
  <instituicao>UFSC</instituicao>
 </grupo>
 <grupo>
  <nome>Gênero na contemporaneidade 2005, 2006</nome>
  <ano>2005</ano>
  <ano>2006</ano>
  <participante>Lucila Scavone</participante>
  <instituicao>UNESP</instituicao>
  <participante>Luzinete Simões Minella</participante>
  <instituicao>UFSC</instituicao>
  <participante>Maria Lygia Quartim de Moraes</participante>
  <instituicao>UNICAMP</instituicao>
 </grupo>
 <grupo>
  <nome>Grupos dirigentes e estruturas de poder 2011, 2012</nome>
  <ano>2011</ano>
  <ano>2012</ano>
  <participante>Ernesto Seidl</participante>
  <instituicao>UFS</instituicao>
  <participante>Mario Grynszpan</participante>
  <instituicao>FGV/RJ</instituicao>
 </grupo>
 <grupo>
  <nome>História Indígena e do Indigenismo 1978, 1984 ,1985, 1986, 1989, 1991, 1992,1993,1994,1995,1996</nome>
  <ano>1978</ano>
  <ano>1984</ano>
  <ano>1985</ano>
  <ano>1986</ano>
  <ano>1989</ano>
  <ano>1991</ano>
  <ano>1992</ano>
  <ano>1993</ano>
  <ano>1994</ano>
  <ano>1995</ano>
  <ano>1996</ano>
  <participante>John Manuel Monteiro</participante>
  <instituicao>UNICAMP</instituicao>
  <participante>Maria Manuela Carneiro da Cunha</participante>
  <participante>Robin M. Wright</participante>
  <instituicao>USP/ UNICAMP/ UNESP</instituicao>
 </grupo>
 <grupo>
  <nome>História Oral e Memória 1994,1995,1996</nome>
  <ano>1994</ano>
  <ano>1995</ano>
  <ano>1996</ano>
  <participante>Dulce Pandolfi</participante>
  <instituicao>FGV/RJ</instituicao>
  <participante>José Sergio Leite Lopes</participante>
  <instituicao>UFRJ</instituicao>
  <participante>Marieta de Morais Ferreira</participante>
  <instituicao>FGVRJ/ UFRJ</instituicao>
  <participante>Rosilene Alvim</participante>
  <instituicao>UFRJ</instituicao>
 </grupo>
 <grupo>
  <nome>Instituição Militar e Ordem Social 2014, 2015</nome>
  <ano>2014</ano>
  <ano>2015</ano>
  <participante>Adriana Barreto de Souza</participante>
  <instituicao>UFRRJ</instituicao>
  <participante>Maud Aurélia Chirio</participante>
  <instituicao>UFSCAR</instituicao>
 </grupo>
 <grupo>
  <nome>Instituições judiciais, agentes e repercussão pública 2014, 2015</nome>
  <ano>2014</ano>
  <ano>2015</ano>
  <participante>Andrei Koerner</participante>
  <instituicao>UNICAMP</instituicao>
  <participante>Fabiano Engelmann</participante>
  <instituicao>UFRGS</instituicao>
  <participante>Roberto Fragale Filho</participante>
  <instituicao>UFF</instituicao>
 </grupo>
 <grupo>
  <nome>Instituições Políticas 1998 ,1999, 2000</nome>
  <ano>1998</ano>
  <ano>1999</ano>
  <ano>2000</ano>
  <participante>Renato Lessa</participante>
  <instituicao>IUPERJ</instituicao>
 </grupo>
 <grupo>
  <nome>Intelectuais, cultura e democracia 2014, 2015</nome>
  <ano>2014</ano>
  <ano>2015</ano>
  <participante>Luiz Werneck Vianna</participante>
  <instituicao>PUC-Rio</instituicao>
  <participante>Rubem Barboza Filho</participante>
  <instituicao>UFJF</instituicao>
 </grupo>
 <grupo>
  <nome>Imagens e Sentidos: a produção de conhecimento nas ciências sociais 2005, 2006</nome>
  <ano>2005</ano>
  <ano>2006</ano>
  <participante>Clarice Ehlers Peixoto</participante>
  <instituicao>UERJ</instituicao>
  <participante>Paulo Menezes</participante>
  <instituicao>USP</instituicao>
 </grupo>
 <grupo>
  <nome>Judiciário e política – teorias e debates contemporâneos 2011, 2012</nome>
  <ano>2011</ano>
  <ano>2012</ano>
  <participante>Andrei Koerner</participante>
  <instituicao>UNICAMP</instituicao>
  <participante>Marcus Faro de Castro</participante>
  <instituicao>UnB</instituicao>
 </grupo>
 <grupo>
  <nome>Lutas Urbanas, Estado e Cidadania 1978,1979,1980,1981,1982,1983,1984,1985,1986,1987,1988,1989, 1991 , 1992</nome>
  <ano>1978</ano>
  <ano>1979</ano>
  <ano>1980</ano>
  <ano>1981</ano>
  <ano>1982</ano>
  <ano>1983</ano>
  <ano>1984</ano>
  <ano>1985</ano>
  <ano>1986</ano>
  <ano>1987</ano>
  <ano>1988</ano>
  <ano>1989</ano>
  <ano>1991</ano>
  <ano>1992</ano>
  <participante>Ana Clara T. Ribeiro</participante>
  <participante>Edison Nunes</participante>
  <instituicao>CEDEC</instituicao>
  <participante>Ilse Scherer-Warren</participante>
  <instituicao>UFSC</instituicao>
  <participante>Inaiá Carvalho</participante>
  <instituicao>UFBA</instituicao>
  <participante>Irlys Barreira</participante>
  <instituicao>UFCe</instituicao>
  <participante>Lícia Valladares</participante>
  <participante>Luiz Antônio da Silva</participante>
  <instituicao>UFRJ</instituicao>
  <participante>Pedro R. Jacobi</participante>
 </grupo>
 <grupo>
  <nome>Marxismo e Ciências Sociais 2008, 2009, 2011, 2012, 2014, 2015</nome>
  <ano>2008</ano>
  <ano>2009</ano>
  <ano>2011</ano>
  <ano>2012</ano>
  <ano>2014</ano>
  <ano>2015</ano>
  <participante>Armando Boito Júnior</participante>
  <instituicao>UNICAMP</instituicao>
  <participante>Gonzalo Adrián Rojas</participante>
  <instituicao>UFCG</instituicao>
  <participante>Luiz Eduardo Pereira da Motta</participante>
  <instituicao>UFRJ</instituicao>
  <participante>Marcos Tadeu Del Roio</participante>
  <instituicao>UNESP</instituicao>
  <participante>Ruy Gomes Braga Neto</participante>
  <instituicao>USP</instituicao>
  <participante>novas construções de sentidos e experiências de</participante>
 </grupo>
 <grupo>
  <nome>transdisciplinaridade 2011, 2012</nome>
  <ano>2011</ano>
  <ano>2012</ano>
  <participante>Myrian Sepulveda dos Santos</participante>
  <instituicao>UERJ</instituicao>
  <participante>Regina Maria do Rego Monteiro de Abreu</participante>
  <instituicao>UNIRIO</instituicao>
 </grupo>
 <grupo>
  <nome>Metamorfoses do rural contemporâneo 2011, 2012, 2014, 2015</nome>
  <ano>2011</ano>
  <ano>2012</ano>
  <ano>2014</ano>
  <ano>2015</ano>
  <participante>Flávio Sacco dos Anjos</participante>
  <instituicao>UFPel</instituicao>
  <participante>Rodrigo Constante Martins</participante>
  <instituicao>UFSCAR</instituicao>
 </grupo>
 <grupo>
  <nome>Métodos em Ciências Sociais 1982,1983,1984,1985,1986</nome>
  <ano>1982</ano>
  <ano>1983</ano>
  <ano>1984</ano>
  <ano>1985</ano>
  <ano>1986</ano>
  <participante>Marcus Faria Figueiredo</participante>
  <participante>Nelson do Valle e Silva</participante>
 </grupo>
 <grupo>
  <nome>Mídia, Política e Opinião Pública 2005, 2006</nome>
  <ano>2005</ano>
  <ano>2006</ano>
  <participante>Alessandra Aldé</participante>
  <instituicao>UERJ</instituicao>
  <participante>Fernando Antônio Azevedo</participante>
  <instituicao>UFSCAR</instituicao>
 </grupo>
 <grupo>
  <nome>Mídia e Política: Opinião Pública e Eleições 2002, 2003</nome>
  <ano>2002</ano>
  <ano>2003</ano>
  <participante>Flávio Silveira</participante>
  <instituicao>PUC-RS</instituicao>
  <participante>Marcus Figueiredo</participante>
  <instituicao>IUPERJ</instituicao>
  <participante>Vera Chaia</participante>
  <instituicao>PUC-SP</instituicao>
 </grupo>
 <grupo>
  <nome>Mídia, Opinião Pública e Eleições 1998 ,1999, 2000</nome>
  <ano>1998</ano>
  <ano>1999</ano>
  <ano>2000</ano>
  <participante>Marcus Figueiredo</participante>
  <instituicao>IUPERJ</instituicao>
  <participante>Vera Chaia</participante>
  <instituicao>PUC-SP</instituicao>
 </grupo>
 <grupo>
  <nome>Mídia, política e eleições 2011, 2012, 2014, 2015</nome>
  <ano>2011</ano>
  <ano>2012</ano>
  <ano>2014</ano>
  <ano>2015</ano>
  <participante>Fernando Lattman Weltman</participante>
  <instituicao>UERJ</instituicao>
  <participante>Flávia Biroli</participante>
  <instituicao>UnB</instituicao>
  <participante>Jorge Almeida</participante>
  <instituicao>UFBA</instituicao>
  <participante>Ricardo Fabrino Mendonça</participante>
  <instituicao>UFMG</instituicao>
 </grupo>
 <grupo>
  <nome>Migrações Internacionais 1998 ,1999, 2000, 2002, 2003, 2005, 2006, 2008, 2009</nome>
  <ano>1998</ano>
  <ano>1999</ano>
  <ano>2000</ano>
  <ano>2002</ano>
  <ano>2003</ano>
  <ano>2005</ano>
  <ano>2006</ano>
  <ano>2008</ano>
  <ano>2009</ano>
  <participante>Célia Sakurai</participante>
  <instituicao>IDESP</instituicao>
  <participante>Ethel Kosminsky</participante>
  <instituicao>UNESP/Marília</instituicao>
  <participante>Giralda Seyferth</participante>
  <instituicao>UFRJ</instituicao>
  <participante>Helion Povoa Neto</participante>
  <instituicao>UFRJ</instituicao>
  <participante>José Renato de Campos Araújo</participante>
  <instituicao>USP</instituicao>
  <participante>Oswaldo Mário Serra Truzzi</participante>
  <instituicao>UFSCAR</instituicao>
  <participante>Teresa Sales</participante>
  <instituicao>UNICAMP</instituicao>
  <participante>Zeila de Brito Fabri Demartini</participante>
  <instituicao>CERU</instituicao>
 </grupo>
 <grupo>
  <nome>Migrações internacionais: legislações, estados e atores sociais 2014, 2015</nome>
  <ano>2014</ano>
  <ano>2015</ano>
  <participante>José Renato de Campos Araújo</participante>
  <instituicao>USP</instituicao>
  <participante>Maria Catarina Zanini</participante>
  <instituicao>UFSM</instituicao>
  <participante>Miriam Oliveira Santos</participante>
  <instituicao>UFRRJ</instituicao>
 </grupo>
 <grupo>
  <nome>Migrações internacionais: interações entre estados, poderes e agentes 2011, 2012</nome>
  <ano>2011</ano>
  <ano>2012</ano>
  <participante>Helion Povoa Neto</participante>
  <instituicao>UFRJ</instituicao>
  <participante>Maria Catarina Chitolina Zanini</participante>
  <instituicao>UFSM</instituicao>
 </grupo>
 <grupo>
  <nome>Mundo em Transição: novos vértices de poder, instituições e cooperação 2014, 2015</nome>
  <ano>2014</ano>
  <ano>2015</ano>
  <participante>Karina Pasquariello</participante>
  <instituicao>UNESP</instituicao>
  <participante>Roberto Goulart Menezes</participante>
  <instituicao>UnB</instituicao>
 </grupo>
 <grupo>
  <nome>Movimento Operário e Sindicatos 1978 , 1980,1981,1982,1983,1984</nome>
  <ano>1978</ano>
  <ano>1980</ano>
  <ano>1981</ano>
  <ano>1982</ano>
  <ano>1983</ano>
  <ano>1984</ano>
  <participante>Ingrid Sarti</participante>
  <instituicao>ILDES</instituicao>
  <participante>Maria Hermínia Tavares de Almeida</participante>
 </grupo>
 <grupo>
  <nome>Mulher e Política 1981,1982,1983,1984,1985,1986,1987,1988,1989</nome>
  <ano>1981</ano>
  <ano>1982</ano>
  <ano>1983</ano>
  <ano>1984</ano>
  <ano>1985</ano>
  <ano>1986</ano>
  <ano>1987</ano>
  <ano>1988</ano>
  <ano>1989</ano>
  <participante>Ana Alice Costa</participante>
  <participante>Eleonora Menicucci de Oliveira</participante>
  <participante>Fanny Tabak</participante>
  <participante>Lourdes Bandeira</participante>
  <instituicao>UFPB</instituicao>
 </grupo>
 <grupo>
  <nome>Mulher na Força de Trabalho 1979,1980,1981,1982,1983,1984,1985, 1987 , 1989</nome>
  <ano>1979</ano>
  <ano>1980</ano>
  <ano>1981</ano>
  <ano>1982</ano>
  <ano>1983</ano>
  <ano>1984</ano>
  <ano>1985</ano>
  <ano>1987</ano>
  <ano>1989</ano>
  <participante>Heleieth Iara Bongiovani Saffioti</participante>
  <instituicao>USP</instituicao>
  <participante>Lena Lavinas</participante>
  <instituicao>UFRJ</instituicao>
  <participante>Neuma Aguiar</participante>
 </grupo>
 <grupo>
  <nome>Novas configurações do ensino superior na sociedade contemporânea 2014, 2015</nome>
  <ano>2014</ano>
  <ano>2015</ano>
  <participante>Carlos Benedito Martin</participante>
  <instituicao>UnB</instituicao>
  <participante>Clarissa Eckert Baeta Neves</participante>
  <instituicao>UFRGS</instituicao>
 </grupo>
 <grupo>
  <nome>Novos modelos comparativos: antropologia simétrica e sociologia pós-social 2008, 2009</nome>
  <ano>2008</ano>
  <ano>2009</ano>
  <participante>Eduardo Viana Vargas</participante>
  <instituicao>UFMG</instituicao>
  <participante>Marcio Goldman</participante>
  <instituicao>UFRJ</instituicao>
 </grupo>
 <grupo>
  <nome>Novos modelos comparativos: investigações sobre coletivos afro-indígenas 2011, 2012</nome>
  <ano>2011</ano>
  <ano>2012</ano>
  <participante>Beatriz Perrone-Moisés</participante>
  <instituicao>USP</instituicao>
  <participante>Marcio Goldman</participante>
  <instituicao>MN-UFRJ</instituicao>
 </grupo>
 <grupo>
  <nome>O Desenvolvimento Sustentável em Questão na Amazônia Brasileira 2002, 2003</nome>
  <ano>2002</ano>
  <ano>2003</ano>
  <participante>Neide Esterci</participante>
  <instituicao>UFRJ</instituicao>
 </grupo>
 <grupo>
  <nome>O Pensamento Social Latino-americano: Legado e Desafios contemporâneos 2014, 2015</nome>
  <ano>2014</ano>
  <ano>2015</ano>
  <participante>Carlos Eduardo da Rosa Martins</participante>
  <instituicao>UFRJ</instituicao>
  <participante>Sedi Hirano</participante>
  <instituicao>USP</instituicao>
 </grupo>
 <grupo>
  <nome>O pluralismo na teoria contemporânea 2011, 2012</nome>
  <ano>2011</ano>
  <ano>2012</ano>
  <participante>Artur Perrusi</participante>
  <instituicao>UFPE</instituicao>
  <participante>Cynthia Hamlin</participante>
  <instituicao>UFPE</instituicao>
  <participante>Frederic Vandenbergue</participante>
  <instituicao>IESP-UERJ</instituicao>
 </grupo>
 <grupo>
  <nome>Ordem hegemônica, multilateralismo e política externa 2005, 2006</nome>
  <ano>2005</ano>
  <ano>2006</ano>
  <participante>Norma Breda dos Santos</participante>
  <instituicao>UnB</instituicao>
  <participante>Rafael Villa</participante>
  <instituicao>USP</instituicao>
 </grupo>
 <grupo>
  <nome>Os regimes de subjetivação ameríndios e a objetivação da cultura 2005, 2006</nome>
  <ano>2005</ano>
  <ano>2006</ano>
  <participante>Eduardo Viveiros de Castro</participante>
  <instituicao>UFRJ</instituicao>
  <participante>Marcela Stockler Coelho de Souza</participante>
  <instituicao>UFRJ</instituicao>
  <participante>Oscar Calavia Saez</participante>
  <instituicao>UFSC</instituicao>
 </grupo>
 <grupo>
  <nome>Organizações e Sociedade 1980 , 1981</nome>
  <ano>1980</ano>
  <ano>1981</ano>
 </grupo>
 <grupo>
  <nome>Para onde vai a Teoria Social Contemporânea? 2008, 2009</nome>
  <ano>2008</ano>
  <ano>2009</ano>
  <participante>Céli Regina Jardim Pinto</participante>
  <instituicao>UFRGS</instituicao>
  <participante>Jose Luiz Ratton</participante>
  <instituicao>UFPE</instituicao>
 </grupo>
 <grupo>
  <nome>Partidos e Comportamento Eleitoral 1994 , 1995, 1996</nome>
  <ano>1994</ano>
  <ano>1995</ano>
  <ano>1996</ano>
  <participante>Marcello Baquero</participante>
  <instituicao>UFRGS</instituicao>
 </grupo>
 <grupo>
  <nome>Partidos e Movimentos de Esquerda 1983,1984,1985,1986,1987,1988,1989, 1991 , 1992</nome>
  <ano>1983</ano>
  <ano>1984</ano>
  <ano>1985</ano>
  <ano>1986</ano>
  <ano>1987</ano>
  <ano>1988</ano>
  <ano>1989</ano>
  <ano>1991</ano>
  <ano>1992</ano>
  <participante>Daniel Aarão Reis Filho</participante>
  <participante>João Quartim de Moraes</participante>
  <instituicao>UNICAMP</instituicao>
  <participante>Marcelo Siqueira Ridenti</participante>
  <instituicao>UNESP</instituicao>
  <participante>Marco Aurélio Garcia</participante>
 </grupo>
 <grupo>
  <nome>Partidos e sistemas partidários 2008, 2009, 2011, 2012, 2014, 2015</nome>
  <ano>2008</ano>
  <ano>2009</ano>
  <ano>2011</ano>
  <ano>2012</ano>
  <ano>2014</ano>
  <ano>2015</ano>
  <participante>Luciana Fernandes Veiga</participante>
  <instituicao>UFPR</instituicao>
  <participante>Maria do Socorro Sousa Braga</participante>
  <instituicao>UFSCar</instituicao>
  <participante>Marcia Dias</participante>
  <instituicao>Unirio, Iuperj</instituicao>
  <participante>Oswaldo M. E. Amaral</participante>
  <instituicao>UNICAMP</instituicao>
 </grupo>
 <grupo>
  <nome>Partidos, Eleições e Problemas Institucionais 1978,1979,1980,1981,1982,1983,1984,1985,1986,1987,1988,1989</nome>
  <ano>1978</ano>
  <ano>1979</ano>
  <ano>1980</ano>
  <ano>1981</ano>
  <ano>1982</ano>
  <ano>1983</ano>
  <ano>1984</ano>
  <ano>1985</ano>
  <ano>1986</ano>
  <ano>1987</ano>
  <ano>1988</ano>
  <ano>1989</ano>
  <participante>Bolívar Lamounier</participante>
  <participante>Maria D’Alva Gil Kinzo</participante>
  <participante>Plínio Dentzien</participante>
 </grupo>
 <grupo>
  <nome>Patrimônio, Museus e Ciências Sociais 2008, 2009</nome>
  <ano>2008</ano>
  <ano>2009</ano>
  <participante>Myrian Sepulveda dos Santos</participante>
  <instituicao>UERJ</instituicao>
  <participante>Regina Maria do Rego Monteiro de Abreu</participante>
  <instituicao>UFRJ</instituicao>
 </grupo>
 <grupo>
  <nome>Pensamento social latino-americano 2011, 2012</nome>
  <ano>2011</ano>
  <ano>2012</ano>
  <participante>Carlos Eduardo Martins</participante>
  <instituicao>UFRJ</instituicao>
  <participante>Ricardo Benzaquen de Araújo</participante>
  <instituicao>IUPERJ</instituicao>
  <participante>Sedi Hirano</participante>
  <instituicao>USP</instituicao>
 </grupo>
 <grupo>
  <nome>Pensamento Social no Brasil 1983,1984,1985,1986,1987,1988,1989, 1991, 1992, 1994 ,1995, 1996, 1998,1999,  2000, 2002,2003, 2005, 2006, 2008, 2009, 2011, 2012, 2014, 2015</nome>
  <ano>1983</ano>
  <ano>1984</ano>
  <ano>1985</ano>
  <ano>1986</ano>
  <ano>1987</ano>
  <ano>1988</ano>
  <ano>1989</ano>
  <ano>1991</ano>
  <ano>1992</ano>
  <ano>1994</ano>
  <ano>1995</ano>
  <ano>1996</ano>
  <ano>1998</ano>
  <ano>1999</ano>
  <ano>2000</ano>
  <ano>2002</ano>
  <ano>2003</ano>
  <ano>2005</ano>
  <ano>2006</ano>
  <ano>2008</ano>
  <ano>2009</ano>
  <ano>2011</ano>
  <ano>2012</ano>
  <ano>2014</ano>
  <ano>2015</ano>
  <participante>André Pereira Botelho</participante>
  <instituicao>UFRJ</instituicao>
  <participante>Angela de Castro Gomes</participante>
  <instituicao>CPDOC/ FGV</instituicao>
  <participante>Angela Maria Alonso</participante>
  <instituicao>USP</instituicao>
  <participante>Antonio Herculano Lopes</participante>
  <instituicao>FCRB</instituicao>
  <participante>Fernanda Arêas Peixoto</participante>
  <instituicao>USP</instituicao>
  <participante>Gabriela Nunes Ferreira</participante>
  <instituicao>UNIFESP</instituicao>
  <participante>Helena Bomeny</participante>
  <instituicao>FGV/RJ</instituicao>
  <participante>Heloisa Pontes</participante>
  <instituicao>UNICAMP</instituicao>
  <participante>Isabel Lustosa</participante>
  <instituicao>FCRB</instituicao>
  <participante>José Reginaldo Gonçalves</participante>
  <instituicao>UFRJ</instituicao>
  <participante>Lilia Katri Moritz Schwarcz</participante>
  <instituicao>USP</instituicao>
  <participante>Lúcia Lippi Oliveira</participante>
  <participante>Luiz Antonio Castro Santos</participante>
  <participante>Marcos Chor Maio</participante>
  <instituicao>Casa de Oswaldo Cruz</instituicao>
  <participante>Maria Arminda do Nascimento Arruda</participante>
  <instituicao>USP</instituicao>
  <participante>Maria Tereza Sadek</participante>
  <participante>Nísia Trindade Lima</participante>
  <instituicao>FIOCRUZ</instituicao>
  <participante>Ricardo Benzaquen de Araújo</participante>
  <instituicao>IUPERJ</instituicao>
 </grupo>
 <grupo>
  <nome>Performance, drama e sociedade 2005, 2006</nome>
  <ano>2005</ano>
  <ano>2006</ano>
  <participante>Esther Jean Matteson Langdon</participante>
  <instituicao>UFSC</instituicao>
  <participante>John Dawsey</participante>
  <instituicao>USP</instituicao>
 </grupo>
 <grupo>
  <nome>Pessoa, Corpo e Doença 1994 ,1995, 1996</nome>
  <ano>1994</ano>
  <ano>1995</ano>
  <ano>1996</ano>
  <participante>Luiz Fernando Dias Duarte</participante>
  <instituicao>UFRJ</instituicao>
  <participante>Sérgio Luís Carrara</participante>
  <instituicao>UERJ</instituicao>
 </grupo>
 <grupo>
  <nome>Pessoa, Corpo e Saúde 1998 ,1999, 2000</nome>
  <ano>1998</ano>
  <ano>1999</ano>
  <ano>2000</ano>
  <participante>Jane A. Russo</participante>
  <instituicao>UFRJ</instituicao>
  <participante>Ondina Fachel Leal</participante>
  <instituicao>UFRGS</instituicao>
 </grupo>
 <grupo>
  <nome>Pessoa e Corpo: Novas Tecnologias Biológicas e Novas Configurações Ideológicas 2002,2003</nome>
  <ano>2002</ano>
  <ano>2003</ano>
  <participante>Luiz Fernando Dias Duarte</participante>
  <instituicao>UFRJ</instituicao>
  <participante>Jane Araujo Russo</participante>
  <instituicao>UERJ</instituicao>
 </grupo>
 <grupo>
  <nome>Pessoa, família e ethos religioso 2005, 2006</nome>
  <ano>2005</ano>
  <ano>2006</ano>
  <participante>Carlos Alberto Steil</participante>
  <instituicao>UFRGS</instituicao>
  <participante>Luiz Fernando Dias Duarte</participante>
  <instituicao>UFRJ</instituicao>
  <participante>Patricia Birman</participante>
  <instituicao>UERJ</instituicao>
 </grupo>
 <grupo>
  <nome>Poder político e controles democráticos 2005, 2006</nome>
  <ano>2005</ano>
  <ano>2006</ano>
  <participante>Bruno Pinheiro Wanderley Reis</participante>
  <instituicao>UFMG</instituicao>
  <participante>Fernando Lattman-Weltman FGV/RJ)</participante>
  <participante>Fernando Luiz Abrucio</participante>
  <instituicao>FGV/SP</instituicao>
 </grupo>
 <grupo>
  <nome>Política dos Direitos Humanos 2008, 2009</nome>
  <ano>2008</ano>
  <ano>2009</ano>
  <participante>Jaime Benvenuto Lima Junior</participante>
  <instituicao>UNICAMP</instituicao>
  <participante>Rossana Rocha Reis</participante>
  <instituicao>USP</instituicao>
 </grupo>
 <grupo>
  <nome>Política e Economia 1982,1983,1984,1985,1986,1987, 1989, 1998,1999,2000</nome>
  <ano>1982</ano>
  <ano>1983</ano>
  <ano>1984</ano>
  <ano>1985</ano>
  <ano>1986</ano>
  <ano>1987</ano>
  <ano>1989</ano>
  <ano>1998</ano>
  <ano>1999</ano>
  <ano>2000</ano>
  <participante>Brasílio Sallum Junior</participante>
  <instituicao>FESP/SP</instituicao>
  <participante>Eduardo Kugelmas</participante>
  <instituicao>USP</instituicao>
  <participante>José Luiz Fiori</participante>
  <participante>Lourdes Sola</participante>
  <instituicao>USP</instituicao>
 </grupo>
 <grupo>
  <nome>Política Indigenista 1981,1982,1983,1984,1985, 1989, 1991, 1992 , 1994 ,1995, 1996</nome>
  <ano>1981</ano>
  <ano>1982</ano>
  <ano>1983</ano>
  <ano>1984</ano>
  <ano>1985</ano>
  <ano>1989</ano>
  <ano>1991</ano>
  <ano>1992</ano>
  <ano>1994</ano>
  <ano>1995</ano>
  <ano>1996</ano>
  <participante>Antonio Carlos de Souza Lima</participante>
  <instituicao>UFRJ</instituicao>
  <participante>João Pacheco de Oliveira</participante>
  <instituicao>UFRJ</instituicao>
  <participante>Lígia T. Lopes Simonian</participante>
  <participante>Vanessa Lea</participante>
 </grupo>
 <grupo>
  <nome>Política Internacional 1988,1989,1990,1991,1992,1993,1994,1995,1996,1997,1998,1999,2000, 2011, 2012, 2014, 2015</nome>
  <ano>1988</ano>
  <ano>1989</ano>
  <ano>1990</ano>
  <ano>1991</ano>
  <ano>1992</ano>
  <ano>1993</ano>
  <ano>1994</ano>
  <ano>1995</ano>
  <ano>1996</ano>
  <ano>1997</ano>
  <ano>1998</ano>
  <ano>1999</ano>
  <ano>2000</ano>
  <ano>2011</ano>
  <ano>2012</ano>
  <ano>2014</ano>
  <ano>2015</ano>
  <participante>Janina Onuki</participante>
  <instituicao>USP</instituicao>
  <participante>Luis Manuel Rebelo Fernandes</participante>
  <instituicao>UFF</instituicao>
  <participante>Marcelo de Almeida Medeiros</participante>
  <instituicao>UFPE</instituicao>
  <participante>Maria Helena de Castro Santos</participante>
  <instituicao>UnB</instituicao>
 </grupo>
 <grupo>
  <nome>Políticas Públicas 1982,1983,1984,1985,1986,1987,1988,1989, 1991, 1992, 1994 ,1995, 1996, 2002, 2003, 2005, 2006, 2008,2009, 2011, 2012, 2014, 2015</nome>
  <ano>1982</ano>
  <ano>1983</ano>
  <ano>1984</ano>
  <ano>1985</ano>
  <ano>1986</ano>
  <ano>1987</ano>
  <ano>1988</ano>
  <ano>1989</ano>
  <ano>1991</ano>
  <ano>1992</ano>
  <ano>1994</ano>
  <ano>1995</ano>
  <ano>1996</ano>
  <ano>2002</ano>
  <ano>2003</ano>
  <ano>2005</ano>
  <ano>2006</ano>
  <ano>2008</ano>
  <ano>2009</ano>
  <ano>2011</ano>
  <ano>2012</ano>
  <ano>2014</ano>
  <ano>2015</ano>
  <participante>Antonio Augusto P. Prates</participante>
  <participante>Antônio Luiz Paixão</participante>
  <participante>Argelina Cheibub Figueiredo</participante>
  <instituicao>UNICAMP</instituicao>
  <participante>Carlos Aurélio Pimenta de Faria</participante>
  <instituicao>PUC/MG</instituicao>
  <participante>Celina Souza</participante>
  <instituicao>UFBA</instituicao>
  <participante>Eduardo Marques</participante>
  <instituicao>USP</instituicao>
  <participante>Gilberto Hochman</participante>
  <instituicao>FIOCRUZ</instituicao>
  <participante>Lucia Klein</participante>
  <instituicao>FINEP</instituicao>
  <participante>Marcus André B. C. de Melo</participante>
  <instituicao>UFPE</instituicao>
  <participante>Maria Helena Castro Santos</participante>
  <participante>Maria Lucia Oliveira</participante>
  <participante>Marta Arretche</participante>
  <instituicao>UNESP/UNICAMP</instituicao>
  <participante>Maria das Graças Rua</participante>
  <instituicao>UnB</instituicao>
  <participante>Renata Mirandola Bichir</participante>
  <instituicao>USP</instituicao>
  <participante>Sandra Cristina Gomes</participante>
  <instituicao>UFRN</instituicao>
  <participante>Sérgio de Azevedo</participante>
  <instituicao>UFMG</instituicao>
  <participante>Soraya Vargas Côrtes</participante>
  <instituicao>UFRGS</instituicao>
  <participante>Telma Maria Gonçalves Menicucci</participante>
  <instituicao>UFMG</instituicao>
 </grupo>
 <grupo>
  <nome>População e Sociedade no Brasil 1987, 1989 , 1991</nome>
  <ano>1987</ano>
  <ano>1989</ano>
  <ano>1991</ano>
  <participante>Daniel Joseph Hogan</participante>
  <instituicao>UNICAMP</instituicao>
  <participante>Guaraci Adeodato Alves de Sousa</participante>
  <instituicao>UFB</instituicao>
  <participante>Neide Lopes Patarra</participante>
  <instituicao>UNICAMP</instituicao>
 </grupo>
 <grupo>
  <nome>Pós-Graduação 1978 e 1979</nome>
  <ano>1978</ano>
  <ano>1979</ano>
 </grupo>
 <grupo>
  <nome>Processo de Trabalho e Reivindicações Sociais 1983,1984,1985,1986,1987,1988,1989, 1991 , 1992</nome>
  <ano>1983</ano>
  <ano>1984</ano>
  <ano>1985</ano>
  <ano>1986</ano>
  <ano>1987</ano>
  <ano>1988</ano>
  <ano>1989</ano>
  <ano>1991</ano>
  <ano>1992</ano>
  <participante>Alice Rangel de Paiva Abreu</participante>
  <instituicao>UFRJ</instituicao>
  <participante>Amelia Cohn</participante>
  <participante>Antônio Sérgio Guimarães</participante>
  <instituicao>UFBA</instituicao>
  <participante>Bila Sorj</participante>
  <instituicao>UFRJ</instituicao>
  <participante>Leda Gitahy</participante>
 </grupo>
 <grupo>
  <nome>Processos e Movimentos Sociais no Campo 1998,1999,2000</nome>
  <ano>1998</ano>
  <ano>1999</ano>
  <ano>2000</ano>
  <participante>Delma Pessanha Neves</participante>
  <instituicao>UFF</instituicao>
  <participante>Zander Navarro</participante>
  <instituicao>UFRGS</instituicao>
 </grupo>
 <grupo>
  <nome>Povos indígenas 2002, 2003</nome>
  <ano>2002</ano>
  <ano>2003</ano>
  <participante>João Pacheco de Oliveira</participante>
  <instituicao>UFRJ</instituicao>
  <participante>John Manuel Monteiro</participante>
  <instituicao>UNICAMP</instituicao>
 </grupo>
 <grupo>
  <nome>Processos Sociais Agrários 1994 ,1995, 1996</nome>
  <ano>1994</ano>
  <ano>1995</ano>
  <ano>1996</ano>
  <participante>Josefa Salete Barbosa Cavalcanti</participante>
  <instituicao>UFPE</instituicao>
  <participante>alternativas</participante>
 </grupo>
 <grupo>
  <nome>de desenvolvimento 2014, 2015</nome>
  <ano>2014</ano>
  <ano>2015</ano>
  <participante>Russell Parry Scott</participante>
  <instituicao>UFPE</instituicao>
  <participante>Stephen Grant Baines</participante>
  <instituicao>UnB</instituicao>
 </grupo>
 <grupo>
  <nome>Profissões, Estado e Mercado: Identidades, Saberes e Fronteiras Profissionais 2002, 2003</nome>
  <ano>2002</ano>
  <ano>2003</ano>
  <participante>Luiz Antonio de Castro Santos</participante>
  <instituicao>UERJ</instituicao>
  <participante>Maria da Glória Bonelli</participante>
  <instituicao>UFSCAR</instituicao>
  <participante>Maria Ligia Barbosa</participante>
  <instituicao>UFRJ</instituicao>
 </grupo>
 <grupo>
  <nome>Publicações 1978</nome>
  <ano>1978</ano>
 </grupo>
 <grupo>
  <nome>Relações de Gênero 1994 ,1995, 1996</nome>
  <ano>1994</ano>
  <ano>1995</ano>
  <ano>1996</ano>
  <participante>Albertina de Oliveira Costa</participante>
  <instituicao>Fundação Carlos Chagas</instituicao>
  <participante>Magda de Almeida Neves</participante>
  <instituicao>UFMG</instituicao>
  <participante>Paola Cappelin</participante>
  <instituicao>UFRJ</instituicao>
  <participante>Suely Kofes</participante>
  <instituicao>UNICAMP</instituicao>
 </grupo>
 <grupo>
  <nome>Relações Internacionais e Política Externa 1980,1981,1982,1983,1984,1985,1986,1987,1988,1989, 1991 , 1992</nome>
  <ano>1980</ano>
  <ano>1981</ano>
  <ano>1982</ano>
  <ano>1983</ano>
  <ano>1984</ano>
  <ano>1985</ano>
  <ano>1986</ano>
  <ano>1987</ano>
  <ano>1988</ano>
  <ano>1989</ano>
  <ano>1991</ano>
  <ano>1992</ano>
  <participante>Fernando Augusto Albuquerque Mourão</participante>
  <instituicao>USP</instituicao>
  <participante>Henrique Alterani de Oliveira</participante>
  <instituicao>UnB</instituicao>
  <participante>Gerson Moura</participante>
  <instituicao>CPDOC/FGV</instituicao>
  <participante>Letícia Pinheiro</participante>
  <participante>Luiz Gonzaga de Souza Lima</participante>
  <participante>Maria Regina Soares de Lima</participante>
  <participante>Shiguenoli Miyamoto</participante>
  <instituicao>UNICAMP</instituicao>
 </grupo>
 <grupo>
  <nome>Relações raciais: desigualdades, identidades e políticas públicas 2011, 2012, 2014, 2015</nome>
  <ano>2011</ano>
  <ano>2012</ano>
  <ano>2014</ano>
  <ano>2015</ano>
  <participante>Graziella Moraes Silva</participante>
  <instituicao>UFRJ</instituicao>
  <participante>Jeronimo Oliveira Muniz</participante>
  <instituicao>UFMG</instituicao>
  <participante>João Feres Júnio</participante>
  <instituicao>IESP/UERJ</instituicao>
  <participante>Valter Roberto Silvério</participante>
  <instituicao>UFSCAR</instituicao>
 </grupo>
 <grupo>
  <nome>Relações raciais e ações afirmativas 2008, 2009</nome>
  <ano>2008</ano>
  <ano>2009</ano>
  <participante>Angela Figueiredo</participante>
  <instituicao>UFBA</instituicao>
  <participante>Teresinha Bernardo</participante>
  <instituicao>PUC/SP</instituicao>
 </grupo>
 <grupo>
  <nome>Relações Raciais e Etnicidade 1994 ,1995, 1996, 1998,1999,2000, 2002, 2003, 2005, 2006</nome>
  <ano>1994</ano>
  <ano>1995</ano>
  <ano>1996</ano>
  <ano>1998</ano>
  <ano>1999</ano>
  <ano>2000</ano>
  <ano>2002</ano>
  <ano>2003</ano>
  <ano>2005</ano>
  <ano>2006</ano>
  <participante>Angela Figueiredo</participante>
  <instituicao>UFBA</instituicao>
  <participante>Carlos A. Hasenbalg</participante>
  <instituicao>IUPERJ</instituicao>
  <participante>Giralda Seyferth</participante>
  <instituicao>UFRJ</instituicao>
  <participante>Livio Sansone</participante>
  <instituicao>UERJ</instituicao>
  <participante>Márcia Lima</participante>
  <instituicao>UFRJ</instituicao>
  <participante>Olívia Maria Gomes da Cunha</participante>
  <instituicao>UFRJ</instituicao>
  <participante>Osmundo Pinho</participante>
  <instituicao>UCAM</instituicao>
 </grupo>
 <grupo>
  <nome>Relações Sociais de Gênero 1991 e 1992</nome>
  <ano>1991</ano>
  <ano>1992</ano>
  <participante>Céli Regina Pinto</participante>
  <instituicao>UFRGS</instituicao>
  <participante>Mary Garcia Castro</participante>
  <instituicao>UFBA</instituicao>
 </grupo>
 <grupo>
  <nome>Religião e Sociedade 1980,1981,1982,1983,1984,1985,1986,1987,1988,1989, 1991, 1992 , 1994 ,1995, 1996, 1998,1999,2000, 2002, 2003,2008, 2009</nome>
  <ano>1980</ano>
  <ano>1981</ano>
  <ano>1982</ano>
  <ano>1983</ano>
  <ano>1984</ano>
  <ano>1985</ano>
  <ano>1986</ano>
  <ano>1987</ano>
  <ano>1988</ano>
  <ano>1989</ano>
  <ano>1991</ano>
  <ano>1992</ano>
  <ano>1994</ano>
  <ano>1995</ano>
  <ano>1996</ano>
  <ano>1998</ano>
  <ano>1999</ano>
  <ano>2000</ano>
  <ano>2002</ano>
  <ano>2003</ano>
  <ano>2008</ano>
  <ano>2009</ano>
  <participante>Ari Pedro Oro</participante>
  <instituicao>UFRGS</instituicao>
  <participante>Cecília L. Mariz</participante>
  <instituicao>UERJ</instituicao>
  <participante>Lísias Nogueira Negrão</participante>
  <instituicao>USP</instituicao>
  <participante>Joanildo Burity</participante>
  <instituicao>FUNDAJ</instituicao>
  <participante>Maria das Dores Campos Machado</participante>
  <instituicao>UFRRJ</instituicao>
  <participante>Maria Helena Villas Boas Concone</participante>
  <instituicao>PUC/SP</instituicao>
 </grupo>
 <grupo>
  <nome>República e Cidadania: Teorias e Debates Contemporâneos 2002, 2003</nome>
  <ano>2002</ano>
  <ano>2003</ano>
  <participante>Cícero Araújo</participante>
  <instituicao>USP</instituicao>
  <participante>José Eisenberg</participante>
  <instituicao>IUPERJ</instituicao>
 </grupo>
 <grupo>
  <nome>Rituais, Representações e Narrativas Políticas 2002, 2003</nome>
  <ano>2002</ano>
  <ano>2003</ano>
  <participante>Beatriz Maria Alasia Heredia</participante>
  <instituicao>UFRJ</instituicao>
  <participante>Carla Teixeira</participante>
  <instituicao>UnB</instituicao>
  <participante>Irlys Barreira</participante>
  <instituicao>UFC</instituicao>
 </grupo>
 <grupo>
  <nome>Rituais, Representações e Violência na Política 1998 ,1999, 2000</nome>
  <ano>1998</ano>
  <ano>1999</ano>
  <ano>2000</ano>
  <participante>César Barreira</participante>
  <instituicao>UFC</instituicao>
  <participante>José Sérgio Leite Lopes</participante>
  <instituicao>UFRJ</instituicao>
 </grupo>
 <grupo>
  <nome>Ruralidade contemporânea: desafios e perspectivas 2005, 2006</nome>
  <ano>2005</ano>
  <ano>2006</ano>
  <participante>Sergio Schneider</participante>
  <instituicao>UFRGS</instituicao>
  <participante>Maria José Teixeira Carneiro</participante>
  <instituicao>UFRRJ</instituicao>
 </grupo>
 <grupo>
  <nome>Ruralidade, território e meio-ambiente 2008, 2009</nome>
  <ano>2008</ano>
  <ano>2009</ano>
  <participante>Ana Lúcia Eduardo Farah Valente</participante>
  <instituicao>UnB</instituicao>
  <participante>Arilson da Silva Favareto</participante>
  <instituicao>UFABC</instituicao>
 </grupo>
 <grupo>
  <nome>Saúde, emoção e moral 2011, 2012</nome>
  <ano>2011</ano>
  <ano>2012</ano>
  <participante>Cynthia Andersen Sarti</participante>
  <instituicao>UNIFESP</instituicao>
  <participante>Maria Claudia Pereira Coelho</participante>
  <instituicao>UERJ</instituicao>
  <participante>Segurança, Economia e Política Internacional no Século XXI - Perspectivas Internacionais,</participante>
 </grupo>
 <grupo>
  <nome>Perspectivas Brasileiras 2002, 2003</nome>
  <ano>2002</ano>
  <ano>2003</ano>
  <participante>Antonio Jorge Ramalho da Rocha</participante>
  <instituicao>UnB</instituicao>
  <participante>Nizar Messari</participante>
  <instituicao>PUC/RJ</instituicao>
 </grupo>
 <grupo>
  <nome>Sexualidade, corpo e gênero 2005, 2006, 2008, 2009</nome>
  <ano>2005</ano>
  <ano>2006</ano>
  <ano>2008</ano>
  <ano>2009</ano>
  <participante>Adriana Resende Barreto Vianna</participante>
  <instituicao>UFRJ</instituicao>
  <participante>Julio Assis Simões</participante>
  <instituicao>USP</instituicao>
  <participante>Maria Filomena Gregori</participante>
  <instituicao>UNICAMP</instituicao>
  <participante>Sergio Carrara</participante>
  <instituicao>UERJ</instituicao>
 </grupo>
 <grupo>
  <nome>Sexualidade e gênero: sujeitos, práticas e regulações 2014, 2015</nome>
  <ano>2014</ano>
  <ano>2015</ano>
  <participante>Julio Assis Simões</participante>
  <instituicao>USP</instituicao>
  <participante>María Elvira Díaz-Benítez</participante>
  <instituicao>UFRJ</instituicao>
 </grupo>
 <grupo>
  <nome>Sexualidade e gênero: sociabilidade, erotismo e política 2011, 2012</nome>
  <ano>2011</ano>
  <ano>2012</ano>
  <participante>Regina Facchini</participante>
  <instituicao>UNICAMP</instituicao>
  <participante>Sérgio Carrara</participante>
  <instituicao>UERJ</instituicao>
 </grupo>
 <grupo>
  <nome>Sindicalismo e Política 1998 a 2000</nome>
  <ano>1998</ano>
  <ano>2000</ano>
  <participante>Iram Jácome Rodrigues</participante>
  <instituicao>USP</instituicao>
 </grupo>
 <grupo>
  <nome>Sobre periferias: novos conflitos no espaço público 2011, 2012, 2014, 2015</nome>
  <ano>2011</ano>
  <ano>2012</ano>
  <ano>2014</ano>
  <ano>2015</ano>
  <participante>Carly Barboza Machado</participante>
  <instituicao>UFRRJ</instituicao>
  <participante>Cibele Saliba Rizek</participante>
  <instituicao>USP</instituicao>
  <participante>Gabriel de Santis Feltran</participante>
  <instituicao>UFSCAR</instituicao>
  <participante>Neiva Vieira da Cunha</participante>
  <instituicao>UERJ</instituicao>
  <participante>Patricia Birman</participante>
  <instituicao>UERJ</instituicao>
 </grupo>
 <grupo>
  <nome>Sociedade e Vida Econômica 2014, 2015</nome>
  <ano>2014</ano>
  <ano>2015</ano>
  <participante>Marcelo Sampaio Carneiro</participante>
  <instituicao>UFMA</instituicao>
  <participante>Sandro Ruduit Garcia</participante>
  <instituicao>UFRGS</instituicao>
  <participante>Redes Sociais, Fundamentos da Sociabilidade e</participante>
 </grupo>
 <grupo>
  <nome>Transformações dos Processos Políticos 2002, 2003</nome>
  <ano>2002</ano>
  <ano>2003</ano>
  <participante>Francisco Coelho dos Santos</participante>
  <instituicao>UFMG</instituicao>
  <participante>Theophilos Rifiotis</participante>
  <instituicao>UFSC</instituicao>
  <participante>Tom Dwyer</participante>
  <instituicao>UNICAMP</instituicao>
 </grupo>
 <grupo>
  <nome>Sociologia da Adolescência e da Juventude 2014, 2015</nome>
  <ano>2014</ano>
  <ano>2015</ano>
  <participante>Maria Helena Oliva Augusto</participante>
  <instituicao>USP</instituicao>
  <participante>Melissa de Mattos Pimenta</participante>
  <instituicao>UFRGS</instituicao>
 </grupo>
 <grupo>
  <nome>Sociologia da Cultura Brasileira 1979,1980,1981,1982,1983,1984,1985,1986,1987,1988,1989, 1991, 1992, 1994 ,1995, 1996</nome>
  <ano>1979</ano>
  <ano>1980</ano>
  <ano>1981</ano>
  <ano>1982</ano>
  <ano>1983</ano>
  <ano>1984</ano>
  <ano>1985</ano>
  <ano>1986</ano>
  <ano>1987</ano>
  <ano>1988</ano>
  <ano>1989</ano>
  <ano>1991</ano>
  <ano>1992</ano>
  <ano>1994</ano>
  <ano>1995</ano>
  <ano>1996</ano>
  <participante>Maria Isaura Pereira de Queiroz</participante>
  <participante>Olga Rodrigues de Moraes Von Simson</participante>
  <instituicao>UNICAMP</instituicao>
  <participante>Paula Montero</participante>
  <instituicao>USP</instituicao>
  <participante>Ruben George Oliven</participante>
 </grupo>
 <grupo>
  <nome>Sociologia e antropologia da moral 2011, 2012, 2014, 2015</nome>
  <ano>2011</ano>
  <ano>2012</ano>
  <ano>2014</ano>
  <ano>2015</ano>
  <participante>Alexandre Vieira Werneck</participante>
  <instituicao>UFRJ</instituicao>
  <participante>Luis Roberto Cardodo de Oliveira</participante>
  <instituicao>UnB</instituicao>
  <participante>Patrice Schuch</participante>
  <instituicao>UFRGS</instituicao>
 </grupo>
 <grupo>
  <nome>Sociologia Econômica 2005, 2006</nome>
  <ano>2005</ano>
  <ano>2006</ano>
  <participante>Cécile Raud Mattedi</participante>
  <instituicao>UFSC</instituicao>
  <participante>Ricardo Abramovay</participante>
  <instituicao>USP</instituicao>
  <participante>Roberto Grün</participante>
  <instituicao>UFSCAR</instituicao>
 </grupo>
 <grupo>
  <nome>Sociologia e Direito: explorando as intersecções 2008, 2009</nome>
  <ano>2008</ano>
  <ano>2009</ano>
  <participante>Marcelo Pereira de Mello</participante>
  <instituicao>UFF</instituicao>
  <participante>Mário Hélio Trindade de Lima</participante>
  <instituicao>UFES</instituicao>
  <participante>Marcelo da Costa Pinto Neves</participante>
  <instituicao>USP</instituicao>
 </grupo>
 <grupo>
  <nome>Subjetividade e emoções 2008, 2009</nome>
  <ano>2008</ano>
  <ano>2009</ano>
  <participante>Maria Claudia Pereira Coelho</participante>
  <instituicao>UERJ</instituicao>
  <participante>Octavio Bonet</participante>
  <instituicao>UFJF</instituicao>
 </grupo>
 <grupo>
  <nome>Tecnologias de informação e comunicação: controle e descontrole 2005, 2006</nome>
  <ano>2005</ano>
  <ano>2006</ano>
  <participante>Jonatas Ferreira</participante>
  <instituicao>UFPE</instituicao>
  <participante>Maria Lúcia Maciel</participante>
  <instituicao>UFRJ</instituicao>
  <participante>Tamara Benakouche</participante>
  <instituicao>UFSC</instituicao>
 </grupo>
 <grupo>
  <nome>Temas e Problemas da População Negra no Brasil 1980,1981,1982,1983,1984,1985,1986,1987,1988,1989, 1991, 1992</nome>
  <ano>1980</ano>
  <ano>1981</ano>
  <ano>1982</ano>
  <ano>1983</ano>
  <ano>1984</ano>
  <ano>1985</ano>
  <ano>1986</ano>
  <ano>1987</ano>
  <ano>1988</ano>
  <ano>1989</ano>
  <ano>1991</ano>
  <ano>1992</ano>
  <participante>Caetana Maria Damasceno</participante>
  <instituicao>ISER</instituicao>
  <participante>Ieda Brito</participante>
  <participante>Irene Maria F. Barbosa</participante>
  <instituicao>UNICAMP</instituicao>
  <participante>Kabengele Munanga</participante>
  <participante>João Baptista Borges Pereira</participante>
  <participante>Maria Angélica Maués</participante>
  <instituicao>NAEA</instituicao>
  <participante>Teófilo de Queiroz Junior</participante>
  <instituicao>USP</instituicao>
 </grupo>
 <grupo>
  <nome>Teoria e prática das relações Sul-Sul 2014, 2015</nome>
  <ano>2014</ano>
  <ano>2015</ano>
  <participante>Javier Alberto Vadell</participante>
  <instituicao>PUC Minas</instituicao>
  <participante>Marcos Costa Lima</participante>
  <instituicao>UFPE</instituicao>
 </grupo>
 <grupo>
  <nome>Teoria política e pensamento político brasileiro: normatividade e história 2011, 2012, 2014,2015</nome>
  <ano>2011</ano>
  <ano>2012</ano>
  <ano>2014</ano>
  <ano>2015</ano>
  <participante>Christian Edward Cyril Lynch</participante>
  <instituicao>UFF</instituicao>
  <participante>Cícero Araújo</participante>
  <instituicao>USP</instituicao>
  <participante>Ricardo Silva</participante>
  <instituicao>UFSC</instituicao>
 </grupo>
 <grupo>
  <nome>Teoria Política e História das Ideias 1994 ,1995, 1996</nome>
  <ano>1994</ano>
  <ano>1995</ano>
  <ano>1996</ano>
  <participante>Gildo Marçal Brandão</participante>
  <instituicao>USP</instituicao>
  <participante>Walquíria D. Leão Rego</participante>
  <instituicao>UNICAMP</instituicao>
 </grupo>
 <grupo>
  <nome>Teoria Política: para além da democracia liberal? 2008, 2009</nome>
  <ano>2008</ano>
  <ano>2009</ano>
  <participante>Álvaro de Vita</participante>
  <instituicao>USP</instituicao>
  <participante>Bernardo Ferreira</participante>
  <instituicao>UERJ</instituicao>
 </grupo>
 <grupo>
  <nome>Teoria Social 1998 ,1999, 2000</nome>
  <ano>1998</ano>
  <ano>1999</ano>
  <ano>2000</ano>
  <participante>José Maurício Domingues</participante>
  <instituicao>UFRJ</instituicao>
  <participante>Leonardo Avritzer</participante>
  <instituicao>UFMG</instituicao>
 </grupo>
 <grupo>
  <nome>Teoria Social e a multiplicidade da modernidade 2005, 2006</nome>
  <ano>2005</ano>
  <ano>2006</ano>
  <participante>Josué Pereira da Silva</participante>
  <instituicao>UNICAMP</instituicao>
  <participante>Sérgio Costa</participante>
  <instituicao>FU/ Berlin</instituicao>
 </grupo>
 <grupo>
  <nome>Teoria Social e Transformações Contemporâneas 2002, 2003</nome>
  <ano>2002</ano>
  <ano>2003</ano>
  <participante>Josué Pereira da Silva</participante>
  <instituicao>UNICAMP</instituicao>
  <participante>Sérgio Costa</participante>
  <instituicao>UFSC</instituicao>
 </grupo>
 <grupo>
  <nome>Teoria social no limite: novas frentes/ fronteiras na teoria social contemporânea 2014,</nome>
  <ano>2014</ano>
 </grupo>
 <grupo>
  <nome>2015</nome>
  <ano>2015</ano>
  <participante>Carlos Eduardo Sell</participante>
  <instituicao>UFSC</instituicao>
  <participante>Emil A. Sobottka</participante>
  <instituicao>PUCRS</instituicao>
 </grupo>
 <grupo>
  <nome>Trabalhadores, Sindicalismo e Política 1994 ,1995, 1996</nome>
  <ano>1994</ano>
  <ano>1995</ano>
  <ano>1996</ano>
  <participante>Regina Lúcia M. Morel</participante>
  <instituicao>UFRJ</instituicao>
 </grupo>
 <grupo>
  <nome>Trabalhadores, Sindicatos e a Nova Questão Social 2002, 2003</nome>
  <ano>2002</ano>
  <ano>2003</ano>
  <participante>José Ricardo Ramalho</participante>
  <instituicao>UFRJ</instituicao>
  <participante>Marco Aurélio Santana</participante>
  <instituicao>UNIRIO</instituicao>
  <participante>Regina Morel</participante>
  <instituicao>UFRJ</instituicao>
 </grupo>
 <grupo>
  <nome>Trabalho, ação coletiva e identidades sociais 2011, 2012</nome>
  <ano>2011</ano>
  <ano>2012</ano>
  <participante>Cinara Lerrer Rosenfield</participante>
  <instituicao>UFRGS</instituicao>
  <participante>Marco Aurélio Santana</participante>
  <instituicao>UFRJ</instituicao>
 </grupo>
 <grupo>
  <nome>Trabalho e ação sindical na sociedade contemporânea 2014, 2015</nome>
  <ano>2014</ano>
  <ano>2015</ano>
  <participante>Marco Aurélio Santana</participante>
  <instituicao>UFRJ</instituicao>
  <participante>Roberto Véras de Oliveira</participante>
  <instituicao>UFPB</instituicao>
 </grupo>
 <grupo>
  <nome>Trabalho e sindicato na sociedade contemporânea 2005, 2006, 2008, 2009</nome>
  <ano>2005</ano>
  <ano>2006</ano>
  <ano>2008</ano>
  <ano>2009</ano>
  <participante>Angela Maria Carneiro de Araújo</participante>
  <instituicao>UNICAMP</instituicao>
  <participante>Iram Jácome Rodrigues</participante>
  <instituicao>USP</instituicao>
  <participante>Jacob Carlos Lima</participante>
  <instituicao>UFSCAR</instituicao>
 </grupo>
 <grupo>
  <nome>Trabalho e Sociedade 1994 ,1995, 1996, 1998 ,1999, 2000</nome>
  <ano>1994</ano>
  <ano>1995</ano>
  <ano>1996</ano>
  <ano>1998</ano>
  <ano>1999</ano>
  <ano>2000</ano>
  <participante>Nadya Araújo Castro</participante>
  <instituicao>CEBRAP</instituicao>
  <participante>Tom Dwyer</participante>
  <instituicao>UNICAMP</instituicao>
  <participante>reflexões a partir do rural</participante>
 </grupo>
 <grupo>
  <nome>2008, 2009</nome>
  <ano>2008</ano>
  <ano>2009</ano>
  <participante>Delma Pessanha Neves</participante>
  <instituicao>UFF</instituicao>
  <participante>Leonilde Servolo de Medeiros</participante>
  <instituicao>UNICAMP</instituicao>
 </grupo>
 <grupo>
  <nome>Universidade, ciência, inovação e sociedade 2011, 2012</nome>
  <ano>2011</ano>
  <ano>2012</ano>
  <participante>Elizabeth Balbachevsky</participante>
  <instituicao>USP</instituicao>
  <participante>Sônia Guimarães</participante>
  <instituicao>UFRGS</instituicao>
 </grupo>
 <grupo>
  <nome>Usos da Imagem 1994 ,1995, 1996</nome>
  <ano>1994</ano>
  <ano>1995</ano>
  <ano>1996</ano>
  <participante>Ana Maria Galano</participante>
  <instituicao>UFRJ</instituicao>
  <participante>Bela Feldman-Bianco</participante>
  <instituicao>UNICAMP</instituicao>
 </grupo>
 <grupo>
  <nome>Violência, conflito e práticas culturais 2005, 2006</nome>
  <ano>2005</ano>
  <ano>2006</ano>
  <participante>Beatriz Maria Alásia de Heredia</participante>
  <instituicao>UFRJ</instituicao>
  <participante>César Barreira</participante>
  <instituicao>UFC</instituicao>
  <participante>José Vicente Tavares dos Santos</participante>
  <instituicao>UFRGS</instituicao>
 </grupo>
 <grupo>
  <nome>Violência, criminalidade e punição no Brasil 2011, 2012, 2014, 2015</nome>
  <ano>2011</ano>
  <ano>2012</ano>
  <ano>2014</ano>
  <ano>2015</ano>
  <participante>Carlos Henrique Aguiar Serra</participante>
  <instituicao>UFF</instituicao>
  <participante>Luís Antônio Francisco de Souza</participante>
  <instituicao>UNESP</instituicao>
  <participante>Marcos César Alvarez</participante>
  <instituicao>USP</instituicao>
 </grupo>
 <grupo>
  <nome>Violência, Justiça e Direitos 1998 ,1999,2000</nome>
  <ano>1998</ano>
  <ano>1999</ano>
  <ano>2000</ano>
  <participante>Alba Zaluar</participante>
  <instituicao>UERJ</instituicao>
  <participante>Cláudio Beato</participante>
  <instituicao>UFMG</instituicao>
  <participante>José Vicente Tavares dos Santos</participante>
  <instituicao>UFRGS</instituicao>
 </grupo>
 <grupo>
  <nome>Violência, Sociedade e Cultura 2002, 2003</nome>
  <ano>2002</ano>
  <ano>2003</ano>
  <participante>Maria Filomena Gregori</participante>
  <instituicao>UNICAMP</instituicao>
  <participante>Sérgio Adorno</participante>
  <instituicao>USP</instituicao>
 </grupo>
</grupos>