<?xml version="1.0" ?>
<ParticipantesGT>
 <participante>
  <nome>Heitor Frúgoli Junior</nome>
  <instituicao>USP</instituicao>
 </participante>
 <participante>
  <nome>Laura Graziela Figueiredo Fernandes Gomes</nome>
  <instituicao>UFF</instituicao>
 </participante>
 <participante>
  <nome>Maria do Livramento Miranda Clementino</nome>
  <instituicao>UFRN</instituicao>
 </participante>
 <participante>
  <nome>Orlando Alves dos Santos Junior</nome>
  <instituicao>UFRJ</instituicao>
 </participante>
 <participante>
  <nome>Carmen Silvia de Moraes Rial</nome>
  <instituicao>UFSC</instituicao>
 </participante>
 <participante>
  <nome>Sylvia Caiuby Novaes</nome>
  <instituicao>USP</instituicao>
 </participante>
 <participante>
  <nome>André Haguette</nome>
  <instituicao>null</instituicao>
 </participante>
 <participante>
  <nome>Rosa Maria Godoy da Silva</nome>
  <instituicao>null</instituicao>
 </participante>
 <participante>
  <nome>Aline Bonetti</nome>
  <instituicao>UFBA</instituicao>
 </participante>
 <participante>
  <nome>Marcelo Kunrath</nome>
  <instituicao>UFRGS</instituicao>
 </participante>
 <participante>
  <nome>Jacqueline Sinhoretto</nome>
  <instituicao>UFSCar</instituicao>
 </participante>
 <participante>
  <nome>Roberto Kant de Lima</nome>
  <instituicao>UFF</instituicao>
 </participante>
 <participante>
  <nome>Andrea Ribeiro Hoffmann</nome>
  <instituicao>PUC-Rio</instituicao>
 </participante>
 <participante>
  <nome>Marcelo James Vasconcelos Coutinho</nome>
  <instituicao>IUPERJ</instituicao>
 </participante>
 <participante>
  <nome>Ana Paula Simioni</nome>
  <instituicao>USP</instituicao>
 </participante>
 <participante>
  <nome>Edson Silva Farias</nome>
  <instituicao>UnB</instituicao>
 </participante>
 <participante>
  <nome>Carlos Sávio Teixeira</nome>
  <instituicao>UFF</instituicao>
 </participante>
 <participante>
  <nome>Jessé Souza</nome>
  <instituicao>UFJF</instituicao>
 </participante>
 <participante>
  <nome>Dulce Pandolfi</nome>
  <instituicao>FGV-RJ</instituicao>
 </participante>
 <participante>
  <nome>Regina Novaes</nome>
  <instituicao>UFRJ</instituicao>
 </participante>
 <participante>
  <nome>Sérgio Amadeu da Silveira</nome>
  <instituicao>UFABC</instituicao>
 </participante>
 <participante>
  <nome>Sérgio Soares Braga</nome>
  <instituicao>UFPR</instituicao>
 </participante>
 <participante>
  <nome>Ana Maria Doimo</nome>
  <instituicao>UFES</instituicao>
 </participante>
 <participante>
  <nome>Elimar Pinheiro do Nascimento</nome>
  <instituicao>UnB</instituicao>
 </participante>
 <participante>
  <nome>Inaiá Maria Moreira de Carvalho</nome>
  <instituicao>UFBA</instituicao>
 </participante>
 <participante>
  <nome>Luiz Antonio Machado da Silva</nome>
  <instituicao>UFRJ</instituicao>
 </participante>
 <participante>
  <nome>Lucia Maria Machado Bógus</nome>
  <instituicao>PUC-SP</instituicao>
 </participante>
 <participante>
  <nome>Luiz César de Queiroz Ribeiro</nome>
  <instituicao>UFRJ</instituicao>
 </participante>
 <participante>
  <nome>Sergio de Azevedo</nome>
  <instituicao>UENF</instituicao>
 </participante>
 <participante>
  <nome>Maria da Glória Marcondes Gohn</nome>
  <instituicao>UNICAMP</instituicao>
 </participante>
 <participante>
  <nome>Maria do Livramento M Clementino</nome>
  <instituicao>UFRN</instituicao>
 </participante>
 <participante>
  <nome>Maria Conceição da Costa</nome>
  <instituicao>UNICAMP</instituicao>
 </participante>
 <participante>
  <nome>Maria Helena de Magalhães Castro</nome>
  <instituicao>UFRJ</instituicao>
 </participante>
 <participante>
  <nome>Armando Boito Jr</nome>
  <instituicao>UNICAMP</instituicao>
 </participante>
 <participante>
  <nome>Ingrid Sarti</nome>
  <instituicao>null</instituicao>
 </participante>
 <participante>
  <nome>Laís Wendel Abramo</nome>
  <instituicao>null</instituicao>
 </participante>
 <participante>
  <nome>Leôncio Martins Rodrigues</nome>
  <instituicao>UNICAMP</instituicao>
 </participante>
 <participante>
  <nome>Lucília de Almeida Neves Delgado</nome>
  <instituicao>null</instituicao>
 </participante>
 <participante>
  <nome>Marcia de Paula Leite</nome>
  <instituicao>null</instituicao>
 </participante>
 <participante>
  <nome>Roque Aparecido da Silva</nome>
  <instituicao>null</instituicao>
 </participante>
 <participante>
  <nome>Lucio Remuzat Rennó Junior</nome>
  <instituicao>UnB</instituicao>
 </participante>
 <participante>
  <nome>Mario Fuks</nome>
  <instituicao>UFMG</instituicao>
 </participante>
 <participante>
  <nome>Mario Fuks</nome>
  <instituicao>UFMG</instituicao>
 </participante>
 <participante>
  <nome>Mathieu Turgeon</nome>
  <instituicao>UnB</instituicao>
 </participante>
 <participante>
  <nome>Cleyton Henrique Gerhardt</nome>
  <instituicao>UFRGS</instituicao>
 </participante>
 <participante>
  <nome>Neide Esterci</nome>
  <instituicao>UFRJ</instituicao>
 </participante>
 <participante>
  <nome>Eliane Cantarino O’Dwyer</nome>
  <instituicao>UFF</instituicao>
 </participante>
 <participante>
  <nome>Flávia Maria Galizoni</nome>
  <instituicao>UFVJM</instituicao>
 </participante>
 <participante>
  <nome>Eder Jurandir Carneiro</nome>
  <instituicao>UFSJ</instituicao>
 </participante>
 <participante>
  <nome>Horácio Antunes de Sant’Ana Júnior</nome>
  <instituicao>UFMA</instituicao>
 </participante>
 <participante>
  <nome>Andréa M Zhouri</nome>
  <instituicao>UFMG</instituicao>
 </participante>
 <participante>
  <nome>Eder Jurandir Carneiro</nome>
  <instituicao>UFSJ</instituicao>
 </participante>
 <participante>
  <nome>Henri Acselrad</nome>
  <instituicao>UFRJ</instituicao>
 </participante>
 <participante>
  <nome>Roberto Kant de Lima</nome>
  <instituicao>UFF</instituicao>
 </participante>
 <participante>
  <nome>Rodrigo Ghiringhelli de Azevedo</nome>
  <instituicao>PUC-RS</instituicao>
 </participante>
 <participante>
  <nome>Claudio Gonçalves Couto</nome>
  <instituicao>PUC-SP</instituicao>
 </participante>
 <participante>
  <nome>Fernando Lattman-Weltman</nome>
  <instituicao>FGV-RJ</instituicao>
 </participante>
 <participante>
  <nome>dinâmicas e resultados</nome>
 </participante>
 <participante>
  <nome>Fernando Luiz Abrucio</nome>
  <instituicao>FGV-SP</instituicao>
 </participante>
 <participante>
  <nome>Lígia Helena Hahn Luchmann</nome>
  <instituicao>UFSC</instituicao>
 </participante>
 <participante>
  <nome>Bruno Pinheiro Wanderley Reis</nome>
  <instituicao>UFMG</instituicao>
 </participante>
 <participante>
  <nome>Rogério Bastos Arantes</nome>
  <instituicao>PUC-SP</instituicao>
 </participante>
 <participante>
  <nome>Adrian Gurza Lavalle</nome>
  <instituicao>USP</instituicao>
 </participante>
 <participante>
  <nome>Paulo Mesquita d’Avila Filho</nome>
  <instituicao>PUC-RIO</instituicao>
 </participante>
 <participante>
  <nome>Ceres Gomes Victora</nome>
  <instituicao>UFRGS</instituicao>
 </participante>
 <participante>
  <nome>Cynthia Andersen Sarti</nome>
  <instituicao>UNIFESP</instituicao>
 </participante>
 <participante>
  <nome>Jane Araujo Russo</nome>
  <instituicao>UERJ</instituicao>
 </participante>
 <participante>
  <nome>Cynthia Andersen Sarti</nome>
  <instituicao>UNIFESP</instituicao>
 </participante>
 <participante>
  <nome>Jane Araujo Russo</nome>
  <instituicao>UERJ</instituicao>
 </participante>
 <participante>
  <nome>Michel Misse</nome>
  <instituicao>UFRJ</instituicao>
 </participante>
 <participante>
  <nome>Sergio Adorno</nome>
  <instituicao>USP</instituicao>
 </participante>
 <participante>
  <nome>Debora Krischke Leitão</nome>
  <instituicao>UEL</instituicao>
 </participante>
 <participante>
  <nome>Maria Eunice de Souza Maciel</nome>
  <instituicao>UFRGS</instituicao>
 </participante>
 <participante>
  <nome>Gilberto Velho</nome>
  <instituicao>UFRJ</instituicao>
 </participante>
 <participante>
  <nome>Irlys Alencar F   Barreira</nome>
  <instituicao>UFC</instituicao>
 </participante>
 <participante>
  <nome>Myriam Lins de Barros</nome>
  <instituicao>UFC</instituicao>
 </participante>
 <participante>
  <nome>Ruth Corrêa Leite Cardoso</nome>
  <instituicao>USP</instituicao>
 </participante>
 <participante>
  <nome>Edson Farias</nome>
  <instituicao>UnB</instituicao>
 </participante>
 <participante>
  <nome>Maria Celeste Mira</nome>
  <instituicao>PUC-SP</instituicao>
 </participante>
 <participante>
  <nome>Eunice Durhan</nome>
  <instituicao>null</instituicao>
 </participante>
 <participante>
  <nome>Gilberto Velho</nome>
  <instituicao>null</instituicao>
 </participante>
 <participante>
  <nome>Ruth Correa Leite Cardoso</nome>
  <instituicao>USP</instituicao>
 </participante>
 <participante>
  <nome>Fraya Frehse</nome>
  <instituicao>USP</instituicao>
 </participante>
 <participante>
  <nome>Julia O’Donnell</nome>
  <instituicao>UFRJ</instituicao>
 </participante>
 <participante>
  <nome>Alessandra Aldé</nome>
  <instituicao>UERJ</instituicao>
 </participante>
 <participante>
  <nome>Antonio Jorge Fonseca de Almeida</nome>
  <instituicao>UFBA</instituicao>
 </participante>
 <participante>
  <nome>Luis Felipe Miguel</nome>
  <instituicao>UnB</instituicao>
 </participante>
 <participante>
  <nome>Daniel de Mendonça</nome>
  <instituicao>UFPel</instituicao>
 </participante>
 <participante>
  <nome>Luis Felipe Miguel</nome>
  <instituicao>UnB</instituicao>
 </participante>
 <participante>
  <nome>Thiago Moreira de Souza</nome>
  <instituicao>UFF</instituicao>
 </participante>
 <participante>
  <nome>Wagner de Melo Romão</nome>
  <instituicao>UNICAMP</instituicao>
 </participante>
 <participante>
  <nome>Eduardo Antonio Salomão Condé</nome>
  <instituicao>UFJF</instituicao>
 </participante>
 <participante>
  <nome>Wagner Pralon Mancuso</nome>
  <instituicao>USP</instituicao>
 </participante>
 <participante>
  <nome>Eduardo Condé</nome>
  <instituicao>UFJF</instituicao>
 </participante>
 <participante>
  <nome>Francisco Fonseca</nome>
  <instituicao>FGV-SP</instituicao>
 </participante>
 <participante>
  <nome>Eduardo Condé</nome>
  <instituicao>UFJF</instituicao>
 </participante>
 <participante>
  <nome>Eli Roque Diniz</nome>
  <instituicao>UFRJ</instituicao>
 </participante>
 <participante>
  <nome>Jorge Ruben Biton Tapia</nome>
  <instituicao>UNICAMP</instituicao>
 </participante>
 <participante>
  <nome>Maria Antonieta Parahyba Leopoldi</nome>
  <instituicao>UFF</instituicao>
 </participante>
 <participante>
  <nome>Ruben Tapia</nome>
  <instituicao>UNICAMP</instituicao>
 </participante>
 <participante>
  <nome>desenvolvimentos e projetos políticos</nome>
 </participante>
 <participante>
  <nome>Eduardo Condé</nome>
  <instituicao>UFJF</instituicao>
 </participante>
 <participante>
  <nome>Francisco Fonseca</nome>
  <instituicao>FGV-SP</instituicao>
 </participante>
 <participante>
  <nome>Luiz Inácio Germany Gaiger</nome>
  <instituicao>UNISINOS</instituicao>
 </participante>
 <participante>
  <nome>Maria Celi Ramos da Cruz Scalon</nome>
  <instituicao>UFRJ</instituicao>
 </participante>
 <participante>
  <nome>Danielle Fernandes</nome>
  <instituicao>UFMG</instituicao>
 </participante>
 <participante>
  <nome>Diogo Helal</nome>
  <instituicao>FUNDAJ</instituicao>
 </participante>
 <participante>
  <nome>Antonio David Cattani</nome>
  <instituicao>UFRGS</instituicao>
 </participante>
 <participante>
  <nome>Felícia Silva Picanço</nome>
  <instituicao>UERJ</instituicao>
 </participante>
 <participante>
  <nome>Jessé José Freire de Souza</nome>
  <instituicao>UFJF</instituicao>
 </participante>
 <participante>
  <nome>Milton Lahuerta</nome>
  <instituicao>UNESP</instituicao>
 </participante>
 <participante>
  <nome>Jessé Souza</nome>
  <instituicao>UENF</instituicao>
 </participante>
 <participante>
  <nome>Marco Aurélio Nogueira</nome>
  <instituicao>UNESP</instituicao>
 </participante>
 <participante>
  <nome>Cristina Patriota de Moura</nome>
  <instituicao>UnB</instituicao>
 </participante>
 <participante>
  <nome>Mariana Cavalcanti</nome>
  <instituicao>FGV-RJ</instituicao>
 </participante>
 <participante>
  <nome>Eliane Junqueira</nome>
  <instituicao>null</instituicao>
 </participante>
 <participante>
  <nome>Joaquim de Arruda Falcão</nome>
  <instituicao>null</instituicao>
 </participante>
 <participante>
  <nome>José Eduardo Campos de Oliveira Faria</nome>
  <instituicao>USP</instituicao>
 </participante>
 <participante>
  <nome>José Ribas Vieira</nome>
  <instituicao>null</instituicao>
 </participante>
 <participante>
  <nome>Luciano Oliveira</nome>
  <instituicao>null</instituicao>
 </participante>
 <participante>
  <nome>Amélia Cohn</nome>
  <instituicao>USP</instituicao>
 </participante>
 <participante>
  <nome>César Caldeira</nome>
  <instituicao>UNIRIO</instituicao>
 </participante>
 <participante>
  <nome>Maria Célia Paoli</nome>
  <instituicao>USP</instituicao>
 </participante>
 <participante>
  <nome>Sérgio Adorno</nome>
  <instituicao>USP</instituicao>
 </participante>
 <participante>
  <nome>Clarice Cohn</nome>
  <instituicao>UFSCAR</instituicao>
 </participante>
 <participante>
  <nome>Antonella Maria Imperatriz Tassinari</nome>
  <instituicao>UFSC</instituicao>
 </participante>
 <participante>
  <nome>Eduardo Viola</nome>
  <instituicao>UnB</instituicao>
 </participante>
 <participante>
  <nome>Hector Leis</nome>
  <instituicao>UFSC</instituicao>
 </participante>
 <participante>
  <nome>Leila da Costa Ferreira</nome>
  <instituicao>UNICAMP</instituicao>
 </participante>
 <participante>
  <nome>Pedro Jacobi</nome>
  <instituicao>USP</instituicao>
 </participante>
 <participante>
  <nome>Daniel Joseph Hogan</nome>
  <instituicao>UNICAMP</instituicao>
 </participante>
 <participante>
  <nome>Eduardo Viola</nome>
  <instituicao>UFSC</instituicao>
 </participante>
 <participante>
  <nome>Paulo Henrique Freire Vieira</nome>
  <instituicao>UFSC</instituicao>
 </participante>
 <participante>
  <nome>Luis Aureliano Gama de Andrade</nome>
  <instituicao>null</instituicao>
 </participante>
 <participante>
  <nome>Lourdes Sola</nome>
  <instituicao>CEBRAP</instituicao>
 </participante>
 <participante>
  <nome>Ana Maria F   Almeida</nome>
  <instituicao>UNICAMP</instituicao>
 </participante>
 <participante>
  <nome>Aparecida Joly Gouveia</nome>
  <instituicao>null</instituicao>
 </participante>
 <participante>
  <nome>Arabela Campos Oliven</nome>
  <instituicao>UFRGS</instituicao>
 </participante>
 <participante>
  <nome>Carlos Benedito Martins</nome>
  <instituicao>UnB</instituicao>
 </participante>
 <participante>
  <nome>Clarissa Eckert Baeta Neves</nome>
  <instituicao>UFRGS</instituicao>
 </participante>
 <participante>
  <nome>Fernanda Antônia da Fonseca Sobral</nome>
  <instituicao>UnB</instituicao>
 </participante>
 <participante>
  <nome>Maria Ligia de Oliveira Barbosa</nome>
  <instituicao>UFRJ</instituicao>
 </participante>
 <participante>
  <nome>Zelia de Brito Fabri Demartini</nome>
  <instituicao>UNICAMP</instituicao>
 </participante>
 <participante>
  <nome>Adriano Nervo Codato</nome>
  <instituicao>UFPR</instituicao>
 </participante>
 <participante>
  <nome>Ernesto Seidl</nome>
  <instituicao>UFSC</instituicao>
 </participante>
 <participante>
  <nome>Arlei Sander Damo</nome>
  <instituicao>UFRGS</instituicao>
 </participante>
 <participante>
  <nome>Josimar Jorge Ventura de Morais</nome>
  <instituicao>UFPE</instituicao>
 </participante>
 <participante>
  <nome>Miguel Serna</nome>
  <instituicao>UDELAR</instituicao>
 </participante>
 <participante>
  <nome>Renato Monseff Perissinotto</nome>
  <instituicao>UFPR</instituicao>
 </participante>
 <participante>
  <nome>Aspásia Camargo</nome>
  <instituicao>null</instituicao>
 </participante>
 <participante>
  <nome>Eli Diniz</nome>
  <instituicao>IUPERJ</instituicao>
 </participante>
 <participante>
  <nome>Maria Antonieta Parahyba Leopoldi</nome>
  <instituicao>UFF</instituicao>
 </participante>
 <participante>
  <nome>Renato Lessa</nome>
  <instituicao>UFF</instituicao>
 </participante>
 <participante>
  <nome>Sérgio Miceli</nome>
  <instituicao>USP</instituicao>
 </participante>
 <participante>
  <nome>Eli Diniz</nome>
  <instituicao>UFRJ</instituicao>
 </participante>
 <participante>
  <nome>Otavio Soares Dulci</nome>
  <instituicao>UFMG</instituicao>
 </participante>
 <participante>
  <nome>Marcelo Kunrath Silva</nome>
  <instituicao>UFRGS</instituicao>
 </participante>
 <participante>
  <nome>Marisa von Bulow</nome>
  <instituicao>UnB</instituicao>
 </participante>
 <participante>
  <nome>Federico Neiburg</nome>
  <instituicao>UFRJ</instituicao>
 </participante>
 <participante>
  <nome>Lygia Sigaud</nome>
  <instituicao>UFRJ</instituicao>
 </participante>
 <participante>
  <nome>Omar Ribeiro Thomaz</nome>
  <instituicao>UNICAMP</instituicao>
 </participante>
 <participante>
  <nome>José Jairo Vieira</nome>
  <instituicao>UFV</instituicao>
 </participante>
 <participante>
  <nome>Ronaldo Helal</nome>
  <instituicao>UERJ</instituicao>
 </participante>
 <participante>
  <nome>Anita Brumer</nome>
  <instituicao>null</instituicao>
 </participante>
 <participante>
  <nome>Cesar Barreira</nome>
  <instituicao>UFC</instituicao>
 </participante>
 <participante>
  <nome>Delma Pessanha Neves</nome>
  <instituicao>UFF</instituicao>
 </participante>
 <participante>
  <nome>Jorge Osvaldo Romano</nome>
  <instituicao>UFRJ</instituicao>
 </participante>
 <participante>
  <nome>Maria de Nazareth Baudel Wanderley</nome>
  <instituicao>null</instituicao>
 </participante>
 <participante>
  <nome>Otávio Guilherme Velho</nome>
  <instituicao>null</instituicao>
 </participante>
 <participante>
  <nome>Vilma Figueiredo</nome>
  <instituicao>null</instituicao>
 </participante>
 <participante>
  <nome>Fabio Wanderley Reis</nome>
  <instituicao>null</instituicao>
 </participante>
 <participante>
  <nome>Renato Raul Boschi</nome>
  <instituicao>null</instituicao>
 </participante>
 <participante>
  <nome>João Pacheco de Oliveira Filho</nome>
  <instituicao>UFRJ</instituicao>
 </participante>
 <participante>
  <nome>John Manuel Monteiro</nome>
  <instituicao>UNICAMP</instituicao>
 </participante>
 <participante>
  <nome>Carlos Antonio Costa Ribeiro</nome>
  <instituicao>UERJ</instituicao>
 </participante>
 <participante>
  <nome>Célia de Andrade Lessa</nome>
  <instituicao>UFF</instituicao>
 </participante>
 <participante>
  <nome>Ricardo Paes de Barros</nome>
  <instituicao>IPEA</instituicao>
  <instituicao>UFRGS</instituicao>
 </participante>
 <participante>
  <nome>Carlos Ranulfo Melo</nome>
  <instituicao>UFMG</instituicao>
 </participante>
 <participante>
  <nome>David Fleischer</nome>
  <instituicao>UnB</instituicao>
 </participante>
 <participante>
  <nome>Fabiano Santos</nome>
  <instituicao>IUPERJ</instituicao>
 </participante>
 <participante>
  <nome>Lucio Remuzat Rennó Junior</nome>
  <instituicao>UnB</instituicao>
 </participante>
 <participante>
  <nome>Luís Gustavo Mello Grohmann</nome>
  <instituicao>UFRGS</instituicao>
 </participante>
 <participante>
  <nome>Magna Maria Inácio</nome>
  <instituicao>UFMG</instituicao>
 </participante>
 <participante>
  <nome>Maria de Fatima J Anastasia</nome>
  <instituicao>UFMG</instituicao>
 </participante>
 <participante>
  <nome>Paolo Ricci</nome>
  <instituicao>USP</instituicao>
 </participante>
 <participante>
  <nome>Emília Pietrafesa de Godoi</nome>
  <instituicao>UNICAMP</instituicao>
 </participante>
 <participante>
  <nome>Maria Rosário Carvalho</nome>
  <instituicao>UFBA</instituicao>
 </participante>
 <participante>
  <nome>Matias Spektor</nome>
  <instituicao>FGV-RJ</instituicao>
 </participante>
 <participante>
  <nome>Berenice Martins Guimarães</nome>
  <instituicao>UFMG</instituicao>
 </participante>
 <participante>
  <nome>Flávio Saliba Cunha</nome>
  <instituicao>null</instituicao>
 </participante>
 <participante>
  <nome>Licia Valladares</nome>
  <instituicao>null</instituicao>
 </participante>
 <participante>
  <nome>Lúcia Bógus</nome>
  <instituicao>PUC-SP</instituicao>
 </participante>
 <participante>
  <nome>Luiz Cesar de Queiroz Ribeiro</nome>
  <instituicao>UFRJ</instituicao>
 </participante>
 <participante>
  <nome>Maria da Gloria Gohn</nome>
  <instituicao>UNICAMP</instituicao>
 </participante>
 <participante>
  <nome>Suzana Pasternak Taschner</nome>
  <instituicao>USP</instituicao>
 </participante>
 <participante>
  <nome>Tamara Benakouche</nome>
  <instituicao>UFSC</instituicao>
 </participante>
 <participante>
  <nome>Tamara Tânia Cohen Egler</nome>
  <instituicao>UFRJ</instituicao>
 </participante>
 <participante>
  <nome>Flávio Saliba Cunha</nome>
  <instituicao>null</instituicao>
 </participante>
 <participante>
  <nome>Sergio de Azevedo</nome>
  <instituicao>UFMG</instituicao>
 </participante>
 <participante>
  <nome>Daniela Riva Knauth</nome>
  <instituicao>UFRGS</instituicao>
 </participante>
 <participante>
  <nome>Ednalva Maciel Neves</nome>
  <instituicao>UFMA</instituicao>
 </participante>
 <participante>
  <nome>Denise Fajardo Grupioni</nome>
  <instituicao>USP</instituicao>
 </participante>
 <participante>
  <nome>Dominique Tilkin Gallois</nome>
  <instituicao>USP</instituicao>
 </participante>
 <participante>
  <nome>Elisabete Dória Bilac</nome>
  <instituicao>null</instituicao>
 </participante>
 <participante>
  <nome>Lia Freitas Garcia Fukui</nome>
  <instituicao>USP</instituicao>
 </participante>
 <participante>
  <nome>Maria Cristina A Bruschini</nome>
  <instituicao>Fundação Carlos Chagas</instituicao>
 </participante>
 <participante>
  <nome>Maria Lygia Quartim de Moares</nome>
  <instituicao>UNICAMP</instituicao>
 </participante>
 <participante>
  <nome>Mariza Corrêa</nome>
  <instituicao>null</instituicao>
 </participante>
 <participante>
  <nome>Russell Parry Scott</nome>
  <instituicao>UFPE</instituicao>
 </participante>
 <participante>
  <nome>gerações e articulações em contexto de desigualdade</nome>
 </participante>
 <participante>
  <nome>Felícia Silva Picanço</nome>
  <instituicao>UFRJ</instituicao>
 </participante>
 <participante>
  <nome>Jurema Gorski Brites</nome>
  <instituicao>UFSM</instituicao>
 </participante>
 <participante>
  <nome>Bruno Wilhelm Speck</nome>
  <instituicao>UNICAMP</instituicao>
 </participante>
 <participante>
  <nome>Wagner Pralon Mancuso</nome>
  <instituicao>USP</instituicao>
 </participante>
 <participante>
  <nome>Emerson Urizzi Cervi</nome>
  <instituicao>UFPR</instituicao>
 </participante>
 <participante>
  <nome>Manoel Santos</nome>
  <instituicao>UFMG</instituicao>
 </participante>
 <participante>
  <nome>Mauro Macedo Campos</nome>
  <instituicao>UENF</instituicao>
 </participante>
 <participante>
  <nome>Adriana Barreto de Souza</nome>
  <instituicao>UFRRJ</instituicao>
 </participante>
 <participante>
  <nome>Antonio Jorge Ramalho da Rocha</nome>
  <instituicao>UnB</instituicao>
 </participante>
 <participante>
  <nome>Celso Corrêa Castro Pinto de Castro</nome>
  <instituicao>FGV-RJ</instituicao>
 </participante>
 <participante>
  <nome>Hector Luis Saint-Pierre
João Roberto Martins Filho</nome>
  <instituicao>UFSCar</instituicao>
 </participante>
 <participante>
  <nome>Jorge Zaverucha</nome>
  <instituicao>UFPE</instituicao>
 </participante>
 <participante>
  <nome>Piero de Camargo Leirner</nome>
  <instituicao>UFSCar</instituicao>
 </participante>
 <participante>
  <nome>Renato Dagnino</nome>
  <instituicao>UNICAMP</instituicao>
 </participante>
 <participante>
  <nome>René Armand Dreifuss</nome>
  <instituicao>UFMG</instituicao>
 </participante>
 <participante>
  <nome>Suzeley Kalil Mathias</nome>
  <instituicao>UNESP</instituicao>
 </participante>
 <participante>
  <nome>Elisete Schwade</nome>
  <instituicao>UFRN</instituicao>
 </participante>
 <participante>
  <nome>Miriam Pillar Grossi</nome>
  <instituicao>UFSC</instituicao>
 </participante>
 <participante>
  <nome>Lucila Scavone</nome>
  <instituicao>UNESP</instituicao>
 </participante>
 <participante>
  <nome>Luzinete Simões Minella</nome>
  <instituicao>UFSC</instituicao>
 </participante>
 <participante>
  <nome>Maria Lygia Quartim de Moraes</nome>
  <instituicao>UNICAMP</instituicao>
 </participante>
 <participante>
  <nome>Ernesto Seidl</nome>
  <instituicao>UFS</instituicao>
 </participante>
 <participante>
  <nome>Mario Grynszpan</nome>
  <instituicao>FGV-RJ</instituicao>
 </participante>
 <participante>
  <nome>John Manuel Monteiro</nome>
  <instituicao>UNICAMP</instituicao>
 </participante>
 <participante>
  <nome>Maria Manuela Carneiro da Cunha</nome>
  <instituicao>null</instituicao>
 </participante>
 <participante>
  <nome>Robin M Wright</nome>
  <instituicao>USP</instituicao>
 </participante>
 <participante>
  <nome>Dulce Pandolfi</nome>
  <instituicao>FGV-RJ</instituicao>
 </participante>
 <participante>
  <nome>José Sergio Leite Lopes</nome>
  <instituicao>UFRJ</instituicao>
 </participante>
 <participante>
  <nome>Marieta de Morais Ferreira</nome>
  <instituicao>UFRJ</instituicao>
 </participante>
 <participante>
  <nome>Rosilene Alvim</nome>
  <instituicao>UFRJ</instituicao>
 </participante>
 <participante>
  <nome>Adriana Barreto de Souza</nome>
  <instituicao>UFRRJ</instituicao>
 </participante>
 <participante>
  <nome>Maud Aurélia Chirio</nome>
  <instituicao>UFSCAR</instituicao>
 </participante>
 <participante>
  <nome>Andrei Koerner</nome>
  <instituicao>UNICAMP</instituicao>
 </participante>
 <participante>
  <nome>Fabiano Engelmann</nome>
  <instituicao>UFRGS</instituicao>
 </participante>
 <participante>
  <nome>Roberto Fragale Filho</nome>
  <instituicao>UFF</instituicao>
 </participante>
 <participante>
  <nome>Renato Lessa</nome>
  <instituicao>IUPERJ</instituicao>
 </participante>
 <participante>
  <nome>Luiz Werneck Vianna</nome>
  <instituicao>PUC-Rio</instituicao>
 </participante>
 <participante>
  <nome>Rubem Barboza Filho</nome>
  <instituicao>UFJF</instituicao>
 </participante>
 <participante>
  <nome>Clarice Ehlers Peixoto</nome>
  <instituicao>UERJ</instituicao>
 </participante>
 <participante>
  <nome>Paulo Menezes</nome>
  <instituicao>USP</instituicao>
 </participante>
 <participante>
  <nome>Andrei Koerner</nome>
  <instituicao>UNICAMP</instituicao>
 </participante>
 <participante>
  <nome>Marcus Faro de Castro</nome>
  <instituicao>UnB</instituicao>
 </participante>
 <participante>
  <nome>Ana Clara T Ribeiro</nome>
  <instituicao>null</instituicao>
 </participante>
 <participante>
  <nome>Edison Nunes</nome>
  <instituicao>CEDEC</instituicao>
 </participante>
 <participante>
  <nome>Ilse Scherer-Warren</nome>
  <instituicao>UFSC</instituicao>
 </participante>
 <participante>
  <nome>Inaiá Carvalho</nome>
  <instituicao>UFBA</instituicao>
 </participante>
 <participante>
  <nome>Irlys Barreira</nome>
  <instituicao>UFCe</instituicao>
 </participante>
 <participante>
  <nome>Lícia Valladares</nome>
  <instituicao>null</instituicao>
 </participante>
 <participante>
  <nome>Luiz Antônio da Silva</nome>
  <instituicao>UFRJ</instituicao>
 </participante>
 <participante>
  <nome>Pedro R Jacobi</nome>
  <instituicao>null</instituicao>
 </participante>
 <participante>
  <nome>Armando Boito Júnior</nome>
  <instituicao>UNICAMP</instituicao>
 </participante>
 <participante>
  <nome>Gonzalo Adrián Rojas</nome>
  <instituicao>UFCG</instituicao>
 </participante>
 <participante>
  <nome>Luiz Eduardo Pereira da Motta</nome>
  <instituicao>UFRJ</instituicao>
 </participante>
 <participante>
  <nome>Marcos Tadeu Del Roio</nome>
  <instituicao>UNESP</instituicao>
 </participante>
 <participante>
  <nome>Ruy Gomes Braga Neto</nome>
  <instituicao>USP</instituicao>
 </participante>
 <participante>
  <nome>Myrian Sepulveda dos Santos</nome>
  <instituicao>UERJ</instituicao>
 </participante>
 <participante>
  <nome>Regina Maria do Rego Monteiro de Abreu</nome>
  <instituicao>UNIRIO</instituicao>
 </participante>
 <participante>
  <nome>Flávio Sacco dos Anjos</nome>
  <instituicao>UFPel</instituicao>
 </participante>
 <participante>
  <nome>Rodrigo Constante Martins</nome>
  <instituicao>UFSCAR</instituicao>
 </participante>
 <participante>
  <nome>Marcus Faria Figueiredo</nome>
  <instituicao>null</instituicao>
 </participante>
 <participante>
  <nome>Nelson do Valle e Silva</nome>
  <instituicao>null</instituicao>
 </participante>
 <participante>
  <nome>Alessandra Aldé</nome>
  <instituicao>UERJ</instituicao>
 </participante>
 <participante>
  <nome>Fernando Antônio Azevedo</nome>
  <instituicao>UFSCAR</instituicao>
 </participante>
 <participante>
  <nome>Flávio Silveira</nome>
  <instituicao>PUC-RS</instituicao>
 </participante>
 <participante>
  <nome>Marcus Figueiredo</nome>
  <instituicao>IUPERJ</instituicao>
 </participante>
 <participante>
  <nome>Vera Chaia</nome>
  <instituicao>PUC-SP</instituicao>
 </participante>
 <participante>
  <nome>Marcus Figueiredo</nome>
  <instituicao>IUPERJ</instituicao>
 </participante>
 <participante>
  <nome>Vera Chaia</nome>
  <instituicao>PUC-SP</instituicao>
 </participante>
 <participante>
  <nome>Fernando Lattman Weltman</nome>
  <instituicao>UERJ</instituicao>
 </participante>
 <participante>
  <nome>Flávia Biroli</nome>
  <instituicao>UnB</instituicao>
 </participante>
 <participante>
  <nome>Jorge Almeida</nome>
  <instituicao>UFBA</instituicao>
 </participante>
 <participante>
  <nome>Ricardo Fabrino Mendonça</nome>
  <instituicao>UFMG</instituicao>
 </participante>
 <participante>
  <nome>Célia Sakurai</nome>
  <instituicao>IDESP</instituicao>
 </participante>
 <participante>
  <nome>Ethel Kosminsky</nome>
  <instituicao>UNESP-Marília</instituicao>
 </participante>
 <participante>
  <nome>Giralda Seyferth</nome>
  <instituicao>UFRJ</instituicao>
 </participante>
 <participante>
  <nome>Helion Povoa Neto</nome>
  <instituicao>UFRJ</instituicao>
 </participante>
 <participante>
  <nome>José Renato de Campos Araújo</nome>
  <instituicao>USP</instituicao>
 </participante>
 <participante>
  <nome>Oswaldo Mário Serra Truzzi</nome>
  <instituicao>UFSCAR</instituicao>
 </participante>
 <participante>
  <nome>Teresa Sales</nome>
  <instituicao>UNICAMP</instituicao>
 </participante>
 <participante>
  <nome>José Renato de Campos Araújo</nome>
  <instituicao>USP</instituicao>
 </participante>
 <participante>
  <nome>Maria Catarina Zanini</nome>
  <instituicao>UFSM</instituicao>
 </participante>
 <participante>
  <nome>Miriam Oliveira Santos</nome>
  <instituicao>UFRRJ</instituicao>
 </participante>
 <participante>
  <nome>Helion Povoa Neto</nome>
  <instituicao>UFRJ</instituicao>
 </participante>
 <participante>
  <nome>Maria Catarina Chitolina Zanini</nome>
  <instituicao>UFSM</instituicao>
 </participante>
 <participante>
  <nome>Karina Pasquariello</nome>
  <instituicao>UNESP</instituicao>
 </participante>
 <participante>
  <nome>Roberto Goulart Menezes</nome>
  <instituicao>UnB</instituicao>
 </participante>
 <participante>
  <nome>Ingrid Sarti</nome>
  <instituicao>ILDES</instituicao>
 </participante>
 <participante>
  <nome>Maria Hermínia Tavares de Almeida</nome>
  <instituicao>null</instituicao>
 </participante>
 <participante>
  <nome>Ana Alice Costa</nome>
  <instituicao>null</instituicao>
 </participante>
 <participante>
  <nome>Eleonora Menicucci de Oliveira</nome>
  <instituicao>null</instituicao>
 </participante>
 <participante>
  <nome>Fanny Tabak</nome>
  <instituicao>null</instituicao>
 </participante>
 <participante>
  <nome>Lourdes Bandeira</nome>
  <instituicao>UFPB</instituicao>
 </participante>
 <participante>
  <nome>Heleieth Iara Bongiovani Saffioti</nome>
  <instituicao>USP</instituicao>
 </participante>
 <participante>
  <nome>Lena Lavinas</nome>
  <instituicao>UFRJ</instituicao>
 </participante>
 <participante>
  <nome>Neuma Aguiar</nome>
 </participante>
 <participante>
  <nome>Carlos Benedito Martin</nome>
  <instituicao>UnB</instituicao>
 </participante>
 <participante>
  <nome>Clarissa Eckert Baeta Neves</nome>
  <instituicao>UFRGS</instituicao>
 </participante>
 <participante>
  <nome>Eduardo Viana Vargas</nome>
  <instituicao>UFMG</instituicao>
 </participante>
 <participante>
  <nome>Marcio Goldman</nome>
  <instituicao>UFRJ</instituicao>
 </participante>
 <participante>
  <nome>Beatriz Perrone-Moisés</nome>
  <instituicao>USP</instituicao>
 </participante>
 <participante>
  <nome>Marcio Goldman</nome>
  <instituicao>UFRJ</instituicao>
 </participante>
 <participante>
  <nome>Neide Esterci</nome>
  <instituicao>UFRJ</instituicao>
 </participante>
 <participante>
  <nome>Carlos Eduardo da Rosa Martins</nome>
  <instituicao>UFRJ</instituicao>
 </participante>
 <participante>
  <nome>Sedi Hirano</nome>
  <instituicao>USP</instituicao>
 </participante>
 <participante>
  <nome>Artur Perrusi</nome>
  <instituicao>UFPE</instituicao>
 </participante>
 <participante>
  <nome>Cynthia Hamlin</nome>
  <instituicao>UFPE</instituicao>
 </participante>
 <participante>
  <nome>Frederic Vandenbergue</nome>
  <instituicao>UERJ</instituicao>
 </participante>
 <participante>
  <nome>Norma Breda dos Santos</nome>
  <instituicao>UnB</instituicao>
 </participante>
 <participante>
  <nome>Rafael Villa</nome>
  <instituicao>USP</instituicao>
 </participante>
 <participante>
  <nome>Eduardo Viveiros de Castro</nome>
  <instituicao>UFRJ</instituicao>
 </participante>
 <participante>
  <nome>Marcela Stockler Coelho de Souza</nome>
  <instituicao>UFRJ</instituicao>
 </participante>
 <participante>
  <nome>Oscar Calavia Saez</nome>
  <instituicao>UFSC</instituicao>
 </participante>
 <participante>
  <nome>Céli Regina Jardim Pinto</nome>
  <instituicao>UFRGS</instituicao>
 </participante>
 <participante>
  <nome>Jose Luiz Ratton</nome>
  <instituicao>UFPE</instituicao>
 </participante>
 <participante>
  <nome>Marcello Baquero</nome>
  <instituicao>UFRGS</instituicao>
 </participante>
 <participante>
  <nome>Daniel Aarão Reis Filho</nome>
  <instituicao>null</instituicao>
 </participante>
 <participante>
  <nome>João Quartim de Moraes</nome>
  <instituicao>UNICAMP</instituicao>
 </participante>
 <participante>
  <nome>Marcelo Siqueira Ridenti</nome>
  <instituicao>UNESP</instituicao>
 </participante>
 <participante>
  <nome>Marco Aurélio Garcia</nome>
  <instituicao>null</instituicao>
 </participante>
 <participante>
  <nome>Luciana Fernandes Veiga</nome>
  <instituicao>UFPR</instituicao>
 </participante>
 <participante>
  <nome>Maria do Socorro Sousa Braga</nome>
  <instituicao>UFSCar</instituicao>
 </participante>
 <participante>
  <nome>Oswaldo M   E   Amaral</nome>
  <instituicao>UNICAMP</instituicao>
 </participante>
 <participante>
  <nome>Bolívar Lamounier</nome>
  <instituicao>null</instituicao>
 </participante>
 <participante>
  <nome>Maria D’Alva Gil Kinzo</nome>
  <instituicao>null</instituicao>
 </participante>
 <participante>
  <nome>Plínio Dentzien</nome>
  <instituicao>null</instituicao>
 </participante>
 <participante>
  <nome>Myrian Sepulveda dos Santos</nome>
  <instituicao>UERJ</instituicao>
 </participante>
 <participante>
  <nome>Regina Maria do Rego Monteiro de Abreu</nome>
  <instituicao>UFRJ</instituicao>
 </participante>
 <participante>
  <nome>Carlos Eduardo Martins</nome>
  <instituicao>UFRJ</instituicao>
 </participante>
 <participante>
  <nome>Ricardo Benzaquen de Araújo</nome>
  <instituicao>IUPERJ</instituicao>
 </participante>
 <participante>
  <nome>Sedi Hirano</nome>
  <instituicao>USP</instituicao>
 </participante>
 <participante>
  <nome>André Pereira Botelho</nome>
  <instituicao>UFRJ</instituicao>
 </participante>
 <participante>
  <nome>Angela de Castro Gomes</nome>
  <instituicao>FGV-SP</instituicao>
 </participante>
 <participante>
  <nome>Angela Maria Alonso</nome>
  <instituicao>USP</instituicao>
 </participante>
 <participante>
  <nome>Antonio Herculano Lopes</nome>
  <instituicao>FCRB</instituicao>
 </participante>
 <participante>
  <nome>Fernanda Arêas Peixoto</nome>
  <instituicao>USP</instituicao>
 </participante>
 <participante>
  <nome>Gabriela Nunes Ferreira</nome>
  <instituicao>UNIFESP</instituicao>
 </participante>
 <participante>
  <nome>Helena Bomeny</nome>
  <instituicao>FGV-RJ</instituicao>
 </participante>
 <participante>
  <nome>Heloisa Pontes</nome>
  <instituicao>UNICAMP</instituicao>
 </participante>
 <participante>
  <nome>Isabel Lustosa</nome>
  <instituicao>FCRB</instituicao>
 </participante>
 <participante>
  <nome>José Reginaldo Gonçalves</nome>
  <instituicao>UFRJ</instituicao>
 </participante>
 <participante>
  <nome>Lilia Katri Moritz Schwarcz</nome>
  <instituicao>USP</instituicao>
 </participante>
 <participante>
  <nome>Lúcia Lippi Oliveira</nome>
  <instituicao>null</instituicao>
 </participante>
 <participante>
  <nome>Luiz Antonio Castro Santos</nome>
  <instituicao>null</instituicao>
 </participante>
 <participante>
  <nome>Marcos Chor Maio</nome>
  <instituicao>Casa de Oswaldo Cruz</instituicao>
 </participante>
 <participante>
  <nome>Maria Arminda do Nascimento Arruda</nome>
  <instituicao>USP</instituicao>
 </participante>
 <participante>
  <nome>Maria Tereza Sadek</nome>
  <instituicao>null</instituicao>
 </participante>
 <participante>
  <nome>Nísia Trindade Lima</nome>
  <instituicao>FIOCRUZ</instituicao>
 </participante>
 <participante>
  <nome>Ricardo Benzaquen de Araújo</nome>
  <instituicao>IUPERJ</instituicao>
 </participante>
 <participante>
  <nome>Esther Jean Matteson Langdon</nome>
  <instituicao>UFSC</instituicao>
 </participante>
 <participante>
  <nome>John Dawsey</nome>
  <instituicao>USP</instituicao>
 </participante>
 <participante>
  <nome>Luiz Fernando Dias Duarte</nome>
  <instituicao>UFRJ</instituicao>
 </participante>
 <participante>
  <nome>Sérgio Luís Carrara</nome>
  <instituicao>UERJ</instituicao>
 </participante>
 <participante>
  <nome>Jane A Russo</nome>
  <instituicao>UFRJ</instituicao>
 </participante>
 <participante>
  <nome>Ondina Fachel Leal</nome>
  <instituicao>UFRGS</instituicao>
 </participante>
 <participante>
  <nome>Luiz Fernando Dias Duarte</nome>
  <instituicao>UFRJ</instituicao>
 </participante>
 <participante>
  <nome>Jane Araujo Russo</nome>
  <instituicao>UERJ</instituicao>
 </participante>
 <participante>
  <nome>Carlos Alberto Steil</nome>
  <instituicao>UFRGS</instituicao>
 </participante>
 <participante>
  <nome>Luiz Fernando Dias Duarte</nome>
  <instituicao>UFRJ</instituicao>
 </participante>
 <participante>
  <nome>Patricia Birman</nome>
  <instituicao>UERJ</instituicao>
 </participante>
 <participante>
  <nome>Bruno Pinheiro Wanderley Reis</nome>
  <instituicao>UFMG</instituicao>
 </participante>
 <participante>
  <nome>Fernando Lattman-Weltman</nome>
  <instituicao>FGV-RJ</instituicao>
 </participante>
 <participante>
  <nome>Fernando Luiz Abrucio</nome>
  <instituicao>FGV-SP</instituicao>
 </participante>
 <participante>
  <nome>Jaime Benvenuto Lima Junior</nome>
  <instituicao>UNICAMP</instituicao>
 </participante>
 <participante>
  <nome>Rossana Rocha Reis</nome>
  <instituicao>USP</instituicao>
 </participante>
 <participante>
  <nome>Brasílio Sallum Junior</nome>
  <instituicao>FESP-SP</instituicao>
 </participante>
 <participante>
  <nome>Eduardo Kugelmas</nome>
  <instituicao>USP</instituicao>
 </participante>
 <participante>
  <nome>José Luiz Fiori
Lourdes Sola</nome>
  <instituicao>USP</instituicao>
 </participante>
 <participante>
  <nome>Antonio Carlos de Souza Lima</nome>
  <instituicao>UFRJ</instituicao>
 </participante>
 <participante>
  <nome>João Pacheco de Oliveira</nome>
  <instituicao>UFRJ</instituicao>
 </participante>
 <participante>
  <nome>Lígia T Lopes Simonian</nome>
  <instituicao>null</instituicao>
 </participante>
 <participante>
  <nome>Vanessa Lea</nome>
  <instituicao>null</instituicao>
 </participante>
 <participante>
  <nome>Janina Onuki</nome>
  <instituicao>USP</instituicao>
 </participante>
 <participante>
  <nome>Luis Manuel Rebelo Fernandes</nome>
  <instituicao>UFF</instituicao>
 </participante>
 <participante>
  <nome>Marcelo de Almeida Medeiros</nome>
  <instituicao>UFPE</instituicao>
 </participante>
 <participante>
  <nome>Maria Helena de Castro Santos</nome>
  <instituicao>UnB</instituicao>
 </participante>
 <participante>
  <nome>Antonio Augusto P Prates</nome>
  <instituicao>null</instituicao>
 </participante>
 <participante>
  <nome>Antônio Luiz Paixão</nome>
  <instituicao>null</instituicao>
 </participante>
 <participante>
  <nome>Argelina Cheibub Figueiredo</nome>
  <instituicao>UNICAMP</instituicao>
 </participante>
 <participante>
  <nome>Carlos Aurélio Pimenta de Faria</nome>
  <instituicao>PUC-MG</instituicao>
 </participante>
 <participante>
  <nome>Celina Souza</nome>
  <instituicao>UFBA</instituicao>
 </participante>
 <participante>
  <nome>Eduardo Marques</nome>
  <instituicao>USP</instituicao>
 </participante>
 <participante>
  <nome>Gilberto Hochman</nome>
  <instituicao>FIOCRUZ</instituicao>
 </participante>
 <participante>
  <nome>Lucia Klein</nome>
  <instituicao>FINEP</instituicao>
 </participante>
 <participante>
  <nome>Marcus André B C de Melo</nome>
  <instituicao>UFPE</instituicao>
 </participante>
 <participante>
  <nome>Maria Helena Castro Santos</nome>
  <instituicao>null</instituicao>
 </participante>
 <participante>
  <nome>Maria Lucia Oliveira</nome>
  <instituicao>null</instituicao>
 </participante>
 <participante>
  <nome>Marta Arretche</nome>
  <instituicao>UNICAMP</instituicao>
 </participante>
 <participante>
  <nome>Maria das Graças Rua</nome>
  <instituicao>UnB</instituicao>
 </participante>
 <participante>
  <nome>Renata Mirandola Bichir</nome>
  <instituicao>USP</instituicao>
 </participante>
 <participante>
  <nome>Sandra Cristina Gomes</nome>
  <instituicao>UFRN</instituicao>
 </participante>
 <participante>
  <nome>Sérgio de Azevedo</nome>
  <instituicao>UFMG</instituicao>
 </participante>
 <participante>
  <nome>Soraya Vargas Côrtes</nome>
  <instituicao>UFRGS</instituicao>
 </participante>
 <participante>
  <nome>Telma Maria Gonçalves Menicucci</nome>
  <instituicao>UFMG</instituicao>
 </participante>
 <participante>
  <nome>Daniel Joseph Hogan</nome>
  <instituicao>UNICAMP</instituicao>
 </participante>
 <participante>
  <nome>Guaraci Adeodato Alves de Sousa</nome>
  <instituicao>UFB</instituicao>
 </participante>
 <participante>
  <nome>Neide Lopes Patarra</nome>
  <instituicao>UNICAMP</instituicao>
 </participante>
 <participante>
  <nome>Alice Rangel de Paiva Abreu</nome>
  <instituicao>UFRJ</instituicao>
 </participante>
 <participante>
  <nome>Amelia Cohn</nome>
  <instituicao>null</instituicao>
 </participante>
 <participante>
  <nome>Antônio Sérgio Guimarães</nome>
  <instituicao>UFBA</instituicao>
 </participante>
 <participante>
  <nome>Bila Sorj</nome>
  <instituicao>UFRJ</instituicao>
 </participante>
 <participante>
  <nome>Leda Gitahy</nome>
  <instituicao>null</instituicao>
 </participante>
 <participante>
  <nome>Delma Pessanha Neves</nome>
  <instituicao>UFF</instituicao>
 </participante>
 <participante>
  <nome>Zander Navarro</nome>
  <instituicao>UFRGS</instituicao>
 </participante>
 <participante>
  <nome>João Pacheco de Oliveira</nome>
  <instituicao>UFRJ</instituicao>
 </participante>
 <participante>
  <nome>John Manuel Monteiro</nome>
  <instituicao>UNICAMP</instituicao>
 </participante>
 <participante>
  <nome>Josefa Salete Barbosa Cavalcanti</nome>
  <instituicao>UFPE</instituicao>
 </participante>
 <participante>
  <nome>alternativas</nome>
 </participante>
 <participante>
  <nome>Russell Parry Scott</nome>
  <instituicao>UFPE</instituicao>
 </participante>
 <participante>
  <nome>Stephen Grant Baines</nome>
  <instituicao>UnB</instituicao>
 </participante>
 <participante>
  <nome>Luiz Antonio de Castro Santos</nome>
  <instituicao>UERJ</instituicao>
 </participante>
 <participante>
  <nome>Maria da Glória Bonelli</nome>
  <instituicao>UFSCAR</instituicao>
 </participante>
 <participante>
  <nome>Maria Ligia Barbosa</nome>
  <instituicao>UFRJ</instituicao>
 </participante>
 <participante>
  <nome>Albertina de Oliveira Costa</nome>
  <instituicao>Fundação Carlos Chagas</instituicao>
 </participante>
 <participante>
  <nome>Magda de Almeida Neves</nome>
  <instituicao>UFMG</instituicao>
 </participante>
 <participante>
  <nome>Paola Cappelin</nome>
  <instituicao>UFRJ</instituicao>
 </participante>
 <participante>
  <nome>Suely Kofes</nome>
  <instituicao>UNICAMP</instituicao>
 </participante>
 <participante>
  <nome>Fernando Augusto Albuquerque Mourão</nome>
  <instituicao>USP</instituicao>
 </participante>
 <participante>
  <nome>Henrique Alterani de Oliveira</nome>
  <instituicao>UnB</instituicao>
 </participante>
 <participante>
  <nome>Gerson Moura</nome>
  <instituicao>FGV-SP</instituicao>
 </participante>
 <participante>
  <nome>Letícia Pinheiro</nome>
  <instituicao>null</instituicao>
 </participante>
 <participante>
  <nome>Luiz Gonzaga de Souza Lima</nome>
  <instituicao>null</instituicao>
 </participante>
 <participante>
  <nome>Maria Regina Soares de Lima</nome>
  <instituicao>null</instituicao>
 </participante>
 <participante>
  <nome>Shiguenoli Miyamoto</nome>
  <instituicao>UNICAMP</instituicao>
 </participante>
 <participante>
  <nome>Graziella Moraes Silva</nome>
  <instituicao>UFRJ</instituicao>
 </participante>
 <participante>
  <nome>Jeronimo Oliveira Muniz</nome>
  <instituicao>UFMG</instituicao>
 </participante>
 <participante>
  <nome>João Feres Júnio</nome>
  <instituicao>UERJ</instituicao>
 </participante>
 <participante>
  <nome>Valter Roberto Silvério</nome>
  <instituicao>UFSCAR</instituicao>
 </participante>
 <participante>
  <nome>Angela Figueiredo</nome>
  <instituicao>UFBA</instituicao>
 </participante>
 <participante>
  <nome>Teresinha Bernardo</nome>
  <instituicao>PUC-SP</instituicao>
 </participante>
 <participante>
  <nome>Angela Figueiredo</nome>
  <instituicao>UFBA</instituicao>
 </participante>
 <participante>
  <nome>Carlos A   Hasenbalg</nome>
  <instituicao>IUPERJ</instituicao>
 </participante>
 <participante>
  <nome>Giralda Seyferth</nome>
  <instituicao>UFRJ</instituicao>
 </participante>
 <participante>
  <nome>Livio Sansone</nome>
  <instituicao>UERJ</instituicao>
 </participante>
 <participante>
  <nome>Márcia Lima</nome>
  <instituicao>UFRJ</instituicao>
 </participante>
 <participante>
  <nome>Olívia Maria Gomes da Cunha</nome>
  <instituicao>UFRJ</instituicao>
 </participante>
 <participante>
  <nome>Osmundo Pinho</nome>
  <instituicao>UCAM</instituicao>
 </participante>
 <participante>
  <nome>Céli Regina Pinto</nome>
  <instituicao>UFRGS</instituicao>
 </participante>
 <participante>
  <nome>Mary Garcia Castro</nome>
  <instituicao>UFBA</instituicao>
 </participante>
 <participante>
  <nome>Ari Pedro Oro</nome>
  <instituicao>UFRGS</instituicao>
 </participante>
 <participante>
  <nome>Cecília L   Mariz</nome>
  <instituicao>UERJ</instituicao>
 </participante>
 <participante>
  <nome>Lísias Nogueira Negrão</nome>
  <instituicao>USP</instituicao>
 </participante>
 <participante>
  <nome>Joanildo Burity</nome>
  <instituicao>FUNDAJ</instituicao>
 </participante>
 <participante>
  <nome>Maria das Dores Campos Machado</nome>
  <instituicao>UFRRJ</instituicao>
 </participante>
 <participante>
  <nome>Maria Helena Villas Boas Concone</nome>
  <instituicao>PUC-SP</instituicao>
 </participante>
 <participante>
  <nome>Cícero Araújo</nome>
  <instituicao>USP</instituicao>
 </participante>
 <participante>
  <nome>José Eisenberg</nome>
  <instituicao>IUPERJ</instituicao>
 </participante>
 <participante>
  <nome>Beatriz Maria Alasia Heredia</nome>
  <instituicao>UFRJ</instituicao>
 </participante>
 <participante>
  <nome>Carla Teixeira</nome>
  <instituicao>UnB</instituicao>
 </participante>
 <participante>
  <nome>Irlys Barreira</nome>
  <instituicao>UFC</instituicao>
 </participante>
 <participante>
  <nome>César Barreira</nome>
  <instituicao>UFC</instituicao>
 </participante>
 <participante>
  <nome>José Sérgio Leite Lopes</nome>
  <instituicao>UFRJ</instituicao>
 </participante>
 <participante>
  <nome>Sergio Schneider</nome>
  <instituicao>UFRGS</instituicao>
 </participante>
 <participante>
  <nome>Maria José Teixeira Carneiro</nome>
  <instituicao>UFRRJ</instituicao>
 </participante>
 <participante>
  <nome>Ana Lúcia Eduardo Farah Valente</nome>
  <instituicao>UnB</instituicao>
 </participante>
 <participante>
  <nome>Arilson da Silva Favareto</nome>
  <instituicao>UFABC</instituicao>
 </participante>
 <participante>
  <nome>Cynthia Andersen Sarti</nome>
  <instituicao>UNIFESP</instituicao>
 </participante>
 <participante>
  <nome>Maria Claudia Pereira Coelho</nome>
  <instituicao>UERJ</instituicao>
 </participante>
 <participante>
  <nome>Antonio Jorge Ramalho da Rocha</nome>
  <instituicao>UnB</instituicao>
 </participante>
 <participante>
  <nome>Nizar Messari</nome>
  <instituicao>PUC-RJ</instituicao>
 </participante>
 <participante>
  <nome>Adriana Resende Barreto Vianna</nome>
  <instituicao>UFRJ</instituicao>
 </participante>
 <participante>
  <nome>Julio Assis Simões</nome>
  <instituicao>USP</instituicao>
 </participante>
 <participante>
  <nome>Maria Filomena Gregori</nome>
  <instituicao>UNICAMP</instituicao>
 </participante>
 <participante>
  <nome>Sergio Carrara</nome>
  <instituicao>UERJ</instituicao>
 </participante>
 <participante>
  <nome>Julio Assis Simões</nome>
  <instituicao>USP</instituicao>
 </participante>
 <participante>
  <nome>María Elvira Díaz-Benítez</nome>
  <instituicao>UFRJ</instituicao>
 </participante>
 <participante>
  <nome>Regina Facchini</nome>
  <instituicao>UNICAMP</instituicao>
 </participante>
 <participante>
  <nome>Sérgio Carrara</nome>
  <instituicao>UERJ</instituicao>
 </participante>
 <participante>
  <nome>Iram Jácome Rodrigues</nome>
  <instituicao>USP</instituicao>
 </participante>
 <participante>
  <nome>Carly Barboza Machado</nome>
  <instituicao>UFRRJ</instituicao>
 </participante>
 <participante>
  <nome>Cibele Saliba Rizek</nome>
  <instituicao>USP</instituicao>
 </participante>
 <participante>
  <nome>Gabriel de Santis Feltran</nome>
  <instituicao>UFSCAR</instituicao>
 </participante>
 <participante>
  <nome>Neiva Vieira da Cunha</nome>
  <instituicao>UERJ</instituicao>
 </participante>
 <participante>
  <nome>Patricia Birman</nome>
  <instituicao>UERJ</instituicao>
 </participante>
 <participante>
  <nome>Marcelo Sampaio Carneiro</nome>
  <instituicao>UFMA</instituicao>
 </participante>
 <participante>
  <nome>Sandro Ruduit Garcia</nome>
  <instituicao>UFRGS</instituicao>
 </participante>
 <participante>
  <nome>Fundamentos da Sociabilidade e</nome>
 </participante>
 <participante>
  <nome>Francisco Coelho dos Santos</nome>
  <instituicao>UFMG</instituicao>
 </participante>
 <participante>
  <nome>Theophilos Rifiotis</nome>
  <instituicao>UFSC</instituicao>
 </participante>
 <participante>
  <nome>Tom Dwyer</nome>
  <instituicao>UNICAMP</instituicao>
 </participante>
 <participante>
  <nome>Maria Helena Oliva Augusto</nome>
  <instituicao>USP</instituicao>
 </participante>
 <participante>
  <nome>Melissa de Mattos Pimenta</nome>
  <instituicao>UFRGS</instituicao>
 </participante>
 <participante>
  <nome>Maria Isaura Pereira de Queiroz</nome>
  <instituicao>null</instituicao>
 </participante>
 <participante>
  <nome>Olga Rodrigues de Moraes Von Simson</nome>
  <instituicao>UNICAMP</instituicao>
 </participante>
 <participante>
  <nome>Paula Montero</nome>
  <instituicao>USP</instituicao>
 </participante>
 <participante>
  <nome>Ruben George Oliven</nome>
 </participante>
 <participante>
  <nome>Alexandre Vieira Werneck</nome>
  <instituicao>UFRJ</instituicao>
 </participante>
 <participante>
  <nome>Luis Roberto Cardodo de Oliveira</nome>
  <instituicao>UnB</instituicao>
 </participante>
 <participante>
  <nome>Patrice Schuch</nome>
  <instituicao>UFRGS</instituicao>
 </participante>
 <participante>
  <nome>Cécile Raud Mattedi</nome>
  <instituicao>UFSC</instituicao>
 </participante>
 <participante>
  <nome>Ricardo Abramovay</nome>
  <instituicao>USP</instituicao>
 </participante>
 <participante>
  <nome>n</nome>
  <instituicao>UFSCAR</instituicao>
 </participante>
 <participante>
  <nome>Marcelo Pereira de Mello</nome>
  <instituicao>UFF</instituicao>
 </participante>
 <participante>
  <nome>Mário Hélio Trindade de Lima</nome>
  <instituicao>UFES</instituicao>
 </participante>
 <participante>
  <nome>Marcelo da Costa Pinto Neves</nome>
  <instituicao>USP</instituicao>
 </participante>
 <participante>
  <nome>Maria Claudia Pereira Coelho</nome>
  <instituicao>UERJ</instituicao>
 </participante>
 <participante>
  <nome>Octavio Bonet</nome>
  <instituicao>UFJF</instituicao>
 </participante>
 <participante>
  <nome>Jonatas Ferreira</nome>
  <instituicao>UFPE</instituicao>
 </participante>
 <participante>
  <nome>Maria Lúcia Maciel</nome>
  <instituicao>UFRJ</instituicao>
 </participante>
 <participante>
  <nome>Tamara Benakouche</nome>
  <instituicao>UFSC</instituicao>
 </participante>
 <participante>
  <nome>Caetana Maria Damasceno</nome>
  <instituicao>ISER</instituicao>
 </participante>
 <participante>
  <nome>Ieda Brito
Irene Maria F   Barbosa</nome>
  <instituicao>UNICAMP</instituicao>
 </participante>
 <participante>
  <nome>Kabengele Munanga</nome>
  <instituicao>null</instituicao>
 </participante>
 <participante>
  <nome>João Baptista Borges Pereira</nome>
  <instituicao>null</instituicao>
 </participante>
 <participante>
  <nome>Maria Angélica Maués</nome>
  <instituicao>NAEA</instituicao>
 </participante>
 <participante>
  <nome>Teófilo de Queiroz Junior</nome>
  <instituicao>USP</instituicao>
 </participante>
 <participante>
  <nome>Javier Alberto Vadell</nome>
  <instituicao>PUC Minas</instituicao>
 </participante>
 <participante>
  <nome>Marcos Costa Lima</nome>
  <instituicao>UFPE</instituicao>
 </participante>
 <participante>
  <nome>Christian Edward Cyril Lynch</nome>
  <instituicao>UFF</instituicao>
 </participante>
 <participante>
  <nome>Cícero Araújo</nome>
  <instituicao>USP</instituicao>
 </participante>
 <participante>
  <nome>Ricardo Silva</nome>
  <instituicao>UFSC</instituicao>
 </participante>
 <participante>
  <nome>Gildo Marçal Brandão</nome>
  <instituicao>USP</instituicao>
 </participante>
 <participante>
  <nome>Walquíria D   Leão Rego</nome>
  <instituicao>UNICAMP</instituicao>
 </participante>
 <participante>
  <nome>Álvaro de Vita</nome>
  <instituicao>USP</instituicao>
 </participante>
 <participante>
  <nome>Bernardo Ferreira</nome>
  <instituicao>UERJ</instituicao>
 </participante>
 <participante>
  <nome>José Maurício Domingues</nome>
  <instituicao>UFRJ</instituicao>
 </participante>
 <participante>
  <nome>Leonardo Avritzer</nome>
  <instituicao>UFMG</instituicao>
 </participante>
 <participante>
  <nome>Josué Pereira da Silva</nome>
  <instituicao>UNICAMP</instituicao>
 </participante>
 <participante>
  <nome>Josué Pereira da Silva</nome>
  <instituicao>UNICAMP</instituicao>
 </participante>
 <participante>
  <nome>Sérgio Costa</nome>
  <instituicao>UFSC</instituicao>
 </participante>
 <participante>
  <nome>Carlos Eduardo Sell</nome>
  <instituicao>UFSC</instituicao>
 </participante>
 <participante>
  <nome>Emil A Sobottka</nome>
  <instituicao>PUCRS</instituicao>
 </participante>
 <participante>
  <nome>Regina Lúcia M Morel</nome>
  <instituicao>UFRJ</instituicao>
 </participante>
 <participante>
  <nome>José Ricardo Ramalho</nome>
  <instituicao>UFRJ</instituicao>
 </participante>
 <participante>
  <nome>Marco Aurélio Santana</nome>
  <instituicao>UNIRIO</instituicao>
 </participante>
 <participante>
  <nome>Regina Morel</nome>
  <instituicao>UFRJ</instituicao>
 </participante>
 <participante>
  <nome>Cinara Lerrer Rosenfield</nome>
  <instituicao>UFRGS</instituicao>
 </participante>
 <participante>
  <nome>Marco Aurélio Santana</nome>
  <instituicao>UFRJ</instituicao>
 </participante>
 <participante>
  <nome>Marco Aurélio Santana</nome>
  <instituicao>UFRJ</instituicao>
 </participante>
 <participante>
  <nome>Roberto Véras de Oliveira</nome>
  <instituicao>UFPB</instituicao>
 </participante>
 <participante>
  <nome>Angela Maria Carneiro de Araújo</nome>
  <instituicao>UNICAMP</instituicao>
 </participante>
 <participante>
  <nome>Iram Jácome Rodrigues</nome>
  <instituicao>USP</instituicao>
 </participante>
 <participante>
  <nome>Jacob Carlos Lima</nome>
  <instituicao>UFSCAR</instituicao>
 </participante>
 <participante>
  <nome>Nadya Araújo Castro</nome>
  <instituicao>CEBRAP</instituicao>
 </participante>
 <participante>
  <nome>Tom Dwyer</nome>
  <instituicao>UNICAMP</instituicao>
 </participante>
 <participante>
  <nome>reflexões a partir do rural</nome>
 </participante>
 <participante>
  <nome>Delma Pessanha Neves</nome>
  <instituicao>UFF</instituicao>
 </participante>
 <participante>
  <nome>Leonilde Servolo de Medeiros</nome>
  <instituicao>UNICAMP</instituicao>
 </participante>
 <participante>
  <nome>Elizabeth Balbachevsky</nome>
  <instituicao>USP</instituicao>
 </participante>
 <participante>
  <nome>Sônia Guimarães</nome>
  <instituicao>UFRGS</instituicao>
 </participante>
 <participante>
  <nome>Ana Maria Galano</nome>
  <instituicao>UFRJ</instituicao>
 </participante>
 <participante>
  <nome>Bela Feldman-Bianco</nome>
  <instituicao>UNICAMP</instituicao>
 </participante>
 <participante>
  <nome>Beatriz Maria Alásia de Heredia</nome>
  <instituicao>UFRJ</instituicao>
 </participante>
 <participante>
  <nome>César Barreira</nome>
  <instituicao>UFC</instituicao>
 </participante>
 <participante>
  <nome>José Vicente Tavares dos Santos</nome>
  <instituicao>UFRGS</instituicao>
 </participante>
 <participante>
  <nome>Carlos Henrique Aguiar Serra</nome>
  <instituicao>UFF</instituicao>
 </participante>
 <participante>
  <nome>Luís Antônio Francisco de Souza</nome>
  <instituicao>UNESP</instituicao>
 </participante>
 <participante>
  <nome>Marcos César Alvarez</nome>
  <instituicao>USP</instituicao>
 </participante>
 <participante>
  <nome>Alba Zaluar</nome>
  <instituicao>UERJ</instituicao>
 </participante>
 <participante>
  <nome>Cláudio Beato</nome>
  <instituicao>UFMG</instituicao>
 </participante>
 <participante>
  <nome>José Vicente Tavares dos Santos</nome>
  <instituicao>UFRGS</instituicao>
 </participante>
 <participante>
  <nome>Maria Filomena Gregori</nome>
  <instituicao>UNICAMP</instituicao>
 </participante>
 <participante>
  <nome>Sérgio Adorno</nome>
  <instituicao>USP</instituicao>
 </participante>
</ParticipantesGT>