<?xml version="1.0" ?>
<PremiosANPOCS>
 <premiado>
  <nome>Eunice Durham</nome>
  <instituicao>USP</instituicao>
  <premio>
   <nomepremio>Prêmio ANPOCS de Excelência Acadêmica Gilberto Velho (Antropologia)</nomepremio>
   <ano>2014</ano>
  </premio>
 </premiado>
 <premiado>
  <nome>Otávio Guilherme Velho</nome>
  <instituicao>UFRJ</instituicao>
  <premio>
   <nomepremio>Prêmio ANPOCS de Excelência Acadêmica Gilberto Velho (Antropologia)</nomepremio>
   <ano>2013</ano>
  </premio>
 </premiado>
 <premiado>
  <nome>Mariza Peirano</nome>
  <instituicao>UnB</instituicao>
  <premio>
   <nomepremio>Prêmio ANPOCS de Excelência Acadêmica Gilberto Velho (Antropologia)</nomepremio>
   <ano>2015</ano>
  </premio>
 </premiado>
 <premiado>
  <nome>Moacir Palmeira</nome>
  <instituicao>UFRJ</instituicao>
  <premio>
   <nomepremio>Prêmio ANPOCS de Excelência Acadêmica Gilberto Velho (Antropologia)</nomepremio>
   <ano>2015</ano>
  </premio>
 </premiado>
 <premiado>
  <nome>Roque de Barros Laraia</nome>
  <instituicao>UnB</instituicao>
  <premio>
   <nomepremio>Prêmio ANPOCS de Excelência Acadêmica Gilberto Velho (Antropologia)</nomepremio>
   <ano>2013</ano>
  </premio>
 </premiado>
 <premiado>
  <nome>Ruben George Oliven</nome>
  <instituicao>UFRGS</instituicao>
  <premio>
   <nomepremio>Prêmio ANPOCS de Excelência Acadêmica Gilberto Velho (Antropologia)</nomepremio>
   <ano>2014</ano>
  </premio>
 </premiado>
 <premiado>
  <nome>Celina Souza</nome>
  <instituicao>UFBA</instituicao>
  <premio>
   <nomepremio>Prêmio ANPOCS de Excelência Acadêmica Gildo Marçal Brandão (Ciência Política)</nomepremio>
   <ano>2015</ano>
  </premio>
 </premiado>
 <premiado>
  <nome>Eli Roque Diniz</nome>
  <instituicao>UFRJ</instituicao>
  <premio>
   <nomepremio>Prêmio ANPOCS de Excelência Acadêmica Gildo Marçal Brandão (Ciência Política)</nomepremio>
   <ano>2014</ano>
  </premio>
 </premiado>
 <premiado>
  <nome>Fabio Wanderley Reis</nome>
  <instituicao>UFMG</instituicao>
  <premio>
   <nomepremio>Prêmio ANPOCS de Excelência Acadêmica Gildo Marçal Brandão (Ciência Política)</nomepremio>
   <ano>2014</ano>
  </premio>
 </premiado>
 <premiado>
  <nome>Gláucio Ary Dillon Soares</nome>
  <instituicao>IESP-UERJ</instituicao>
  <premio>
   <nomepremio>Prêmio ANPOCS de Excelência Acadêmica Gildo Marçal Brandão (Ciência Política)</nomepremio>
   <ano>2015</ano>
  </premio>
 </premiado>
 <premiado>
  <nome>Maria Hermínia Tavares de Almeida</nome>
  <instituicao>USP</instituicao>
  <premio>
   <nomepremio>Prêmio ANPOCS de Excelência Acadêmica Gildo Marçal Brandão (Ciência Política)</nomepremio>
   <ano>2013</ano>
  </premio>
 </premiado>
 <premiado>
  <nome>Wanderley Guilherme dos Santos</nome>
  <instituicao>UFRJ</instituicao>
  <premio>
   <nomepremio>Prêmio ANPOCS de Excelência Acadêmica Gildo Marçal Brandão (Ciência Política)</nomepremio>
   <ano>2013</ano>
  </premio>
 </premiado>
 <premiado>
  <nome>Alice Rangel de Paiva Abreu</nome>
  <instituicao>UFRJ</instituicao>
  <premio>
   <nomepremio>Prêmio ANPOCS de Excelência Acadêmica Antônio Flávio Pierucci (Sociologia)</nomepremio>
   <ano>2013</ano>
  </premio>
 </premiado>
 <premiado>
  <nome>Leôncio Martins Rodrigues</nome>
  <instituicao>UNICAMP</instituicao>
  <premio>
   <nomepremio>Prêmio ANPOCS de Excelência Acadêmica Antônio Flávio Pierucci (Sociologia)</nomepremio>
   <ano>2015</ano>
  </premio>
 </premiado>
 <premiado>
  <nome>Luiz Jorge Werneck Vianna</nome>
  <instituicao>PUC-Rio</instituicao>
  <premio>
   <nomepremio>Prêmio ANPOCS de Excelência Acadêmica Antônio Flávio Pierucci (Sociologia)</nomepremio>
   <ano>2014</ano>
  </premio>
 </premiado>
 <premiado>
  <nome>Maria Arminda do Nascimento Arruda</nome>
  <instituicao>USP</instituicao>
  <premio>
   <nomepremio>Prêmio ANPOCS de Excelência Acadêmica Antônio Flávio Pierucci (Sociologia)</nomepremio>
   <ano>2014</ano>
  </premio>
 </premiado>
 <premiado>
  <nome>Maria Izaura Pereira de Queiros</nome>
  <instituicao>USP</instituicao>
  <premio>
   <nomepremio>Prêmio ANPOCS de Excelência Acadêmica Antônio Flávio Pierucci (Sociologia)</nomepremio>
   <ano>2015</ano>
  </premio>
 </premiado>
 <premiado>
  <nome>Sérgio Miceli Pessôa de Barros</nome>
  <instituicao>USP</instituicao>
  <premio>
   <nomepremio>Prêmio ANPOCS de Excelência Acadêmica Antônio Flávio Pierucci (Sociologia)</nomepremio>
   <ano>2013</ano>
  </premio>
 </premiado>
</PremiosANPOCS>