<?xml version="1.0" ?>
<simposios>
 <simposio>
  <nome>A religião na complexidade contemporânea</nome>
  <ano>2013</ano>
  <participante>
   André Ricardo de Souza
   <instituicao>UFSCAR</instituicao>
  </participante>
  <participante>
   Péricles Morais Andrade Júnior
   <instituicao>UFS</instituicao>
  </participante>
 </simposio>
 <simposio>
  <nome>Antropologia, situações e vidas no limite</nome>
  <ano>2013</ano>
  <participante>
   Susana Soares Branco Durão
   <instituicao>Unicamp</instituicao>
  </participante>
  <participante>
   Taniele Rui
   <instituicao>ESP</instituicao>
  </participante>
 </simposio>
 <simposio>
  <nome>As ações econômicas governamentais como construções sociais</nome>
  <ano>2014</ano>
  <ano>2015</ano>
  <participante>
   Antonio José Pedroso Neto
   <instituicao>UFT</instituicao>
  </participante>
  <participante>
   Maria Chaves Jardim
   <instituicao>UNESP</instituicao>
  </participante>
 </simposio>
 <simposio>
  <nome>Aspectos do encarceramento na sociedade contemporânea</nome>
  <ano>2014</ano>
  <participante>
   Camila Nunes Dias
   <instituicao>UFABC</instituicao>
  </participante>
  <participante>
   Luiz Claudio Lourenço
   <instituicao>UFBA</instituicao>
  </participante>
 </simposio>
 <simposio>
  <nome>Ciências Sociais e Educação: dilemas e possibilidades na produção do conhecimento</nome>
  <ano>2014</ano>
  <ano>2015</ano>
  <participante>
   Amurabi Oliveira
   <instituicao>UFSC</instituicao>
  </participante>
  <participante>
   Neusa Maria Mendes de Gusmão
   <instituicao>UNICAMP</instituicao>
  </participante>
 </simposio>
 <simposio>
  <nome>Ciências Sociais e Direito: discussões contemporâneas</nome>
  <ano>2013</ano>
  <participante>
   Cintia Muller
   <instituicao>UFBA</instituicao>
  </participante>
  <participante>
   Simone Becker
   <instituicao>UFGD</instituicao>
  </participante>
 </simposio>
 <simposio>
  <nome>Cinema e contemporaneidade: políticas e poéticas audiovisuais</nome>
  <ano>2014</ano>
  <participante>
   Luis Felipe Hirano
   <instituicao>ESP</instituicao>
  </participante>
  <participante>
   Luiz Gustavo Pereira de Souza Correia
   <instituicao>UFS</instituicao>
  </participante>
 </simposio>
 <simposio>
  <nome>Comunidades, povoados e reconfigurações das periferias</nome>
  <ano>2013</ano>
  <participante>
   Javier Alejandro Lifschitz
   <instituicao>UNIRIO</instituicao>
  </participante>
  <participante>
   Marcelo Carlos Gantos
   <instituicao>UENF</instituicao>
  </participante>
 </simposio>
 <simposio>
  <nome>Cultura e hegemonia no capitalismo contemporâneos</nome>
  <ano>2014</ano>
  <ano>2015</ano>
  <participante>
   Guilhermo André Aderaldo
   <instituicao>USP</instituicao>
  </participante>
  <participante>
   Paulo Rodrigues Gajanigo
   <instituicao>UFF</instituicao>
  </participante>
  <participante>
   Rogério Ferreira Souza
   <instituicao>IUPERJ</instituicao>
  </participante>
 </simposio>
 <simposio>
  <nome>Cultura política e comportamento eleitoral</nome>
  <ano>2015</ano>
  <participante>
   Robert Bonifácio da Silva
   <instituicao>UFMG</instituicao>
  </participante>
  <participante>
   Thiago Sampaio
   <instituicao>UNIPAMPA</instituicao>
  </participante>
 </simposio>
 <simposio>
  <nome>De cidades à cidade nas ciências sociais brasileiras</nome>
  <ano>2013</ano>
  <participante>
   Antonio Mauricio Dias Costa
   <instituicao>UFPA</instituicao>
  </participante>
  <participante>
   Fraya Frehse
   <instituicao>USP</instituicao>
  </participante>
 </simposio>
 <simposio>
  <nome>Dilemas éticos e dificuldades operacionais: como etnografar práticas e pensamentos moralmente condenáveis?</nome>
  <ano>2013</ano>
  <participante>
   Jania Aquino
   <instituicao>UFC</instituicao>
  </participante>
  <participante>
   Jorge Villela
   <instituicao>UFSCAR</instituicao>
  </participante>
 </simposio>
 <simposio>
  <nome>Difusão de políticas: ideias, modelos e instituições brasileiras</nome>
  <ano>2015</ano>
  <participante>
   Denilson Bandeira Coêlho
   <instituicao>UnB</instituicao>
  </participante>
  <participante>
   Osmany Porto de Oliveira
   <instituicao>CEBRAP</instituicao>
  </participante>
 </simposio>
 <simposio>
  <nome>Direitos humanos e transições políticas</nome>
  <ano>2015</ano>
  <participante>
   Cristina Buarque de Hollanda
   <instituicao>UFRJ</instituicao>
  </participante>
  <participante>
   Mariana Possas
   <instituicao>UFBA</instituicao>
  </participante>
 </simposio>
 <simposio>
  <nome>Economia criativa e mercados das simbolizações</nome>
  <ano>2013</ano>
  <ano>2014</ano>
  <participante>
   Elder Patrick Maia Alves
   <instituicao>UFAL</instituicao>
  </participante>
  <participante>
   Miqueli Michetti
   <instituicao>FGV-SP</instituicao>
  </participante>
 </simposio>
 <simposio>
  <nome>Estado em movimento: interações socioestatais, incorporação de demandas e seus impactos institucionais no Brasil contemporâneo</nome>
  <ano>2013</ano>
  <participante>
   José Eduardo Leon Szwako
   <instituicao>CEM/CEBRAP</instituicao>
  </participante>
  <participante>
   Rebecca Abers
   <instituicao>UnB</instituicao>
  </participante>
 </simposio>
 <simposio>
  <nome>Estudos em sociologia da punição e encarceramento: discutindo o sistema prisional e socioeducativo no Brasil</nome>
  <ano>2015</ano>
  <participante>
   Camila Nunes Dias
   <instituicao>UFABC</instituicao>
  </participante>
  <participante>
   Luiz Claudio Lourenço
   <instituicao>UFBA</instituicao>
  </participante>
 </simposio>
 <simposio>
  <nome>Fronteiras: territórios, políticas e interculturalidade</nome>
  <ano>2014</ano>
  <ano>2015</ano>
  <participante>
   José Lindomar Coelho Albuquerque
   <instituicao>UNIFESP</instituicao>
  </participante>
  <participante>
   José Miguel Nieto
   <instituicao>UNICAMP</instituicao>
  </participante>
  <participante>
   Marcelo Alarios Ennes
   <instituicao>UFS</instituicao>
  </participante>
 </simposio>
 <simposio>
  <nome>Gosto, hierarquias simbólicas e legitimidades culturais</nome>
  <ano>2014</ano>
  <ano>2015</ano>
  <participante>
   Carolina Martins Pulici
   <instituicao>UNIFESP</instituicao>
  </participante>
  <participante>
   Dmitri Cerboncini Fernandes
   <instituicao>UFJF</instituicao>
  </participante>
 </simposio>
 <simposio>
  <nome>Imagens, mídias audiovisuais e ciências sociais: questões teóricas, práticas e metodológicas</nome>
  <ano>2015</ano>
  <participante>
   Paulo Menezes
   <instituicao>USP</instituicao>
  </participante>
  <participante>
   Túlio Cunha Rossi
   <instituicao>UFMA</instituicao>
  </participante>
 </simposio>
 <simposio>
  <nome>Instituições participativas: sua efetividade como questão</nome>
  <ano>2013</ano>
  <participante>
   Ernesto Isunza
   <instituicao>CIESAS</instituicao>
  </participante>
  <participante>
   Wagner de Melo Romão
   <instituicao>UNESP</instituicao>
  </participante>
 </simposio>
 <simposio>
  <nome>Literatura e sociedade</nome>
  <ano>2014</ano>
  <participante>
   Andréa Borges Leão
   <instituicao>UFC</instituicao>
  </participante>
  <participante>
   Mariza Veloso Motta Santos
   <instituicao>UnB</instituicao>
  </participante>
 </simposio>
 <simposio>
  <nome>Mobilidades, trânsitos e fluxos no contexto contemporâneo</nome>
  <ano>2014</ano>
  <participante>
   Gláucia de Oliveira Assis
   <instituicao>UDESC</instituicao>
  </participante>
  <participante>
   Igor José de Renó Machado
   <instituicao>UFSCAR</instituicao>
  </participante>
 </simposio>
 <simposio>
  <nome>Múltiplos discursos e práticas sobre drogas: medicina, direito e consumidores sob a perspectiva das Ciências Sociais</nome>
  <ano>2014</ano>
  <participante>
   Beatriz Caiuby Labate
   <instituicao>UNICAMP</instituicao>
  </participante>
  <participante>
   Frederico Policarpo
   <instituicao>UFF</instituicao>
  </participante>
 </simposio>
 <simposio>
  <nome>O lugar da prisão na sociedade contemporânea: dilemas e desafios</nome>
  <ano>2013</ano>
  <participante>
   Camila Nunes Dias
   <instituicao>UFABC</instituicao>
  </participante>
  <participante>
   Luiz Claudio Lourenço
   <instituicao>UFBA</instituicao>
  </participante>
 </simposio>
 <simposio>
  <nome>O olhar das ciências sociais sobre as populações costeiras e ribeirinhas</nome>
  <ano>2013</ano>
  <participante>
   Francisca de Souza Miller
   <instituicao>UFRN</instituicao>
  </participante>
  <participante>
   José Colaço Dias
   <instituicao>UFF</instituicao>
  </participante>
 </simposio>
 <simposio>
  <nome>O papel da ciência na sociedade contemporânea</nome>
  <ano>2015</ano>
  <participante>
   Maria José Teixeira Carneiro
   <instituicao>UFRRJ</instituicao>
  </participante>
  <participante>
   Teresa da-Silva-Rosa
   <instituicao>UVV-ES</instituicao>
  </participante>
 </simposio>
 <simposio>
  <nome>Organizações civis, mobilizações sociais e “violência urbana”: novas cartografias na ação coletiva</nome>
  <ano>2014</ano>
  <participante>
   Ana Paula Galdeano Cruz
   <instituicao>UNIFESP/CEBRAP</instituicao>
  </participante>
  <participante>
   Leilah Landim
   <instituicao>UFRJ</instituicao>
  </participante>
 </simposio>
 <simposio>
  <nome>Organizações civis, violência e políticas públicas: novas cartografias na ação coletiva</nome>
  <ano>2013</ano>
  <participante>
   Ana Paula Galdeano Cruz
   <instituicao>UNIFESP</instituicao>
  </participante>
  <participante>
   Leilah Landim
   <instituicao>UFRJ</instituicao>
  </participante>
 </simposio>
 <simposio>
  <nome>Organizações, Estado e violência: múltiplos sentidos da ação coletiva</nome>
  <ano>2015</ano>
  <participante>
   Leilah Landim
   <instituicao>UFRJ</instituicao>
  </participante>
  <participante>
   Monika Dowbor
   <instituicao>CEM/Cebrap</instituicao>
  </participante>
 </simposio>
 <simposio>
  <nome>Os Jê revisitados: Redes de relações indígenas no Brasil Central</nome>
  <ano>2015</ano>
  <participante>
   André Luis Campanha Demarchi
   <instituicao>UFT</instituicao>
  </participante>
  <participante>
   Marcela Coelho de Souza
   <instituicao>UnB</instituicao>
  </participante>
 </simposio>
 <simposio>
  <nome>Partidos políticos e sistemas de partidos</nome>
  <ano>2014</ano>
  <ano>2015</ano>
  <participante>
   Bruno Bolognesi
   <instituicao>UNILA</instituicao>
  </participante>
  <participante>
   Soraia Marcelino Vieira
   <instituicao>UFF</instituicao>
  </participante>
 </simposio>
 <simposio>
  <nome>Pensamento social e análise da cultura</nome>
  <ano>2013</ano>
  <ano>2014</ano>
  <participante>
   Maria Fernanda Lombardi Fernandes
   <instituicao>UNIFESP</instituicao>
  </participante>
  <participante>
   Fernando Antonio Pinheiro Filho
   <instituicao>USP</instituicao>
  </participante>
 </simposio>
 <simposio>
  <nome>Perspectivas etnográficas sobre documentos: possibilidades analíticas e desafios metodológicos</nome>
  <ano>2014</ano>
  <participante>
   Laura Lowenkron
   <instituicao>UNICAMP</instituicao>
  </participante>
  <participante>
   Leticia Carvalho de Mesquita Ferreira
   <instituicao>FGV</instituicao>
  </participante>
 </simposio>
 <simposio>
  <nome>Políticas públicas, desenvolvimento e meio ambiente</nome>
  <ano>2015</ano>
  <participante>
   Fábio Fonseca Figueiredo
   <instituicao>UFRN</instituicao>
  </participante>
  <participante>
   Hemerson Luiz Pase
   <instituicao>UFPel</instituicao>
  </participante>
 </simposio>
 <simposio>
  <nome>Politicas sociais nas cortes brasileiras e latino-americanas</nome>
  <ano>2015</ano>
  <participante>
   Azul América Aguiar Aguilar
   <instituicao>ITESO</instituicao>
  </participante>
  <participante>
   Lígia Mori Madeira
   <instituicao>UFRGS</instituicao>
  </participante>
 </simposio>
 <simposio>
  <nome>Potências tradicionais, potências emergentes e a ordem mundial contemporânea: dilemas, tensões e possibilidades</nome>
  <ano>2014</ano>
  <ano>2015</ano>
  <participante>
   Alexandre Cesar Cunha Leite
   <instituicao>UEPB</instituicao>
  </participante>
  <participante>
   Leonardo Ramos
   <instituicao>PUC Minas</instituicao>
  </participante>
 </simposio>
 <simposio>
  <nome>Práticas das instituições do sistema de segurança pública e justiça criminal</nome>
  <ano>2013</ano>
  <participante>
   Ludmila Mendonça Lopes Ribeiro
   <instituicao>UFMG</instituicao>
  </participante>
  <participante>
   Vivian Gilbert Ferreira Paes
   <instituicao>UFF</instituicao>
  </participante>
 </simposio>
 <simposio>
  <nome>Práticas do sistema de justiça criminal e segurança pública</nome>
  <ano>2014</ano>
  <participante>
   Ludmila M L Ribeiro
   <instituicao>UFMG</instituicao>
  </participante>
  <participante>
   Vivian Paes
   <instituicao>UFF</instituicao>
  </participante>
 </simposio>
 <simposio>
  <nome>Relações raciais: desigualdades, identidades e políticas públicas</nome>
  <ano>2015</ano>
  <participante>
   Luiz Augusto de Souza Carneiro de Campos
   <instituicao>UERJ</instituicao>
  </participante>
  <participante>
   Paulo Sergio da Costa Neves
   <instituicao>UFS</instituicao>
  </participante>
 </simposio>
 <simposio>
  <nome>Religiões e Juventudes – interfaces, complexidades e interseções de um campo em expansão</nome>
  <ano>2015</ano>
  <participante>
   Flávio Munhoz Sofiati
   <instituicao>UFG</instituicao>
  </participante>
  <participante>
   Silvia Alves Fernandes
   <instituicao>UFRRJ</instituicao>
  </participante>
 </simposio>
 <simposio>
  <nome>Religiões em trânsitos: formação de territórios, redes, políticas, mídias e subjetividades</nome>
  <ano>2014</ano>
  <participante>
   Carly Barboza Machado
   <instituicao>UFRRJ</instituicao>
  </participante>
  <participante>
   Marcelo Natividade
   <instituicao>UFC</instituicao>
  </participante>
 </simposio>
 <simposio>
  <nome>Repensando e ressignificando a economia, o mercado e seus dispositivos de legitimação</nome>
  <ano>2014</ano>
  <participante>
   Elaine da Silveira Leite
   <instituicao>UFPel</instituicao>
  </participante>
  <participante>
   Marina De Souza Sartore
   <instituicao>UFG</instituicao>
  </participante>
 </simposio>
 <simposio>
  <nome>Saúde, políticas públicas e direitos</nome>
  <ano>2013</ano>
  <participante>
   Pedro Nascimento
   <instituicao>UFPB</instituicao>
  </participante>
  <participante>
   Rozeli Maria Porto
   <instituicao>UFRN</instituicao>
  </participante>
 </simposio>
 <simposio>
  <nome>Sexualidade e gênero: espacialidade e relações de poder em diferentes escalas do urbano</nome>
  <ano>2015</ano>
  <participante>
   Regina Facchini
   <instituicao>UNICAMP</instituicao>
  </participante>
  <participante>
   Roberto Marques
   <instituicao>URCA</instituicao>
  </participante>
 </simposio>
 <simposio>
  <nome>Sexualidade e gênero: espaço, corporalidades e relações de poder</nome>
  <ano>2013</ano>
  <participante>
   Isadora Lins França
   <instituicao>UNICAMP</instituicao>
  </participante>
  <participante>
   Nádia Elisa Meinerz
   <instituicao>UFAL</instituicao>
  </participante>
 </simposio>
 <simposio>
  <nome>Sexualidade e gênero: espaço, lugar e relações de poder</nome>
  <ano>2014</ano>
  <participante>
   Isadora Lins França
   <instituicao>UNICAMP</instituicao>
  </participante>
  <participante>
   Roberto Marques
   <instituicao>URCA</instituicao>
  </participante>
 </simposio>
 <simposio>
  <nome>Sociologia das práticas policiais e judiciais</nome>
  <ano>2015</ano>
  <participante>
   Ludmila M L Ribeiro
   <instituicao>UFMG</instituicao>
  </participante>
  <participante>
   Vivian Paes
   <instituicao>UFF</instituicao>
  </participante>
 </simposio>
 <simposio>
  <nome>Sociologia e Antropologia da Moral</nome>
  <ano>2013</ano>
  <ano>2014</ano>
  <ano>2015</ano>
  <participante>
   Jussara Freire
   <instituicao>UFF</instituicao>
  </participante>
  <participante>
   Gabriel David Noel
   <instituicao>UNSAM</instituicao>
  </participante>
  <participante>
   Marcus Andre de Souza Cardoso da Silva
   <instituicao>UNIFAP</instituicao>
  </participante>
 </simposio>
 <simposio>
  <nome>Sociologias: perspectivas sobre as economia, as finanças e as organizações</nome>
  <ano>2013</ano>
  <participante>
   Elaine da Silveira Leite
   <instituicao>UFPel</instituicao>
  </participante>
  <participante>
   Marina De Souza Sartore
   <instituicao>UFG</instituicao>
  </participante>
 </simposio>
 <simposio>
  <nome>Tecnologia, inovação e ciberativismo</nome>
  <ano>2013</ano>
  <participante>
   Francisco Paulo Jamil Almeida Marques
   <instituicao>UFC</instituicao>
  </participante>
  <participante>
   Marcus Abílio Gomes Pereira
   <instituicao>UFMG</instituicao>
  </participante>
 </simposio>
 <simposio>
  <nome>Teoria social no limite – novas frentes/fronteiras na teoria social contemporânea</nome>
  <ano>2013</ano>
  <ano>2014</ano>
  <ano>2015</ano>
  <participante>
   Artur Perrusi
   <instituicao>UFPE</instituicao>
  </participante>
  <participante>
   Carlos Eduardo Sell
   <instituicao>UFSC</instituicao>
  </participante>
  <participante>
   Emil A. Sobottka
   <instituicao>PUCRS</instituicao>
  </participante>
  <participante>
   Josias Vicente de Paula Jr.
   <instituicao>UFRPE</instituicao>
  </participante>
  <participante>
   Sergio Barreira de Faria Tavolaro
   <instituicao>UnB</instituicao>
  </participante>
 </simposio>
 <simposio>
  <nome>Tolerância e justiça social</nome>
  <ano>2013</ano>
  <participante>
   Júlio César Barroso
   <instituicao>UNIFESP</instituicao>
  </participante>
  <participante>
   San Romanelli Assumpção
   <instituicao>CEDEC</instituicao>
  </participante>
 </simposio>
 <simposio>
  <nome>Tolerância, justiça distributiva e reconhecimento</nome>
  <ano>2014</ano>
  <participante>
   Hélio Ricardo Alves
   <instituicao>UFRGS</instituicao>
  </participante>
  <participante>
   Júlio César Barroso
   <instituicao>UNIFESP</instituicao>
  </participante>
 </simposio>
 <simposio>
  <nome>Trabalho e ação sindical na sociedade contemporânea</nome>
  <ano>2013</ano>
  <ano>2015</ano>
  <participante>
   Marco Aurélio Santana
   <instituicao>UFRJ</instituicao>
  </participante>
  <participante>
   Marcos Ferraz
   <instituicao>UFGD</instituicao>
  </participante>
  <participante>
   Ruy Gomes Braga
   <instituicao>USP</instituicao>
  </participante>
 </simposio>
</simposios>