<?xml version="1.0" ?>
<colaboradores>
 <colaborador>
  <nome>Adriana Ferraz de Camargo Tintori</nome>
 </colaborador>
 <colaborador>
  <nome>Adriano de Alencar Matos Barbosa</nome>
 </colaborador>
 <colaborador>
  <nome>Alexandre Augusto Goulart de Andrade</nome>
 </colaborador>
 <colaborador>
  <nome>Alice Maria Gianini Burato</nome>
 </colaborador>
 <colaborador>
  <nome>Alice Viera dos Santos</nome>
 </colaborador>
 <colaborador>
  <nome>Aline Cardoso</nome>
 </colaborador>
 <colaborador>
  <nome>Allan Levorato</nome>
 </colaborador>
 <colaborador>
  <nome>Ana Claudia Mielke</nome>
 </colaborador>
 <colaborador>
  <nome>Ana Elisa de Figueiredo Bersani</nome>
 </colaborador>
 <colaborador>
  <nome>Ana Luzia Sandoval Valente</nome>
 </colaborador>
 <colaborador>
  <nome>Ana Letícia de Fiori</nome>
 </colaborador>
 <colaborador>
  <nome>Ana Maria Pereira Machado</nome>
 </colaborador>
 <colaborador>
  <nome>Ana Maura Tomesani Marques</nome>
 </colaborador>
 <colaborador>
  <nome>Andréa Rodrigues Santos</nome>
 </colaborador>
 <colaborador>
  <nome>André Azevedo Sollero</nome>
 </colaborador>
 <colaborador>
  <nome>André Lopes</nome>
 </colaborador>
 <colaborador>
  <nome>André Ricardo de Souza</nome>
 </colaborador>
 <colaborador>
  <nome>André Peniche</nome>
 </colaborador>
 <colaborador>
  <nome>Antônio B. Ferreira</nome>
 </colaborador>
 <colaborador>
  <nome>Antonio Flavio Pierucci</nome>
 </colaborador>
 <colaborador>
  <nome>Armando Souza Neto</nome>
 </colaborador>
 <colaborador>
  <nome>Beatriz Pereira de Oliveira</nome>
 </colaborador>
 <colaborador>
  <nome>Bianca Lunelli Berkenbrock</nome>
 </colaborador>
 <colaborador>
  <nome>Bianca R. Reame</nome>
 </colaborador>
 <colaborador>
  <nome>Camila Caldeira Nunes</nome>
 </colaborador>
 <colaborador>
  <nome>Camilo Flamarion</nome>
 </colaborador>
 <colaborador>
  <nome>Carlos Alberto Diógenes Yazzle</nome>
 </colaborador>
 <colaborador>
  <nome>Carlos Lo Prete</nome>
 </colaborador>
 <colaborador>
  <nome>Carlos Machado Jr.</nome>
 </colaborador>
 <colaborador>
  <nome>Carolina Giovanna Menegatti</nome>
 </colaborador>
 <colaborador>
  <nome>Carolina Martins Pulici</nome>
 </colaborador>
 <colaborador>
  <nome>Catharine Ayko Iwamoto</nome>
 </colaborador>
 <colaborador>
  <nome>Claudia Hernandes</nome>
 </colaborador>
 <colaborador>
  <nome>Celia Regina Moreira Jorge</nome>
 </colaborador>
 <colaborador>
  <nome>Celio Luis Batista Leite</nome>
 </colaborador>
 <colaborador>
  <nome>Ceumar Rampazzo Mendonça</nome>
 </colaborador>
 <colaborador>
  <nome>Cláudia Carolina Fuga dos Reis</nome>
 </colaborador>
 <colaborador>
  <nome>Clarice Divino Carvalhinho Lopes</nome>
 </colaborador>
 <colaborador>
  <nome>Cristiane Lamin Souza Aguiar</nome>
 </colaborador>
 <colaborador>
  <nome>Dafne de Souza Sampaio</nome>
 </colaborador>
 <colaborador>
  <nome>Daniel Grilli Felizardo</nome>
 </colaborador>
 <colaborador>
  <nome>Daniel Mazzucco</nome>
 </colaborador>
 <colaborador>
  <nome>Daniela Carra</nome>
 </colaborador>
 <colaborador>
  <nome>Diego Jair Vicentin</nome>
 </colaborador>
 <colaborador>
  <nome>Diogo Pedraçoli</nome>
 </colaborador>
 <colaborador>
  <nome>Edísio Ferreira de Farias Jr.</nome>
 </colaborador>
 <colaborador>
  <nome>Eliane Alves da Silva</nome>
 </colaborador>
 <colaborador>
  <nome>Elder Munhoz</nome>
 </colaborador>
 <colaborador>
  <nome>Emilio Bayago Jardim</nome>
 </colaborador>
 <colaborador>
  <nome>Érica Schneider de Vilhena</nome>
 </colaborador>
 <colaborador>
  <nome>Ernesto Luiz Marques Nunes</nome>
 </colaborador>
 <colaborador>
  <nome>Ester Ribeiro Pereira</nome>
 </colaborador>
 <colaborador>
  <nome>Fábio Augusto T. Bellini</nome>
 </colaborador>
 <colaborador>
  <nome>Fábio Raddi Uchôa</nome>
 </colaborador>
 <colaborador>
  <nome>Fabrício Estevão Silveira de Moraes</nome>
 </colaborador>
 <colaborador>
  <nome>Fernanda Brandão</nome>
 </colaborador>
 <colaborador>
  <nome>Fernanda Cariane</nome>
 </colaborador>
 <colaborador>
  <nome>Fernanda Ticianelli de Castro</nome>
 </colaborador>
 <colaborador>
  <nome>Fernando Farias Valentin</nome>
 </colaborador>
 <colaborador>
  <nome>Fábio Augusto Bellini</nome>
 </colaborador>
 <colaborador>
  <nome>Flávia Estefânia Alves de Lima</nome>
 </colaborador>
 <colaborador>
  <nome>Flávio Yutaka Oshiro</nome>
 </colaborador>
 <colaborador>
  <nome>Florencia Ferrari</nome>
 </colaborador>
 <colaborador>
  <nome>Francisco Iglori Gonsales</nome>
 </colaborador>
 <colaborador>
  <nome>Francisco Raul Cornejo</nome>
 </colaborador>
 <colaborador>
  <nome>Fraya Frehse</nome>
 </colaborador>
 <colaborador>
  <nome>Gabriel Coutinho Barbosa</nome>
 </colaborador>
 <colaborador>
  <nome>Gabriela Borges do Couto Rosa</nome>
 </colaborador>
 <colaborador>
  <nome>Gabriela Rodrigues da Guia Rosa</nome>
 </colaborador>
 <colaborador>
  <nome>Gabriela Tedeschi Cano</nome>
 </colaborador>
 <colaborador>
  <nome>Georgia Christ Sarris</nome>
 </colaborador>
 <colaborador>
  <nome>Gian Marco Delle Sedie</nome>
 </colaborador>
 <colaborador>
  <nome>Giovana Cristina Cotrin Loro</nome>
 </colaborador>
 <colaborador>
  <nome>Guilherme Cardoso Sobral</nome>
 </colaborador>
 <colaborador>
  <nome>Heitor Schulz Macedo</nome>
 </colaborador>
 <colaborador>
  <nome>Helder Rogério Sant’Ana Ferreira</nome>
 </colaborador>
 <colaborador>
  <nome>Henrique Carlos Parra Parra Filho</nome>
 </colaborador>
 <colaborador>
  <nome>Henrique Genereze da Silva</nome>
 </colaborador>
 <colaborador>
  <nome>Henrique Zoqui Martins Parra</nome>
 </colaborador>
 <colaborador>
  <nome>Hugo Faria Gaspar</nome>
 </colaborador>
 <colaborador>
  <nome>Idenilza Moreira de Miranda</nome>
 </colaborador>
 <colaborador>
  <nome>Igor Costa Pereira de Souza</nome>
 </colaborador>
 <colaborador>
  <nome>Ilana Goldstein</nome>
 </colaborador>
 <colaborador>
  <nome>Ingrid Andrade Barros</nome>
 </colaborador>
 <colaborador>
  <nome>Isabel do Céu Cides Mathias</nome>
 </colaborador>
 <colaborador>
  <nome>Ivy Panagassi</nome>
 </colaborador>
 <colaborador>
  <nome>Izabela Nalio Ramos</nome>
 </colaborador>
 <colaborador>
  <nome>Jean Gabriel Castro</nome>
 </colaborador>
 <colaborador>
  <nome>Jéssica Voigt</nome>
 </colaborador>
 <colaborador>
  <nome>João Batista Neves</nome>
 </colaborador>
 <colaborador>
  <nome>João Francisco Siqueira Lopes</nome>
 </colaborador>
 <colaborador>
  <nome>João Henrique Custódio Paulino</nome>
 </colaborador>
 <colaborador>
  <nome>Juliana de Souza Oliveira</nome>
 </colaborador>
 <colaborador>
  <nome>Juliana Heredia</nome>
 </colaborador>
 <colaborador>
  <nome>Juliana Moura Bueno</nome>
 </colaborador>
 <colaborador>
  <nome>Laércio Fidelis Dias</nome>
 </colaborador>
 <colaborador>
  <nome>Leandro de Pádua Rodrigues</nome>
 </colaborador>
 <colaborador>
  <nome>Ligia Maria Venturini Romão</nome>
 </colaborador>
 <colaborador>
  <nome>Ligia Regina Bisin Cristaldi</nome>
 </colaborador>
 <colaborador>
  <nome>Lilian Prado Pereira</nome>
 </colaborador>
 <colaborador>
  <nome>Luisa Caetano</nome>
 </colaborador>
 <colaborador>
  <nome>Luiz Felipe Kozima Hirano</nome>
 </colaborador>
 <colaborador>
  <nome>Luiz Gustavo Gonçalves</nome>
 </colaborador>
 <colaborador>
  <nome>Luna Costa de Andrade</nome>
 </colaborador>
 <colaborador>
  <nome>Magnólia Borges dos Santos Cruz</nome>
 </colaborador>
 <colaborador>
  <nome>Maíra Costa Etzel</nome>
 </colaborador>
 <colaborador>
  <nome>Maíra Simões Santos</nome>
 </colaborador>
 <colaborador>
  <nome>Marcela Silveira Tulli</nome>
 </colaborador>
 <colaborador>
  <nome>Márcia Freire Ferreira</nome>
 </colaborador>
 <colaborador>
  <nome>Marco Antônio Teixeira</nome>
 </colaborador>
 <colaborador>
  <nome>Marcos Roberto Carvalho Lima</nome>
 </colaborador>
 <colaborador>
  <nome>Marcos Toffoli Simoens da Silva</nome>
 </colaborador>
 <colaborador>
  <nome>Marcus Vinicius Lopes Campos</nome>
 </colaborador>
 <colaborador>
  <nome>Maria Lúcia Belleza</nome>
 </colaborador>
 <colaborador>
  <nome>Marina Dias Weis</nome>
 </colaborador>
 <colaborador>
  <nome>Marina Merlo</nome>
 </colaborador>
 <colaborador>
  <nome>Mário Oliveira</nome>
 </colaborador>
 <colaborador>
  <nome>Marlene Carneiro de Lucena</nome>
 </colaborador>
 <colaborador>
  <nome>Maurício Fiore</nome>
 </colaborador>
 <colaborador>
  <nome>Maurício José Lopes</nome>
 </colaborador>
 <colaborador>
  <nome>Maurício Pereira Nunes</nome>
 </colaborador>
 <colaborador>
  <nome>Max Eduardo Brunner Souza</nome>
 </colaborador>
 <colaborador>
  <nome>Melina Andrade</nome>
 </colaborador>
 <colaborador>
  <nome>Milena Bendazzoli Simões</nome>
 </colaborador>
 <colaborador>
  <nome>Nadia de Matos Barros</nome>
 </colaborador>
 <colaborador>
  <nome>Neide Osada</nome>
 </colaborador>
 <colaborador>
  <nome>Nahema Nascimento Barra de Oliveira</nome>
 </colaborador>
 <colaborador>
  <nome>Nathalia Novaes Alves</nome>
 </colaborador>
 <colaborador>
  <nome>Nina Simões</nome>
 </colaborador>
 <colaborador>
  <nome>Nicolas Dieter Berdaguer Rauschenberg</nome>
 </colaborador>
 <colaborador>
  <nome>Pablo Gonçalo Pires de Campos Martins</nome>
 </colaborador>
 <colaborador>
  <nome>Patrícia Caldeira Pavan</nome>
 </colaborador>
 <colaborador>
  <nome>Paula Renata Miraglia</nome>
 </colaborador>
 <colaborador>
  <nome>Paula Sterzzi</nome>
 </colaborador>
 <colaborador>
  <nome>Paulo Arthur Malvasi</nome>
 </colaborador>
 <colaborador>
  <nome>Paulo Castiglioni Lara</nome>
 </colaborador>
 <colaborador>
  <nome>Pedro Arthur Malvasi</nome>
 </colaborador>
 <colaborador>
  <nome>Pedro M. Bonato</nome>
 </colaborador>
 <colaborador>
  <nome>Pedro De Cillo Rodrigues</nome>
 </colaborador>
 <colaborador>
  <nome>Pedro Giovanetti Cesar Pires</nome>
 </colaborador>
 <colaborador>
  <nome>Pedro Iemma Meira</nome>
 </colaborador>
 <colaborador>
  <nome>Pedro Paulo Martins de Oliveira</nome>
 </colaborador>
 <colaborador>
  <nome>Pietro Carlos de Souza Rodrigues</nome>
 </colaborador>
 <colaborador>
  <nome>Priscilla Bittencourt Freitas</nome>
 </colaborador>
 <colaborador>
  <nome>Rafael Grilli Felizardo</nome>
 </colaborador>
 <colaborador>
  <nome>Rafael Machado Nobre de Souza</nome>
 </colaborador>
 <colaborador>
  <nome>Rafael Moreira Dardaque Mucinhato</nome>
 </colaborador>
 <colaborador>
  <nome>Rafael Pacheco Marinho</nome>
 </colaborador>
 <colaborador>
  <nome>Raphael Augusto Ignacio Mott</nome>
 </colaborador>
 <colaborador>
  <nome>Renan William Santos</nome>
 </colaborador>
 <colaborador>
  <nome>Renata Guedes Mourão</nome>
 </colaborador>
 <colaborador>
  <nome>Ricardo Augusto Romano Sant’Anna</nome>
 </colaborador>
 <colaborador>
  <nome>Ricardo P. Regatie</nome>
 </colaborador>
 <colaborador>
  <nome>Rodrigo Arêas Ribeiro de Castro</nome>
 </colaborador>
 <colaborador>
  <nome>Rodrigo Brandão de Andrade e Silva</nome>
 </colaborador>
 <colaborador>
  <nome>Rodrigo Marins Cabrerisso</nome>
 </colaborador>
 <colaborador>
  <nome>Rodrigo Martins da Silva</nome>
 </colaborador>
 <colaborador>
  <nome>Rogéria da Silva Martins</nome>
 </colaborador>
 <colaborador>
  <nome>Rosileide de Lima Rosendo</nome>
 </colaborador>
 <colaborador>
  <nome>Sonia Maria dos Reis</nome>
 </colaborador>
 <colaborador>
  <nome>Suelyemma Malato Franco</nome>
 </colaborador>
 <colaborador>
  <nome>Tatiana Maria Barbosa Riccioppo</nome>
 </colaborador>
 <colaborador>
  <nome>Tatiana Conterno de Oliveira Rodrigues</nome>
 </colaborador>
 <colaborador>
  <nome>Tiago Silva Birkholz Duarte</nome>
 </colaborador>
 <colaborador>
  <nome>Victor Nunes de João Bueno Secco</nome>
 </colaborador>
 <colaborador>
  <nome>Vanessa Moreira Sígolo</nome>
 </colaborador>
 <colaborador>
  <nome>Vânia Feichas Vieira</nome>
 </colaborador>
 <colaborador>
  <nome>Vivian Pâmela Viviane</nome>
 </colaborador>
 <colaborador>
  <nome>Viviane de Oliveira Cubas</nome>
 </colaborador>
 <colaborador>
  <nome>Wagner de Mello Romão</nome>
 </colaborador>
 <colaborador>
  <nome>Wallace de Andrade Silva</nome>
 </colaborador>
 <colaborador>
  <nome>Willy Arthur Silva Reis</nome>
 </colaborador>
 <colaborador>
  <nome>Wilson José Flores Jr.</nome>
 </colaborador>
</colaboradores>