<?xml version="1.0" ?>
<ConcursoInteramerican>
 <vencedor>
  <nomevencedor>ANPOCS
Adriana Rodrigues Antunes</nomevencedor>
 </vencedor>
 <ano>1992</ano>
 <ano/>
 <vencedor>
  <nomevencedor>Alba Regina Neves Ramos</nomevencedor>
 </vencedor>
 <ano>1990</ano>
 <ano/>
 <vencedor>
  <nomevencedor>Alfredo Macedo Gomes </nomevencedor>
 </vencedor>
 <ano>1993</ano>
 <ano>1994</ano>
 <vencedor>
  <nomevencedor>
Ana Maria S. M. Farias</nomevencedor>
 </vencedor>
 <ano>1988</ano>
 <ano/>
 <vencedor>
  <nomevencedor>André Luiz Machado</nomevencedor>
 </vencedor>
 <ano>1990</ano>
 <ano/>
 <vencedor>
  <nomevencedor>Andréa Borges Leão</nomevencedor>
 </vencedor>
 <ano>1992</ano>
 <ano/>
 <vencedor>
  <nomevencedor>Andréa Lorena Butto Zarzar</nomevencedor>
 </vencedor>
 <ano>1993</ano>
 <ano>1994</ano>
 <vencedor>
  <nomevencedor>
Ariosvaldo da Silva Diniz</nomevencedor>
 </vencedor>
 <ano>1992</ano>
 <ano/>
 <vencedor>
  <nomevencedor>Bernadete de Lourdes Ramos Beserra</nomevencedor>
 </vencedor>
 <ano>1990</ano>
 <ano/>
 <vencedor>
  <nomevencedor>Catarina Tereza Faria de Oliveira</nomevencedor>
 </vencedor>
 <ano>1993</ano>
 <ano>1994</ano>
 <vencedor>
  <nomevencedor>
Christian Azais</nomevencedor>
 </vencedor>
 <ano>1990</ano>
 <ano/>
 <vencedor>
  <nomevencedor>Eduardo Alfredo Morais Guimarães</nomevencedor>
 </vencedor>
 <ano>1992</ano>
 <ano/>
 <vencedor>
  <nomevencedor>Eduardo Soeiro Souza</nomevencedor>
 </vencedor>
 <ano>1988</ano>
 <ano/>
 <vencedor>
  <nomevencedor>Emma C. Siliprandi</nomevencedor>
 </vencedor>
 <ano>1988</ano>
 <ano/>
 <vencedor>
  <nomevencedor>Frederico de Castro Neves</nomevencedor>
 </vencedor>
 <ano>1990</ano>
 <ano/>
 <vencedor>
  <nomevencedor>Gerson Augusto de Oliveira Júnior</nomevencedor>
 </vencedor>
 <ano>1993</ano>
 <ano>1994</ano>
 <vencedor>
  <nomevencedor>
Glória Maria Diógenes</nomevencedor>
 </vencedor>
 <ano>1988</ano>
 <ano/>
 <vencedor>
  <nomevencedor>Iara Maria de Almeida Souza</nomevencedor>
 </vencedor>
 <ano>1993</ano>
 <ano>1994</ano>
 <vencedor>
  <nomevencedor>
Irene Alves de Paiva</nomevencedor>
 </vencedor>
 <ano>1992</ano>
 <ano/>
 <vencedor>
  <nomevencedor>Isleide Gomes de Arruda</nomevencedor>
 </vencedor>
 <ano>1992</ano>
 <ano/>
 <vencedor>
  <nomevencedor>João Lúcio Faria de Oliveira</nomevencedor>
 </vencedor>
 <ano>1993</ano>
 <ano>1994</ano>
 <vencedor>
  <nomevencedor>
José Rodorval Ramalho</nomevencedor>
 </vencedor>
 <ano>1993</ano>
 <ano>1994</ano>
 <vencedor>
  <nomevencedor>
Josélia Barbosa de Oliveira</nomevencedor>
 </vencedor>
 <ano>1990</ano>
 <ano/>
 <vencedor>
  <nomevencedor>Liduina Farias Almeida da Costa</nomevencedor>
 </vencedor>
 <ano>1990</ano>
 <ano/>
 <vencedor>
  <nomevencedor>Luciano Ferraz Santos</nomevencedor>
 </vencedor>
 <ano>1990</ano>
 <ano/>
 <vencedor>
  <nomevencedor>Manoel Clementino de Souza</nomevencedor>
 </vencedor>
 <ano>1988</ano>
 <ano/>
 <vencedor>
  <nomevencedor>Maria da Conceição Mariano Cardoso</nomevencedor>
 </vencedor>
 <ano>1990</ano>
 <ano/>
 <vencedor>
  <nomevencedor>Maria Del Carmen López Prata</nomevencedor>
 </vencedor>
 <ano>1992</ano>
 <ano/>
 <vencedor>
  <nomevencedor>Maria Dulce Silva</nomevencedor>
 </vencedor>
 <ano>1988</ano>
 <ano/>
 <vencedor>
  <nomevencedor>Maria Simone de Oliveira Lima</nomevencedor>
 </vencedor>
 <ano>1990</ano>
 <ano/>
 <vencedor>
  <nomevencedor>Maria Socorro P. Araújo</nomevencedor>
 </vencedor>
 <ano>1988</ano>
 <ano/>
 <vencedor>
  <nomevencedor>Maria Sylvia Porto Alegre</nomevencedor>
 </vencedor>
 <ano>1992</ano>
 <ano/>
 <vencedor>
  <nomevencedor>Maria Teodora de Barros Oliveira</nomevencedor>
 </vencedor>
 <ano>1990</ano>
 <ano/>
 <vencedor>
  <nomevencedor>Martha Maria Ramos Rocha dos Santos</nomevencedor>
 </vencedor>
 <ano>1993</ano>
 <ano>1994</ano>
 <vencedor>
  <nomevencedor>

Neuza Maria de Oliveira</nomevencedor>
 </vencedor>
 <ano>1993</ano>
 <ano>1994</ano>
 <vencedor>
  <nomevencedor>
Núbia Bento Rodrigues</nomevencedor>
 </vencedor>
 <ano>1993</ano>
 <ano>1994</ano>
 <vencedor>
  <nomevencedor>
Paulo Roberto Ferreira</nomevencedor>
 </vencedor>
 <ano>1990</ano>
 <ano/>
 <vencedor>
  <nomevencedor>Ramilton Marinho Costa</nomevencedor>
 </vencedor>
 <ano>1988</ano>
 <ano/>
 <vencedor>
  <nomevencedor>Roberta Salazar Uchôa</nomevencedor>
 </vencedor>
 <ano>1993</ano>
 <ano>1994</ano>
 <vencedor>
  <nomevencedor>
Roberto Véras de Oliveira</nomevencedor>
 </vencedor>
 <ano>1992</ano>
 <ano/>
 <vencedor>
  <nomevencedor>Rodrigo Corrêa Peixoto</nomevencedor>
 </vencedor>
 <ano>1988</ano>
 <ano/>
 <vencedor>
  <nomevencedor>Rubens A. Siqueira</nomevencedor>
 </vencedor>
 <ano>1988</ano>
 <ano/>
 <vencedor>
  <nomevencedor>Sônia Jay Wright</nomevencedor>
 </vencedor>
 <ano>1992</ano>
 <ano/>
 <vencedor>
  <nomevencedor>Tânia Neumann Kaufman</nomevencedor>
 </vencedor>
 <ano>1990</ano>
 <ano/>
 <vencedor>
  <nomevencedor>Teresa Cristina Esmeraldo Bezerra</nomevencedor>
 </vencedor>
 <ano>1992</ano>
 <ano/>
 <vencedor>
  <nomevencedor>Valcir Bispo dos Santos</nomevencedor>
 </vencedor>
 <ano>1993</ano>
 <ano>1994</ano>
 <vencedor>
  <nomevencedor>
Vânia Rocha Fialho de Paiva e Souza</nomevencedor>
 </vencedor>
 <ano>1990</ano>
 <ano/>
 <vencedor>
  <nomevencedor>Vera Lúcia de Mendonça Silva</nomevencedor>
 </vencedor>
 <ano>1992</ano>
 <ano/>
 <vencedor>
  <nomevencedor>Zuleica Dantas Pereira</nomevencedor>
 </vencedor>
 <ano>1992</ano>
 <ano/>
</ConcursoInteramerican>