<?xml version="1.0" ?>
<autores>
 <autor>
  <nome>Alba Zaluar</nome>
  <instituicao>UERJ</instituicao>
  <ano>2011</ano>
 </autor>
 <autor>
  <nome>Argelina Cheibub Figueiredo</nome>
  <instituicao>IESP-UERJ</instituicao>
  <ano>2014</ano>
 </autor>
 <autor>
  <nome>Claudia Lee Fonseca</nome>
  <instituicao>UFRGS</instituicao>
  <ano>2012</ano>
 </autor>
 <autor>
  <nome>Elide Rugai Bastos</nome>
  <instituicao>UNICAMP</instituicao>
  <ano>2007</ano>
 </autor>
 <autor>
  <nome>Elisa Reis</nome>
  <instituicao>UFRJ</instituicao>
  <ano>2005</ano>
 </autor>
 <autor>
  <nome>Fabio Wanderlei Reis</nome>
  <instituicao>UFMG</instituicao>
  <ano>2009</ano>
 </autor>
 <autor>
  <nome>Francisco de Oliveira</nome>
  <instituicao>USP</instituicao>
  <ano>2012</ano>
 </autor>
 <autor>
  <nome>Francisco Weffort</nome>
  <instituicao>USP</instituicao>
  <ano>2010</ano>
 </autor>
 <autor>
  <nome>Gabriel Cohn</nome>
  <instituicao>USP</instituicao>
  <ano>2008</ano>
 </autor>
 <autor>
  <nome>Gilberto Velho</nome>
  <instituicao>UFRJ</instituicao>
  <ano>2008</ano>
 </autor>
 <autor>
  <nome>Gláucio Ary Dillon Soares</nome>
  <instituicao>IUPERJ</instituicao>
  <ano>2005</ano>
 </autor>
 <autor>
  <nome>João Pacheco de Oliveira</nome>
  <instituicao>MN/UFRJ</instituicao>
  <ano>2010</ano>
 </autor>
 <autor>
  <nome>José de Souza Martins</nome>
  <instituicao>USP</instituicao>
  <ano>2009</ano>
 </autor>
 <autor>
  <nome>José Guilherme Magnani</nome>
  <instituicao>USP</instituicao>
  <ano>2015</ano>
 </autor>
 <autor>
  <nome>José Murilo de Carvalho</nome>
  <instituicao>UFRJ</instituicao>
  <ano>2013</ano>
 </autor>
 <autor>
  <nome>José Sergio Leite Lopes</nome>
  <instituicao>MN/UFRJ</instituicao>
  <ano>2014</ano>
 </autor>
 <autor>
  <nome>Juarez Brandão Lopes</nome>
  <instituicao>USP/UNICAMP</instituicao>
  <ano>2006</ano>
 </autor>
 <autor>
  <nome>Leôncio Martins Rodrigues</nome>
  <instituicao>UNICAMP/ USP</instituicao>
  <ano>2007</ano>
 </autor>
 <autor>
  <nome>Licia do Prado Valladares</nome>
  <instituicao>Univ. Lille</instituicao>
  <ano>2010</ano>
 </autor>
 <autor>
  <nome>Luis Roberto Cardoso de Oliveira</nome>
  <instituicao>UnB</instituicao>
  <ano>2014</ano>
 </autor>
 <autor>
  <nome>Luiz Werneck Vianna</nome>
  <instituicao>PUC-Rio</instituicao>
  <ano>2012</ano>
 </autor>
 <autor>
  <nome>Maria Tereza Sadek</nome>
  <instituicao>USP</instituicao>
  <ano>2015</ano>
 </autor>
 <autor>
  <nome>Mariza Corrêa</nome>
  <instituicao>UNICAMP</instituicao>
  <ano>2006</ano>
 </autor>
 <autor>
  <nome>Otávio Velho</nome>
  <instituicao>UFRJ</instituicao>
  <ano>2010</ano>
 </autor>
 <autor>
  <nome>Paulo Henrique Martins</nome>
  <instituicao>UFPE</instituicao>
  <ano>2015</ano>
 </autor>
 <autor>
  <nome>Renato Ortiz</nome>
  <instituicao>UNICAMP</instituicao>
  <ano>2009</ano>
 </autor>
 <autor>
  <nome>Roberto Cardoso de Oliveira</nome>
  <instituicao>UnB/ UNICAMP</instituicao>
  <ano>2005</ano>
 </autor>
 <autor>
  <nome>Roque de Barros Laraia</nome>
  <instituicao>UnB/ UCG</instituicao>
  <ano>2007</ano>
 </autor>
 <autor>
  <nome>Ruben George Oliven</nome>
  <instituicao>UFRGS</instituicao>
  <ano>2013</ano>
 </autor>
 <autor>
  <nome>Sérgio Adorno</nome>
  <instituicao>USP</instituicao>
  <ano>2013</ano>
 </autor>
 <autor>
  <nome>Sergio Miceli</nome>
  <instituicao>USP</instituicao>
  <ano>2005</ano>
 </autor>
 <autor>
  <nome>Silke Weber</nome>
  <instituicao>UFPE</instituicao>
  <ano>2011</ano>
 </autor>
 <autor>
  <nome>Sonia de Camargo</nome>
  <instituicao>PUC-Rio</instituicao>
  <ano>2011</ano>
 </autor>
 <autor>
  <nome>Wanderley Guilherme dos Santos</nome>
  <instituicao>IUPERJ</instituicao>
  <ano>2006</ano>
 </autor>
</autores>