<?xml version="1.0" ?>
<grupos>
 <grupo>
  <nome>A cidade nas ciências sociais: teoria, pesquisa e contexto</nome>
  <ano>2008</ano>
  <ano>2009</ano>
  <participante>
   Heitor Frúgoli Junior
   <instituicao>USP</instituicao>
  </participante>
  <participante>
   Laura Graziela Figueiredo Fernandes Gomes
   <instituicao>UFF</instituicao>
  </participante>
 </grupo>
 <grupo>
  <nome>A metrópole e a questão social</nome>
  <ano>2008</ano>
  <ano>2009</ano>
  <participante>
   Maria do Livramento Miranda Clementino
   <instituicao>UFRN</instituicao>
  </participante>
  <participante>
   Orlando Alves dos Santos Junior
   <instituicao>UFRJ</instituicao>
  </participante>
 </grupo>
 <grupo>
  <nome>A Produção, a Leitura-Recepção e os Usos da Imagem em Ciências Sociais</nome>
  <ano>2002</ano>
  <ano>2003</ano>
  <participante>
   Carmen Silvia de Moraes Rial
   <instituicao>UFSC</instituicao>
  </participante>
  <participante>
   Sylvia Caiuby Novaes
   <instituicao>USP</instituicao>
  </participante>
 </grupo>
 <grupo>
  <nome>A Questão Regional e o Brasil</nome>
  <ano>1982</ano>
  <ano>1983</ano>
  <ano>1984</ano>
  <ano>1985</ano>
  <participante>André Haguette</participante>
  <participante>Rosa Maria Godoy da Silva</participante>
 </grupo>
 <grupo>
  <nome>Ação coletiva, movimentos sociais e políticas públicas</nome>
  <ano>2011</ano>
  <ano>2012</ano>
  <participante>
   Aline Bonetti
   <instituicao>UFBA</instituicao>
  </participante>
  <participante>
   Marcelo Kunrath
   <instituicao>UFRGS</instituicao>
  </participante>
 </grupo>
 <grupo>
  <nome>Administração de conflitos em perspectiva comparada</nome>
  <ano>2014</ano>
  <ano>2015</ano>
  <participante>
   Jacqueline Sinhoretto
   <instituicao>UFSCar</instituicao>
  </participante>
  <participante>
   Roberto Kant de Lima
   <instituicao>UFF</instituicao>
  </participante>
 </grupo>
 <grupo>
  <nome>América do Sul e regionalismos comparados</nome>
  <ano>2008</ano>
  <ano>2009</ano>
  <participante>
   Andrea Ribeiro Hoffmann
   <instituicao>PUC/Rio</instituicao>
  </participante>
  <participante>
   Marcelo James Vasconcelos Coutinho
   <instituicao>IUPERJ</instituicao>
  </participante>
 </grupo>
 <grupo>
  <nome>Arte e Cultura nas Sociedades Contemporâneas</nome>
  <ano>2014</ano>
  <ano>2015</ano>
  <participante>
   Ana Paula Simioni
   <instituicao>USP</instituicao>
  </participante>
  <participante>
   Edson Silva Farias
   <instituicao>UnB</instituicao>
  </participante>
 </grupo>
 <grupo>
  <nome>As classes sociais no Brasil contemporâneo</nome>
  <ano>2014</ano>
  <ano>2015</ano>
  <participante>
   Carlos Sávio Teixeira
   <instituicao>UFF</instituicao>
  </participante>
  <participante>
   Jessé Souza
   <instituicao>UFJF</instituicao>
  </participante>
 </grupo>
 <grupo>
  <nome>Biografia e Memória Social</nome>
  <ano>1998</ano>
  <ano>1999</ano>
  <ano>2000</ano>
  <participante>
   Dulce Pandolfi
   <instituicao>FGV/ RJ</instituicao>
  </participante>
  <participante>
   Regina Novaes
   <instituicao>UFRJ</instituicao>
  </participante>
 </grupo>
 <grupo>
  <nome>Ciberpolítica, ciberativismo e cibercultura</nome>
  <ano>2011</ano>
  <ano>2012</ano>
  <ano>2014</ano>
  <ano>2015</ano>
  <participante>
   Sérgio Amadeu da Silveira
   <instituicao>UFABC</instituicao>
  </participante>
  <participante>
   Sérgio Soares Braga
   <instituicao>UFPR</instituicao>
  </participante>
 </grupo>
 <grupo>
  <nome>Cidadania, Conflito e Transformações Urbanas</nome>
  <ano>1994</ano>
  <ano>1995</ano>
  <ano>1996</ano>
  <participante>
   Ana Maria Doimo
   <instituicao>UFES</instituicao>
  </participante>
  <participante>
   Elimar Pinheiro do Nascimento
   <instituicao>UnB</instituicao>
  </participante>
  <participante>
   Inaiá Maria Moreira de Carvalho
   <instituicao>UFBA</instituicao>
  </participante>
  <participante>
   Luiz Antonio Machado da Silva
   <instituicao>UFRJ</instituicao>
  </participante>
 </grupo>
 <grupo>
  <nome>Cidade e Metropolização</nome>
  <ano>1998</ano>
  <ano>2000</ano>
  <participante>
   Lucia Maria Machado Bógus
   <instituicao>PUC-SP</instituicao>
  </participante>
  <participante>
   Luiz César de Queiroz Ribeiro
   <instituicao>UFRJ</instituicao>
  </participante>
 </grupo>
 <grupo>
  <nome>Cidade, Metropolização e Governança Urbana</nome>
  <ano>2002</ano>
  <ano>2003</ano>
  <participante>
   Sergio de Azevedo
   <instituicao>UENF</instituicao>
  </participante>
 </grupo>
 <grupo>
  <nome>Cidades: sociabilidades, cultura, participação e gestão</nome>
  <ano>2005</ano>
  <ano>2006</ano>
  <participante>
   Maria da Glória Marcondes Gohn
   <instituicao>UNICAMP</instituicao>
  </participante>
  <participante>
   Maria do Livramento M. Clementino
   <instituicao>UFRN</instituicao>
  </participante>
  <participante>novos ambientes da produção e do uso do conhecimento</participante>
 </grupo>
 <grupo>
  <nome/>
  <ano>2014</ano>
  <ano>2015</ano>
  <participante>
   Maria Conceição da Costa
   <instituicao>UNICAMP</instituicao>
  </participante>
  <participante>
   Maria Helena de Magalhães Castro
   <instituicao>UFRJ</instituicao>
  </participante>
 </grupo>
 <grupo>
  <nome>Classe Operária e Sindicalismo</nome>
  <ano>1985</ano>
  <ano>1986</ano>
  <ano>1987</ano>
  <ano>1988</ano>
  <ano>1989</ano>
  <ano>1991</ano>
  <ano>1992</ano>
  <participante>
   Armando Boito Jr.
   <instituicao>UNICAMP</instituicao>
  </participante>
  <participante>Ingrid Sarti</participante>
  <participante>Laís Wendel Abramo</participante>
  <participante>
   Leôncio Martins Rodrigues
   <instituicao>UNICAMP</instituicao>
  </participante>
  <participante>Lucília de Almeida Neves Delgado</participante>
  <participante>Marcia de Paula Leite</participante>
  <participante>Roque Aparecido da Silva</participante>
 </grupo>
 <grupo>
  <nome>Comportamento político</nome>
  <ano>2011</ano>
  <ano>2012</ano>
  <participante>
   Lucio Remuzat Rennó Junior
   <instituicao>UnB</instituicao>
  </participante>
  <participante>
   Mario Fuks
   <instituicao>UFMG</instituicao>
  </participante>
 </grupo>
 <grupo>
  <nome>Comportamento Político e Opinião Pública</nome>
  <ano>2014</ano>
  <ano>2015</ano>
  <participante>
   Mario Fuks
   <instituicao>UFMG</instituicao>
  </participante>
  <participante>
   Mathieu Turgeon
   <instituicao>UnB</instituicao>
  </participante>
 </grupo>
 <grupo>
  <nome>Conflitos ambientais, Estado e ideologia do desenvolvimento: mediação e luta por direitos</nome>
  <ano>2014</ano>
  <ano>2015</ano>
  <participante>
   Cleyton Henrique Gerhardt
   <instituicao>UFRGS</instituicao>
  </participante>
  <participante>
   Neide Esterci
   <instituicao>UFRJ</instituicao>
  </participante>
 </grupo>
 <grupo>
  <nome>Conflitos ambientais, processos de territorialização e identidades sociais</nome>
  <ano>2008</ano>
  <ano>2009</ano>
  <participante>
   Eliane Cantarino O’Dwyer
   <instituicao>UFF</instituicao>
  </participante>
  <participante>
   Flávia Maria Galizoni
   <instituicao>UFVJM</instituicao>
  </participante>
 </grupo>
 <grupo>
  <nome>Conflitos ambientais, terra e território: estratégias de resistência e construção de direitos</nome>
  <ano>2011</ano>
  <ano>2012</ano>
  <participante>
   Eder Jurandir Carneiro
   <instituicao>UFSJ</instituicao>
  </participante>
  <participante>
   Horácio Antunes de Sant’Ana Júnior
   <instituicao>UFMA</instituicao>
  </participante>
 </grupo>
 <grupo>
  <nome>Conflitos sociais e meio ambiente</nome>
  <ano>2005</ano>
  <ano>2006</ano>
  <participante>
   Andréa M. Zhouri
   <instituicao>UFMG</instituicao>
  </participante>
  <participante>
   Eder Jurandir Carneiro
   <instituicao>UFSJ</instituicao>
  </participante>
  <participante>
   Henri Acselrad
   <instituicao>UFRJ</instituicao>
  </participante>
 </grupo>
 <grupo>
  <nome>Conflitualidade social, administração da justiça e segurança pública</nome>
  <ano>2008</ano>
  <ano>2009</ano>
  <participante>
   Roberto Kant de Lima
   <instituicao>UFF</instituicao>
  </participante>
  <participante>
   Rodrigo Ghiringhelli de Azevedo
   <instituicao>PUC/RS</instituicao>
  </participante>
 </grupo>
 <grupo>
  <nome>Controles Democráticos e Cidadania</nome>
  <ano>2002</ano>
  <ano>2003</ano>
  <participante>
   Claudio Gonçalves Couto
   <instituicao>PUC-SP</instituicao>
  </participante>
  <participante>
   Fernando Lattman-Weltman
   <instituicao>FGV-RJ</instituicao>
  </participante>
  <participante>atores, instituições, dinâmicas e resultados</participante>
 </grupo>
 <grupo>
  <nome/>
  <ano>2014</ano>
  <ano>2015</ano>
  <participante>
   Fernando Luiz Abrucio
   <instituicao>FGV-SP</instituicao>
  </participante>
  <participante>
   Lígia Helena Hahn Lüchmann
   <instituicao>UFSC</instituicao>
  </participante>
 </grupo>
 <grupo>
  <nome>Controles democráticos e instituições políticas</nome>
  <ano>2008</ano>
  <ano>2009</ano>
  <participante>
   Bruno Pinheiro Wanderley Reis
   <instituicao>UFMG</instituicao>
  </participante>
  <participante>
   Rogério Bastos Arantes
   <instituicao>PUC/SP</instituicao>
  </participante>
 </grupo>
 <grupo>
  <nome>Controles democráticos e legitimidade</nome>
  <ano>2011</ano>
  <ano>2012</ano>
  <participante>
   Adrian Gurza Lavalle
   <instituicao>USP</instituicao>
  </participante>
  <participante>
   Paulo Mesquita d’Avila Filho
   <instituicao>PUC/RIO</instituicao>
  </participante>
 </grupo>
 <grupo>
  <nome>Corpo, Biotecnologia e Saúde</nome>
  <ano>2005</ano>
  <ano>2006</ano>
  <participante>
   Ceres Gomes Victora
   <instituicao>UFRGS</instituicao>
  </participante>
  <participante>
   Cynthia Andersen Sarti
   <instituicao>UNIFESP</instituicao>
  </participante>
  <participante>
   Jane Araujo Russo
   <instituicao>UERJ</instituicao>
  </participante>
 </grupo>
 <grupo>
  <nome>Corpo, biotecnologia e subjetividade</nome>
  <ano>2008</ano>
  <ano>2009</ano>
  <participante>
   Cynthia Andersen Sarti
   <instituicao>UNIFESP</instituicao>
  </participante>
  <participante>
   Jane Araujo Russo
   <instituicao>UERJ</instituicao>
  </participante>
 </grupo>
 <grupo>
  <nome>Crime, violência e punição</nome>
  <ano>2008</ano>
  <ano>2009</ano>
  <participante>
   Michel Misse
   <instituicao>UFRJ</instituicao>
  </participante>
  <participante>
   Sergio Adorno
   <instituicao>USP</instituicao>
  </participante>
 </grupo>
 <grupo>
  <nome>Cultura brasileira: modos e estilos de vida</nome>
  <ano>2008</ano>
  <ano>2009</ano>
  <participante>
   Debora Krischke Leitão
   <instituicao>UEL</instituicao>
  </participante>
  <participante>
   Maria Eunice de Souza Maciel
   <instituicao>UFRGS</instituicao>
  </participante>
 </grupo>
 <grupo>
  <nome>Cultura e Política</nome>
  <ano>1994</ano>
  <ano>1995</ano>
  <ano>1996</ano>
  <participante>
   Gilberto Velho
   <instituicao>UFRJ</instituicao>
  </participante>
  <participante>
   Irlys Alencar F. Barreira
   <instituicao>UFC</instituicao>
  </participante>
  <participante>
   Myriam Lins de Barros
   <instituicao>UFC</instituicao>
  </participante>
  <participante>
   Ruth Corrêa Leite Cardoso
   <instituicao>USP</instituicao>
  </participante>
 </grupo>
 <grupo>
  <nome>Cultura, Economia e Política</nome>
  <ano>2008</ano>
  <ano>2009</ano>
  <participante>
   Edson Farias
   <instituicao>UnB</instituicao>
  </participante>
  <participante>
   Maria Celeste Mira
   <instituicao>PUC-SP</instituicao>
  </participante>
 </grupo>
 <grupo>
  <nome>Cultura Popular e Ideologia Política</nome>
  <ano>1979</ano>
  <ano>1980</ano>
  <ano>1981</ano>
  <ano>1982</ano>
  <ano>1983</ano>
  <ano>1984</ano>
  <participante>Eunice Durhan</participante>
  <participante>Gilberto Velho</participante>
  <participante>Ruth Correa Leite Cardoso</participante>
 </grupo>
 <grupo>
  <nome>De cidades à cidade no Brasil: Tempos e/ou espaços</nome>
  <ano>2014</ano>
  <ano>2015</ano>
  <participante>
   Fraya Frehse
   <instituicao>USP</instituicao>
  </participante>
  <participante>
   Julia O’Donnell
   <instituicao>UFRJ</instituicao>
  </participante>
 </grupo>
 <grupo>
  <nome>Democracia, comunicação política e eleições</nome>
  <ano>2008</ano>
  <ano>2009</ano>
  <participante>
   Alessandra Aldé
   <instituicao>UERJ</instituicao>
  </participante>
  <participante>
   Antonio Jorge Fonseca de Almeida
   <instituicao>UFBA</instituicao>
  </participante>
  <participante>
   Luis Felipe Miguel
   <instituicao>UnB</instituicao>
  </participante>
 </grupo>
 <grupo>
  <nome>Democracia e desigualdades</nome>
  <ano>2014</ano>
  <ano>2015</ano>
  <participante>
   Daniel de Mendonça
   <instituicao>UFPel</instituicao>
  </participante>
  <participante>
   Luis Felipe Miguel
   <instituicao>UnB</instituicao>
  </participante>
 </grupo>
 <grupo>
  <nome>Democracia na América Latina: política, cultura e sociedade</nome>
  <ano>2014</ano>
  <ano>2015</ano>
  <participante>
   Thiago Moreira de Souza
   <instituicao>UFF</instituicao>
  </participante>
  <participante>
   Wagner de Melo Romão
   <instituicao>UNICAMP</instituicao>
  </participante>
 </grupo>
 <grupo>
  <nome>Desafios e dimensões contemporâneas do desenvolvimento</nome>
  <ano>2008</ano>
  <ano>2009</ano>
  <participante>
   Eduardo Antonio Salomão Condé
   <instituicao>UFJF</instituicao>
  </participante>
  <participante>
   Wagner Pralon Mancuso
   <instituicao>USP</instituicao>
  </participante>
 </grupo>
 <grupo>
  <nome>Desenvolvimento: caminhos e descaminhos de um debate contemporâneo</nome>
  <ano>2014</ano>
  <ano>2015</ano>
  <participante>
   Eduardo Condé
   <instituicao>UFJF</instituicao>
  </participante>
  <participante>
   Francisco Fonseca
   <instituicao>FGV-SP</instituicao>
  </participante>
 </grupo>
 <grupo>
  <nome>Desenvolvimento, democracia e instituições</nome>
  <ano>2005</ano>
  <ano>2006</ano>
  <participante>
   Eduardo Condé
   <instituicao>UFJF</instituicao>
  </participante>
  <participante>
   Eli Roque Diniz
   <instituicao>UFRJ</instituicao>
  </participante>
  <participante>
   Jorge Ruben Biton Tapia
   <instituicao>UNICAMP</instituicao>
  </participante>
  <participante>
   Maria Antonieta Parahyba Leopoldi
   <instituicao>UFF</instituicao>
  </participante>
  <participante>
   Ruben Tapia
   <instituicao>UNICAMP</instituicao>
  </participante>
  <participante>Desenvolvimento em perspectiva – teorias, desenvolvimentos e projetos políticos</participante>
 </grupo>
 <grupo>
  <nome/>
  <ano>2011</ano>
  <ano>2012</ano>
  <participante>
   Eduardo Condé
   <instituicao>UFJF</instituicao>
  </participante>
  <participante>
   Francisco Fonseca
   <instituicao>FGV/SP</instituicao>
  </participante>
 </grupo>
 <grupo>
  <nome>Desigualdades: dimensões e evoluções recentes</nome>
  <ano>2008</ano>
  <ano>2009</ano>
  <participante>
   Luiz Inácio Germany Gaiger
   <instituicao>UNISINOS</instituicao>
  </participante>
  <participante>
   Maria Celi Ramos da Cruz Scalon
   <instituicao>UFRJ</instituicao>
  </participante>
 </grupo>
 <grupo>
  <nome>Desigualdade e estratificação social</nome>
  <ano>2011</ano>
  <ano>2012</ano>
  <participante>
   Danielle Fernandes
   <instituicao>UFMG</instituicao>
  </participante>
  <participante>
   Diogo Helal
   <instituicao>FUNDAJ</instituicao>
  </participante>
 </grupo>
 <grupo>
  <nome>Desigualdades: produção e reprodução</nome>
  <ano>2008</ano>
  <ano>2009</ano>
  <participante>
   Antonio David Cattani
   <instituicao>UFRGS</instituicao>
  </participante>
  <participante>
   Felícia Silva Picanço
   <instituicao>UERJ</instituicao>
  </participante>
 </grupo>
 <grupo>
  <nome>Dilemas da modernidade periférica</nome>
  <ano>2008</ano>
  <ano>2009</ano>
  <participante>
   Jessé José Freire de Souza
   <instituicao>UFJF</instituicao>
  </participante>
  <participante>
   Milton Lahuerta
   <instituicao>UNESP</instituicao>
  </participante>
 </grupo>
 <grupo>
  <nome>Dilemas da modernização periférica</nome>
  <ano>2005</ano>
  <ano>2006</ano>
  <participante>
   Jessé Souza
   <instituicao>UENF</instituicao>
  </participante>
  <participante>
   Marco Aurélio Nogueira
   <instituicao>UNESP</instituicao>
  </participante>
 </grupo>
 <grupo>
  <nome>Dimensões do urbano: tempo e escalas em composição</nome>
  <ano>2011</ano>
  <ano>2012</ano>
  <participante>
   Cristina Patriota de Moura
   <instituicao>UnB</instituicao>
  </participante>
  <participante>
   Mariana Cavalcanti
   <instituicao>FGV-RJ</instituicao>
  </participante>
 </grupo>
 <grupo>
  <nome>Direito e Sociedade</nome>
  <ano>1979</ano>
  <ano>1980</ano>
  <ano>1981</ano>
  <ano>1982</ano>
  <ano>1983</ano>
  <ano>1984</ano>
  <ano>1985</ano>
  <ano>1986</ano>
  <ano>1987</ano>
  <ano>1988</ano>
  <ano>1989</ano>
  <participante>Eliane Junqueira</participante>
  <participante>Joaquim de Arruda Falcão</participante>
  <participante>
   José Eduardo Campos de Oliveira Faria
   <instituicao>USP</instituicao>
  </participante>
  <participante>José Ribas Vieira</participante>
  <participante>Luciano Oliveira</participante>
 </grupo>
 <grupo>
  <nome>Direitos, Identidades e Ordem pública</nome>
  <ano>1994</ano>
  <ano>1995</ano>
  <ano>1996</ano>
  <participante>
   Amélia Cohn
   <instituicao>USP</instituicao>
  </participante>
  <participante>
   César Caldeira
   <instituicao>UNIRIO</instituicao>
  </participante>
  <participante>
   Maria Célia Paoli
   <instituicao>USP</instituicao>
  </participante>
  <participante>
   Sérgio Adorno
   <instituicao>USP</instituicao>
  </participante>
 </grupo>
 <grupo>
  <nome>Do ponto de vista das crianças: pesquisas recentes em ciências sociais</nome>
  <ano>2008</ano>
  <ano>2009</ano>
  <participante>
   Clarice Cohn
   <instituicao>UFSCAR</instituicao>
  </participante>
  <participante>
   Antonella Maria Imperatriz Tassinari
   <instituicao>UFSC</instituicao>
  </participante>
 </grupo>
 <grupo>
  <nome>Ecologia e Sociedade</nome>
  <ano>1994</ano>
  <ano>1996</ano>
  <participante>
   Eduardo Viola
   <instituicao>UnB</instituicao>
  </participante>
  <participante>
   Hector Leis
   <instituicao>UFSC</instituicao>
  </participante>
  <participante>
   Leila da Costa Ferreira
   <instituicao>UNICAMP</instituicao>
  </participante>
  <participante>
   Pedro Jacobi
   <instituicao>USP</instituicao>
  </participante>
 </grupo>
 <grupo>
  <nome>Ecologia, Política e Sociedade</nome>
  <ano>1988</ano>
  <ano>1989</ano>
  <ano>1991</ano>
  <ano>1992</ano>
  <participante>
   Daniel Joseph Hogan
   <instituicao>UNICAMP</instituicao>
  </participante>
  <participante>
   Eduardo Viola
   <instituicao>UFSC</instituicao>
  </participante>
  <participante>
   Paulo Henrique Freire Vieira
   <instituicao>UFSC</instituicao>
  </participante>
 </grupo>
 <grupo>
  <nome>Economia e Política</nome>
  <ano>1988</ano>
  <participante>Luis Aureliano Gama de Andrade</participante>
  <participante>
   Lourdes Sola
   <instituicao>CEBRAP</instituicao>
  </participante>
 </grupo>
 <grupo>
  <nome>Educação e Sociedade</nome>
  <ano>1982</ano>
  <ano>1983</ano>
  <ano>1984</ano>
  <ano>1985</ano>
  <ano>1986</ano>
  <ano>1987</ano>
  <ano>1988</ano>
  <ano>1989</ano>
  <ano>1991</ano>
  <ano>1992</ano>
  <ano>1994</ano>
  <ano>1995</ano>
  <ano>1996</ano>
  <ano>1998</ano>
  <ano>1999</ano>
  <ano>2000</ano>
  <ano>2002</ano>
  <ano>2003</ano>
  <ano>2005</ano>
  <ano>2006</ano>
  <ano>2008</ano>
  <ano>2009</ano>
  <ano>2011</ano>
  <ano>2012</ano>
  <participante>
   Ana Maria F. Almeida
   <instituicao>UNICAMP</instituicao>
  </participante>
  <participante>Aparecida Joly Gouveia</participante>
  <participante>
   Arabela Campos Oliven
   <instituicao>UFRGS</instituicao>
  </participante>
  <participante>
   Carlos Benedito Martins
   <instituicao>UnB</instituicao>
  </participante>
  <participante>
   Clarissa Eckert Baeta Neves
   <instituicao>UFRGS</instituicao>
  </participante>
  <participante>
   Fernanda Antônia da Fonseca Sobral
   <instituicao>UnB</instituicao>
  </participante>
  <participante>
   Maria Ligia de Oliveira Barbosa
   <instituicao>UFRJ</instituicao>
  </participante>
  <participante>
   Zelia de Brito Fabri Demartini
   <instituicao>UNICAMP/ CERU</instituicao>
  </participante>
 </grupo>
 <grupo>
  <nome>Elites e Espaços de Poder</nome>
  <ano>2014</ano>
  <ano>2015</ano>
  <participante>
   Adriano Nervo Codato
   <instituicao>UFPR</instituicao>
  </participante>
  <participante>
   Ernesto Seidl
   <instituicao>UFSC</instituicao>
  </participante>
 </grupo>
 <grupo>
  <nome>Esporte e sociedade</nome>
  <ano>2011</ano>
  <ano>2012</ano>
  <participante>
   Arlei Sander Damo
   <instituicao>UFRGS</instituicao>
  </participante>
  <participante>
   Josimar Jorge Ventura de Morais
   <instituicao>UFPE</instituicao>
  </participante>
 </grupo>
 <grupo>
  <nome>Elites e instituições políticas</nome>
  <ano>2008</ano>
  <ano>2009</ano>
  <participante>
   Miguel Serna
   <instituicao>UDELAR</instituicao>
  </participante>
  <participante>
   Renato Monseff Perissinotto
   <instituicao>UFPR</instituicao>
  </participante>
 </grupo>
 <grupo>
  <nome>Elites Políticas</nome>
  <ano>1979</ano>
  <ano>1980</ano>
  <ano>1981</ano>
  <ano>1982</ano>
  <ano>1983</ano>
  <ano>1984</ano>
  <ano>1985</ano>
  <ano>1986</ano>
  <ano>1987</ano>
  <ano>1988</ano>
  <ano>1989</ano>
  <ano>1991</ano>
  <ano>1992</ano>
  <ano>1994</ano>
  <ano>1995</ano>
  <ano>1996</ano>
  <participante>Aspásia Camargo</participante>
  <participante>
   Eli Diniz
   <instituicao>IUPERJ</instituicao>
  </participante>
  <participante>
   Maria Antonieta Parahyba Leopoldi
   <instituicao>UFF</instituicao>
  </participante>
  <participante>
   Renato Lessa
   <instituicao>UFF</instituicao>
  </participante>
  <participante>Sérgio Miceli</participante>
 </grupo>
 <grupo>
  <nome>Empresariado e Ação Coletiva</nome>
  <ano>2002</ano>
  <ano>2003</ano>
  <participante>
   Eli Diniz
   <instituicao>UFRJ</instituicao>
  </participante>
  <participante>
   Otavio Soares Dulci
   <instituicao>UFMG</instituicao>
  </participante>
  <participante>institucionalização e contestação nos movimentos sociais</participante>
 </grupo>
 <grupo>
  <nome>latino-americanos</nome>
  <ano>2014</ano>
  <ano>2015</ano>
  <participante>
   Marcelo Kunrath Silva
   <instituicao>UFRGS</instituicao>
  </participante>
  <participante>
   Marisa von Bulow
   <instituicao>UnB</instituicao>
  </participante>
 </grupo>
 <grupo>
  <nome>Entre fronteiras e disciplinas: estudos sobre África e Caribe</nome>
  <ano>2008</ano>
  <ano>2009</ano>
  <participante>
   Federico Neiburg
   <instituicao>UFRJ</instituicao>
  </participante>
  <participante>
   Lygia Sigaud
   <instituicao>UFRJ</instituicao>
  </participante>
  <participante>
   Omar Ribeiro Thomaz
   <instituicao>UNICAMP</instituicao>
  </participante>
 </grupo>
 <grupo>
  <nome>Esporte, Política e Cultura</nome>
  <ano>2002</ano>
  <ano>2003</ano>
  <participante>
   José Jairo Vieira
   <instituicao>UFV</instituicao>
  </participante>
  <participante>
   Ronaldo Helal
   <instituicao>UERJ</instituicao>
  </participante>
 </grupo>
 <grupo>
  <nome>Estado</nome>
  <ano>1978</ano>
 </grupo>
 <grupo>
  <nome>Estado e Agricultura</nome>
  <ano>1980</ano>
  <ano>1981</ano>
  <ano>1982</ano>
  <ano>1983</ano>
  <ano>1984</ano>
  <ano>1985</ano>
  <ano>1986</ano>
  <ano>1987</ano>
  <ano>1988</ano>
  <ano>1989</ano>
  <ano>1991</ano>
  <ano>1992</ano>
  <participante>Anita Brumer</participante>
  <participante>
   Cesar Barreira
   <instituicao>UFC</instituicao>
  </participante>
  <participante>
   Delma Pessanha Neves
   <instituicao>UFF</instituicao>
  </participante>
  <participante>
   Jorge Osvaldo Romano
   <instituicao>UFRJ</instituicao>
  </participante>
  <participante>Maria de Nazareth Baudel Wanderley</participante>
  <participante>Otávio Guilherme Velho</participante>
  <participante>Vilma Figueiredo</participante>
 </grupo>
 <grupo>
  <nome>Estado e Democracia</nome>
  <ano>1979</ano>
  <ano>1986</ano>
  <participante>Fabio Wanderley Reis</participante>
  <participante>Renato Raul Boschi</participante>
 </grupo>
 <grupo>
  <nome>Estratégias Internéticas e fronteiras identitárias</nome>
  <ano>2008</ano>
  <ano>2009</ano>
  <participante>
   João Pacheco de Oliveira Filho
   <instituicao>UFRJ</instituicao>
  </participante>
  <participante>
   John Manuel Monteiro
   <instituicao>UNICAMP</instituicao>
  </participante>
 </grupo>
 <grupo>
  <nome>Estratificação e Mobilidade Social</nome>
  <ano>2002</ano>
  <ano>2003</ano>
  <participante>
   Carlos Antonio Costa Ribeiro
   <instituicao>UERJ</instituicao>
  </participante>
 </grupo>
 <grupo>
  <nome>Estrutura Social e Desigualdade</nome>
  <ano>1998</ano>
  <ano>1999</ano>
  <ano>2000</ano>
  <participante>
   Célia de Andrade Lessa
   <instituicao>UFF</instituicao>
  </participante>
  <participante>
   Ricardo Paes de Barros
   <instituicao>IPEA</instituicao>
  </participante>
 </grupo>
 <grupo>
  <nome>Estudos Legislativos</nome>
  <ano>1983</ano>
  <ano>1984</ano>
  <ano>1985</ano>
  <ano>2002</ano>
  <ano>2003</ano>
  <ano>2005</ano>
  <ano>2006</ano>
  <ano>2008</ano>
  <ano>2009</ano>
  <ano>2011</ano>
  <ano>2012</ano>
  <participante>
   André Marenco,
   <instituicao>UFRGS</instituicao>
  </participante>
  <participante>
   Carlos Ranulfo Melo
   <instituicao>UFMG</instituicao>
  </participante>
  <participante>
   David Fleischer
   <instituicao>UnB</instituicao>
  </participante>
  <participante>
   Fabiano Santos
   <instituicao>IUPERJ</instituicao>
  </participante>
  <participante>
   Lucio Remuzat Rennó Junior
   <instituicao>UnB</instituicao>
  </participante>
  <participante>
   Luís Gustavo Mello Grohmann
   <instituicao>UFRGS</instituicao>
  </participante>
  <participante>
   Magna Maria Inácio
   <instituicao>UFMG</instituicao>
  </participante>
  <participante>
   Maria de Fatima J. Anastasia
   <instituicao>UFMG</instituicao>
  </participante>
  <participante>
   Paolo Ricci
   <instituicao>USP</instituicao>
  </participante>
 </grupo>
 <grupo>
  <nome>Estudos rurais e etnologia indígena: diálogos e intersecções</nome>
  <ano>2011</ano>
  <ano>2012</ano>
  <participante>
   Emília Pietrafesa de Godoi
   <instituicao>UNICAMP</instituicao>
  </participante>
  <participante>
   Maria Rosário Carvalho
   <instituicao>UFBA</instituicao>
  </participante>
 </grupo>
 <grupo>
  <nome>Estudos sobre Estados Unidos</nome>
  <ano>2011</ano>
  <ano>2012</ano>
  <participante>
   Matias Spektor
   <instituicao>FGV/RJ</instituicao>
  </participante>
  <participante>
   Sebastião Velasco e Cruz
   <instituicao>INCT-INEU</instituicao>
  </participante>
 </grupo>
 <grupo>
  <nome>Estudos Urbanos</nome>
  <ano>1987</ano>
  <ano>1988</ano>
  <ano>1989</ano>
  <ano>1991</ano>
  <ano>1992</ano>
  <ano>1994</ano>
  <ano>1995</ano>
  <ano>1996</ano>
  <participante>
   Berenice Martins Guimarães
   <instituicao>UFMG</instituicao>
  </participante>
  <participante>Flávio Saliba Cunha</participante>
  <participante>Licia Valladares</participante>
  <participante>
   Lúcia Bógus
   <instituicao>PUC/SP</instituicao>
  </participante>
  <participante>
   Luiz Cesar de Queiroz Ribeiro
   <instituicao>UFRJ</instituicao>
  </participante>
  <participante>
   Maria da Gloria Gohn
   <instituicao>UNICAMP</instituicao>
  </participante>
  <participante>
   Suzana Pasternak Taschner
   <instituicao>USP</instituicao>
  </participante>
  <participante>
   Tamara Benakouche
   <instituicao>UFSC</instituicao>
  </participante>
  <participante>
   Tamara Tânia Cohen Egler
   <instituicao>UFRJ</instituicao>
  </participante>
 </grupo>
 <grupo>
  <nome>Estudos Urbanos: Representações e Políticas Públicas</nome>
  <ano>1981</ano>
  <ano>1982</ano>
  <ano>1983</ano>
  <ano>1984</ano>
  <ano>1985</ano>
  <ano>1986</ano>
  <participante>Flávio Saliba Cunha</participante>
  <participante>
   Sergio de Azevedo
   <instituicao>UFMG</instituicao>
  </participante>
 </grupo>
 <grupo>
  <nome>Etnografando o fazer científico</nome>
  <ano>2008</ano>
  <participante>
   Daniela Riva Knauth
   <instituicao>UFRGS</instituicao>
  </participante>
  <participante>
   Ednalva Maciel Neves
   <instituicao>UFMA</instituicao>
  </participante>
 </grupo>
 <grupo>
  <nome>Etnologia Indígena</nome>
  <ano>1998</ano>
  <ano>2000</ano>
  <participante>
   Denise Fajardo Grupioni
   <instituicao>USP</instituicao>
  </participante>
  <participante>
   Dominique Tilkin Gallois
   <instituicao>USP</instituicao>
  </participante>
 </grupo>
 <grupo>
  <nome>Família e Sociedade</nome>
  <ano>1981</ano>
  <ano>1982</ano>
  <ano>1983</ano>
  <ano>1984</ano>
  <ano>1985</ano>
  <ano>1986</ano>
  <ano>1987</ano>
  <ano>1988</ano>
  <ano>1989</ano>
  <ano>1991</ano>
  <ano>1992</ano>
  <ano>1994</ano>
  <ano>1995</ano>
  <ano>1996</ano>
  <ano>1998</ano>
  <ano>2000</ano>
  <participante>Elisabete Dória Bilac</participante>
  <participante>
   Lia Freitas Garcia Fukui
   <instituicao>CERU/USP</instituicao>
  </participante>
  <participante>
   Maria Cristina A. Bruschini
   <instituicao>Fundação Carlos Chagas</instituicao>
  </participante>
  <participante>
   Maria Lygia Quartim de Moares
   <instituicao>UNICAMP</instituicao>
  </participante>
  <participante>Mariza Corrêa</participante>
  <participante>
   Russell Parry Scott
   <instituicao>UFPE</instituicao>
  </participante>
  <participante>configurações, gerações e articulações em contexto de desigualdade</participante>
 </grupo>
 <grupo>
  <nome/>
  <ano>2014</ano>
  <ano>2015</ano>
  <participante>
   Felícia Silva Picanço
   <instituicao>UFRJ</instituicao>
  </participante>
  <participante>
   Jurema Gorski Brites
   <instituicao>UFSM</instituicao>
  </participante>
  <participante>o impacto do dinheiro sobre os partidos, eleições,</participante>
 </grupo>
 <grupo>
  <nome>candidatos e representantes</nome>
  <ano>2011</ano>
  <ano>2012</ano>
  <participante>
   Bruno Wilhelm Speck
   <instituicao>UNICAMP</instituicao>
  </participante>
  <participante>
   Wagner Pralon Mancuso
   <instituicao>USP</instituicao>
  </participante>
 </grupo>
 <grupo>
  <nome>Financiamento do Sistema Partidário e Eleitoral nas Democracias Contemporâneas</nome>
  <ano>2014</ano>
  <ano>2015</ano>
  <participante>
   Emerson Urizzi Cervi
   <instituicao>UFPR</instituicao>
  </participante>
  <participante>
   Manoel Santos
   <instituicao>UFMG</instituicao>
  </participante>
  <participante>
   Mauro Macedo Campos
   <instituicao>UENF</instituicao>
  </participante>
 </grupo>
 <grupo>
  <nome>Forças Armadas, Estado e Sociedade</nome>
  <ano>1984</ano>
  <ano>1998</ano>
  <ano>1991</ano>
  <ano>1992</ano>
  <ano>1994</ano>
  <ano>1995</ano>
  <ano>1996</ano>
  <ano>2005</ano>
  <ano>2006</ano>
  <ano>2008</ano>
  <ano>2009</ano>
  <ano>2011</ano>
  <ano>2012</ano>
  <participante>
   Adriana Barreto de Souza
   <instituicao>UFRRJ</instituicao>
  </participante>
  <participante>
   Antonio Jorge Ramalho da Rocha
   <instituicao>UnB</instituicao>
  </participante>
  <participante>
   Celso Corrêa Castro Pinto de Castro
   <instituicao>FGV-RJ</instituicao>
  </participante>
  <participante>Hector Luis Saint-Pierre</participante>
  <participante>
   João Roberto Martins Filho
   <instituicao>UFSCar</instituicao>
  </participante>
  <participante>
   Jorge Zaverucha
   <instituicao>UFPE</instituicao>
  </participante>
  <participante>
   Piero de Camargo Leirner
   <instituicao>UFSCar</instituicao>
  </participante>
  <participante>
   Renato Dagnino
   <instituicao>UNICAMP</instituicao>
  </participante>
  <participante>
   René Armand Dreifuss
   <instituicao>UFMG</instituicao>
  </participante>
  <participante>
   Suzeley Kalil Mathias
   <instituicao>UNESP/ UNICAMP</instituicao>
  </participante>
 </grupo>
 <grupo>
  <nome>Gênero, deslocamentos, militâncias e democracia</nome>
  <ano>2011</ano>
  <ano>2012</ano>
  <participante>
   Elisete Schwade
   <instituicao>UFRN</instituicao>
  </participante>
  <participante>
   Miriam Pillar Grossi
   <instituicao>UFSC</instituicao>
  </participante>
 </grupo>
 <grupo>
  <nome>Gênero na contemporaneidade</nome>
  <ano>2005</ano>
  <ano>2006</ano>
  <participante>
   Lucila Scavone
   <instituicao>UNESP</instituicao>
  </participante>
  <participante>
   Luzinete Simões Minella
   <instituicao>UFSC</instituicao>
  </participante>
  <participante>
   Maria Lygia Quartim de Moraes
   <instituicao>UNICAMP</instituicao>
  </participante>
 </grupo>
 <grupo>
  <nome>Grupos dirigentes e estruturas de poder</nome>
  <ano>2011</ano>
  <ano>2012</ano>
  <participante>
   Ernesto Seidl
   <instituicao>UFS</instituicao>
  </participante>
  <participante>
   Mario Grynszpan
   <instituicao>FGV/RJ</instituicao>
  </participante>
 </grupo>
 <grupo>
  <nome>História Indígena e do Indigenismo</nome>
  <ano>1978</ano>
  <ano>1984</ano>
  <ano>1985</ano>
  <ano>1986</ano>
  <ano>1989</ano>
  <ano>1991</ano>
  <ano>1992</ano>
  <ano>1993</ano>
  <ano>1994</ano>
  <ano>1995</ano>
  <ano>1996</ano>
  <participante>
   John Manuel Monteiro
   <instituicao>UNICAMP</instituicao>
  </participante>
  <participante>Maria Manuela Carneiro da Cunha</participante>
  <participante>
   Robin M. Wright
   <instituicao>USP/ UNICAMP/ UNESP</instituicao>
  </participante>
 </grupo>
 <grupo>
  <nome>História Oral e Memória</nome>
  <ano>1994</ano>
  <ano>1995</ano>
  <ano>1996</ano>
  <participante>
   Dulce Pandolfi
   <instituicao>FGV/RJ</instituicao>
  </participante>
  <participante>
   José Sergio Leite Lopes
   <instituicao>UFRJ</instituicao>
  </participante>
  <participante>
   Marieta de Morais Ferreira
   <instituicao>FGVRJ/ UFRJ</instituicao>
  </participante>
  <participante>
   Rosilene Alvim
   <instituicao>UFRJ</instituicao>
  </participante>
 </grupo>
 <grupo>
  <nome>Instituição Militar e Ordem Social</nome>
  <ano>2014</ano>
  <ano>2015</ano>
  <participante>
   Adriana Barreto de Souza
   <instituicao>UFRRJ</instituicao>
  </participante>
  <participante>
   Maud Aurélia Chirio
   <instituicao>UFSCAR</instituicao>
  </participante>
 </grupo>
 <grupo>
  <nome>Instituições judiciais, agentes e repercussão pública</nome>
  <ano>2014</ano>
  <ano>2015</ano>
  <participante>
   Andrei Koerner
   <instituicao>UNICAMP</instituicao>
  </participante>
  <participante>
   Fabiano Engelmann
   <instituicao>UFRGS</instituicao>
  </participante>
  <participante>
   Roberto Fragale Filho
   <instituicao>UFF</instituicao>
  </participante>
 </grupo>
 <grupo>
  <nome>Instituições Políticas</nome>
  <ano>1998</ano>
  <ano>1999</ano>
  <ano>2000</ano>
  <participante>
   Renato Lessa
   <instituicao>IUPERJ</instituicao>
  </participante>
 </grupo>
 <grupo>
  <nome>Intelectuais, cultura e democracia</nome>
  <ano>2014</ano>
  <ano>2015</ano>
  <participante>
   Luiz Werneck Vianna
   <instituicao>PUC-Rio</instituicao>
  </participante>
  <participante>
   Rubem Barboza Filho
   <instituicao>UFJF</instituicao>
  </participante>
 </grupo>
 <grupo>
  <nome>Imagens e Sentidos: a produção de conhecimento nas ciências sociais</nome>
  <ano>2005</ano>
  <ano>2006</ano>
  <participante>
   Clarice Ehlers Peixoto
   <instituicao>UERJ</instituicao>
  </participante>
  <participante>
   Paulo Menezes
   <instituicao>USP</instituicao>
  </participante>
 </grupo>
 <grupo>
  <nome>Judiciário e política – teorias e debates contemporâneos</nome>
  <ano>2011</ano>
  <ano>2012</ano>
  <participante>
   Andrei Koerner
   <instituicao>UNICAMP</instituicao>
  </participante>
  <participante>
   Marcus Faro de Castro
   <instituicao>UnB</instituicao>
  </participante>
 </grupo>
 <grupo>
  <nome>Lutas Urbanas, Estado e Cidadania</nome>
  <ano>1978</ano>
  <ano>1979</ano>
  <ano>1980</ano>
  <ano>1981</ano>
  <ano>1982</ano>
  <ano>1983</ano>
  <ano>1984</ano>
  <ano>1985</ano>
  <ano>1986</ano>
  <ano>1987</ano>
  <ano>1988</ano>
  <ano>1989</ano>
  <ano>1991</ano>
  <ano>1992</ano>
  <participante>Ana Clara T. Ribeiro</participante>
  <participante>
   Edison Nunes
   <instituicao>CEDEC</instituicao>
  </participante>
  <participante>
   Ilse Scherer-Warren
   <instituicao>UFSC</instituicao>
  </participante>
  <participante>
   Inaiá Carvalho
   <instituicao>UFBA</instituicao>
  </participante>
  <participante>
   Irlys Barreira
   <instituicao>UFCe</instituicao>
  </participante>
  <participante>Lícia Valladares</participante>
  <participante>
   Luiz Antônio da Silva
   <instituicao>UFRJ</instituicao>
  </participante>
  <participante>Pedro R. Jacobi</participante>
 </grupo>
 <grupo>
  <nome>Marxismo e Ciências Sociais</nome>
  <ano>2008</ano>
  <ano>2009</ano>
  <ano>2011</ano>
  <ano>2012</ano>
  <ano>2014</ano>
  <ano>2015</ano>
  <participante>
   Armando Boito Júnior
   <instituicao>UNICAMP</instituicao>
  </participante>
  <participante>
   Gonzalo Adrián Rojas
   <instituicao>UFCG</instituicao>
  </participante>
  <participante>
   Luiz Eduardo Pereira da Motta
   <instituicao>UFRJ</instituicao>
  </participante>
  <participante>
   Marcos Tadeu Del Roio
   <instituicao>UNESP</instituicao>
  </participante>
  <participante>
   Ruy Gomes Braga Neto
   <instituicao>USP</instituicao>
  </participante>
  <participante>novas construções de sentidos e experiências de</participante>
 </grupo>
 <grupo>
  <nome>transdisciplinaridade</nome>
  <ano>2011</ano>
  <ano>2012</ano>
  <participante>
   Myrian Sepulveda dos Santos
   <instituicao>UERJ</instituicao>
  </participante>
  <participante>
   Regina Maria do Rego Monteiro de Abreu
   <instituicao>UNIRIO</instituicao>
  </participante>
 </grupo>
 <grupo>
  <nome>Metamorfoses do rural contemporâneo</nome>
  <ano>2011</ano>
  <ano>2012</ano>
  <ano>2014</ano>
  <ano>2015</ano>
  <participante>
   Flávio Sacco dos Anjos
   <instituicao>UFPel</instituicao>
  </participante>
  <participante>
   Rodrigo Constante Martins
   <instituicao>UFSCAR</instituicao>
  </participante>
 </grupo>
 <grupo>
  <nome>Métodos em Ciências Sociais</nome>
  <ano>1982</ano>
  <ano>1983</ano>
  <ano>1984</ano>
  <ano>1985</ano>
  <ano>1986</ano>
  <participante>Marcus Faria Figueiredo</participante>
  <participante>Nelson do Valle e Silva</participante>
 </grupo>
 <grupo>
  <nome>Mídia, Política e Opinião Pública</nome>
  <ano>2005</ano>
  <ano>2006</ano>
  <participante>
   Alessandra Aldé
   <instituicao>UERJ</instituicao>
  </participante>
  <participante>
   Fernando Antônio Azevedo
   <instituicao>UFSCAR</instituicao>
  </participante>
 </grupo>
 <grupo>
  <nome>Mídia e Política: Opinião Pública e Eleições</nome>
  <ano>2002</ano>
  <ano>2003</ano>
  <participante>
   Flávio Silveira
   <instituicao>PUC-RS</instituicao>
  </participante>
  <participante>
   Marcus Figueiredo
   <instituicao>IUPERJ</instituicao>
  </participante>
  <participante>
   Vera Chaia
   <instituicao>PUC-SP</instituicao>
  </participante>
 </grupo>
 <grupo>
  <nome>Mídia, Opinião Pública e Eleições</nome>
  <ano>1998</ano>
  <ano>1999</ano>
  <ano>2000</ano>
  <participante>
   Marcus Figueiredo
   <instituicao>IUPERJ</instituicao>
  </participante>
  <participante>
   Vera Chaia
   <instituicao>PUC-SP</instituicao>
  </participante>
 </grupo>
 <grupo>
  <nome>Mídia, política e eleições</nome>
  <ano>2011</ano>
  <ano>2012</ano>
  <ano>2014</ano>
  <ano>2015</ano>
  <participante>
   Fernando Lattman Weltman
   <instituicao>UERJ</instituicao>
  </participante>
  <participante>
   Flávia Biroli
   <instituicao>UnB</instituicao>
  </participante>
  <participante>
   Jorge Almeida
   <instituicao>UFBA</instituicao>
  </participante>
  <participante>
   Ricardo Fabrino Mendonça
   <instituicao>UFMG</instituicao>
  </participante>
 </grupo>
 <grupo>
  <nome>Migrações Internacionais</nome>
  <ano>1998</ano>
  <ano>1999</ano>
  <ano>2000</ano>
  <ano>2002</ano>
  <ano>2003</ano>
  <ano>2005</ano>
  <ano>2006</ano>
  <ano>2008</ano>
  <ano>2009</ano>
  <participante>
   Célia Sakurai
   <instituicao>IDESP</instituicao>
  </participante>
  <participante>
   Ethel Kosminsky
   <instituicao>UNESP/Marília</instituicao>
  </participante>
  <participante>
   Giralda Seyferth
   <instituicao>UFRJ</instituicao>
  </participante>
  <participante>
   Helion Povoa Neto
   <instituicao>UFRJ</instituicao>
  </participante>
  <participante>
   José Renato de Campos Araújo
   <instituicao>USP</instituicao>
  </participante>
  <participante>
   Oswaldo Mário Serra Truzzi
   <instituicao>UFSCAR</instituicao>
  </participante>
  <participante>
   Teresa Sales
   <instituicao>UNICAMP</instituicao>
  </participante>
  <participante>
   Zeila de Brito Fabri Demartini
   <instituicao>CERU</instituicao>
  </participante>
 </grupo>
 <grupo>
  <nome>Migrações internacionais: legislações, estados e atores sociais</nome>
  <ano>2014</ano>
  <ano>2015</ano>
  <participante>
   José Renato de Campos Araújo
   <instituicao>USP</instituicao>
  </participante>
  <participante>
   Maria Catarina Zanini
   <instituicao>UFSM</instituicao>
  </participante>
  <participante>
   Miriam Oliveira Santos
   <instituicao>UFRRJ</instituicao>
  </participante>
 </grupo>
 <grupo>
  <nome>Migrações internacionais: interações entre estados, poderes e agentes</nome>
  <ano>2011</ano>
  <ano>2012</ano>
  <participante>
   Helion Povoa Neto
   <instituicao>UFRJ</instituicao>
  </participante>
  <participante>
   Maria Catarina Chitolina Zanini
   <instituicao>UFSM</instituicao>
  </participante>
 </grupo>
 <grupo>
  <nome>Mundo em Transição: novos vértices de poder, instituições e cooperação</nome>
  <ano>2014</ano>
  <ano>2015</ano>
  <participante>
   Karina Pasquariello
   <instituicao>UNESP</instituicao>
  </participante>
  <participante>
   Roberto Goulart Menezes
   <instituicao>UnB</instituicao>
  </participante>
 </grupo>
 <grupo>
  <nome>Movimento Operário e Sindicatos</nome>
  <ano>1978</ano>
  <ano>1980</ano>
  <ano>1981</ano>
  <ano>1982</ano>
  <ano>1983</ano>
  <ano>1984</ano>
  <participante>
   Ingrid Sarti
   <instituicao>ILDES</instituicao>
  </participante>
  <participante>Maria Hermínia Tavares de Almeida</participante>
 </grupo>
 <grupo>
  <nome>Mulher e Política</nome>
  <ano>1981</ano>
  <ano>1982</ano>
  <ano>1983</ano>
  <ano>1984</ano>
  <ano>1985</ano>
  <ano>1986</ano>
  <ano>1987</ano>
  <ano>1988</ano>
  <ano>1989</ano>
  <participante>Ana Alice Costa</participante>
  <participante>Eleonora Menicucci de Oliveira</participante>
  <participante>Fanny Tabak</participante>
  <participante>
   Lourdes Bandeira
   <instituicao>UFPB</instituicao>
  </participante>
 </grupo>
 <grupo>
  <nome>Mulher na Força de Trabalho</nome>
  <ano>1979</ano>
  <ano>1980</ano>
  <ano>1981</ano>
  <ano>1982</ano>
  <ano>1983</ano>
  <ano>1984</ano>
  <ano>1985</ano>
  <ano>1987</ano>
  <ano>1989</ano>
  <participante>
   Heleieth Iara Bongiovani Saffioti
   <instituicao>USP</instituicao>
  </participante>
  <participante>
   Lena Lavinas
   <instituicao>UFRJ</instituicao>
  </participante>
  <participante>Neuma Aguiar</participante>
 </grupo>
 <grupo>
  <nome>Novas configurações do ensino superior na sociedade contemporânea</nome>
  <ano>2014</ano>
  <ano>2015</ano>
  <participante>
   Carlos Benedito Martin
   <instituicao>UnB</instituicao>
  </participante>
  <participante>
   Clarissa Eckert Baeta Neves
   <instituicao>UFRGS</instituicao>
  </participante>
 </grupo>
 <grupo>
  <nome>Novos modelos comparativos: antropologia simétrica e sociologia pós-social</nome>
  <ano>2008</ano>
  <ano>2009</ano>
  <participante>
   Eduardo Viana Vargas
   <instituicao>UFMG</instituicao>
  </participante>
  <participante>
   Marcio Goldman
   <instituicao>UFRJ</instituicao>
  </participante>
 </grupo>
 <grupo>
  <nome>Novos modelos comparativos: investigações sobre coletivos afro-indígenas</nome>
  <ano>2011</ano>
  <ano>2012</ano>
  <participante>
   Beatriz Perrone-Moisés
   <instituicao>USP</instituicao>
  </participante>
  <participante>
   Marcio Goldman
   <instituicao>MN-UFRJ</instituicao>
  </participante>
 </grupo>
 <grupo>
  <nome>O Desenvolvimento Sustentável em Questão na Amazônia Brasileira</nome>
  <ano>2002</ano>
  <ano>2003</ano>
  <participante>
   Neide Esterci
   <instituicao>UFRJ</instituicao>
  </participante>
 </grupo>
 <grupo>
  <nome>O Pensamento Social Latino-americano: Legado e Desafios contemporâneos</nome>
  <ano>2014</ano>
  <ano>2015</ano>
  <participante>
   Carlos Eduardo da Rosa Martins
   <instituicao>UFRJ</instituicao>
  </participante>
  <participante>
   Sedi Hirano
   <instituicao>USP</instituicao>
  </participante>
 </grupo>
 <grupo>
  <nome>O pluralismo na teoria contemporânea</nome>
  <ano>2011</ano>
  <ano>2012</ano>
  <participante>
   Artur Perrusi
   <instituicao>UFPE</instituicao>
  </participante>
  <participante>
   Cynthia Hamlin
   <instituicao>UFPE</instituicao>
  </participante>
  <participante>
   Frederic Vandenbergue
   <instituicao>IESP-UERJ</instituicao>
  </participante>
 </grupo>
 <grupo>
  <nome>Ordem hegemônica, multilateralismo e política externa</nome>
  <ano>2005</ano>
  <ano>2006</ano>
  <participante>
   Norma Breda dos Santos
   <instituicao>UnB</instituicao>
  </participante>
  <participante>
   Rafael Villa
   <instituicao>USP</instituicao>
  </participante>
 </grupo>
 <grupo>
  <nome>Os regimes de subjetivação ameríndios e a objetivação da cultura</nome>
  <ano>2005</ano>
  <ano>2006</ano>
  <participante>
   Eduardo Viveiros de Castro
   <instituicao>UFRJ</instituicao>
  </participante>
  <participante>
   Marcela Stockler Coelho de Souza
   <instituicao>UFRJ</instituicao>
  </participante>
  <participante>
   Oscar Calavia Saez
   <instituicao>UFSC</instituicao>
  </participante>
 </grupo>
 <grupo>
  <nome>Organizações e Sociedade</nome>
  <ano>1980</ano>
  <ano>1981</ano>
 </grupo>
 <grupo>
  <nome>Para onde vai a Teoria Social Contemporânea?</nome>
  <ano>2008</ano>
  <ano>2009</ano>
  <participante>
   Céli Regina Jardim Pinto
   <instituicao>UFRGS</instituicao>
  </participante>
  <participante>
   Jose Luiz Ratton
   <instituicao>UFPE</instituicao>
  </participante>
 </grupo>
 <grupo>
  <nome>Partidos e Comportamento Eleitoral</nome>
  <ano>1994</ano>
  <ano>1995</ano>
  <ano>1996</ano>
  <participante>
   Marcello Baquero
   <instituicao>UFRGS</instituicao>
  </participante>
 </grupo>
 <grupo>
  <nome>Partidos e Movimentos de Esquerda</nome>
  <ano>1983</ano>
  <ano>1984</ano>
  <ano>1985</ano>
  <ano>1986</ano>
  <ano>1987</ano>
  <ano>1988</ano>
  <ano>1989</ano>
  <ano>1991</ano>
  <ano>1992</ano>
  <participante>Daniel Aarão Reis Filho</participante>
  <participante>
   João Quartim de Moraes
   <instituicao>UNICAMP</instituicao>
  </participante>
  <participante>
   Marcelo Siqueira Ridenti
   <instituicao>UNESP</instituicao>
  </participante>
  <participante>Marco Aurélio Garcia</participante>
 </grupo>
 <grupo>
  <nome>Partidos e sistemas partidários</nome>
  <ano>2008</ano>
  <ano>2009</ano>
  <ano>2011</ano>
  <ano>2012</ano>
  <ano>2014</ano>
  <ano>2015</ano>
  <participante>
   Luciana Fernandes Veiga
   <instituicao>UFPR</instituicao>
  </participante>
  <participante>
   Maria do Socorro Sousa Braga
   <instituicao>UFSCar</instituicao>
  </participante>
  <participante>
   Marcia Dias
   <instituicao>Unirio, Iuperj</instituicao>
  </participante>
  <participante>
   Oswaldo M. E. Amaral
   <instituicao>UNICAMP</instituicao>
  </participante>
 </grupo>
 <grupo>
  <nome>Partidos, Eleições e Problemas Institucionais</nome>
  <ano>1978</ano>
  <ano>1979</ano>
  <ano>1980</ano>
  <ano>1981</ano>
  <ano>1982</ano>
  <ano>1983</ano>
  <ano>1984</ano>
  <ano>1985</ano>
  <ano>1986</ano>
  <ano>1987</ano>
  <ano>1988</ano>
  <ano>1989</ano>
  <participante>Bolívar Lamounier</participante>
  <participante>Maria D’Alva Gil Kinzo</participante>
  <participante>Plínio Dentzien</participante>
 </grupo>
 <grupo>
  <nome>Patrimônio, Museus e Ciências Sociais</nome>
  <ano>2008</ano>
  <ano>2009</ano>
  <participante>
   Myrian Sepulveda dos Santos
   <instituicao>UERJ</instituicao>
  </participante>
  <participante>
   Regina Maria do Rego Monteiro de Abreu
   <instituicao>UFRJ</instituicao>
  </participante>
 </grupo>
 <grupo>
  <nome>Pensamento social latino-americano</nome>
  <ano>2011</ano>
  <ano>2012</ano>
  <participante>
   Carlos Eduardo Martins
   <instituicao>UFRJ</instituicao>
  </participante>
  <participante>
   Ricardo Benzaquen de Araújo
   <instituicao>IUPERJ</instituicao>
  </participante>
  <participante>
   Sedi Hirano
   <instituicao>USP</instituicao>
  </participante>
 </grupo>
 <grupo>
  <nome>Pensamento Social no Brasil</nome>
  <ano>1983</ano>
  <ano>1984</ano>
  <ano>1985</ano>
  <ano>1986</ano>
  <ano>1987</ano>
  <ano>1988</ano>
  <ano>1989</ano>
  <ano>1991</ano>
  <ano>1992</ano>
  <ano>1994</ano>
  <ano>1995</ano>
  <ano>1996</ano>
  <ano>1998</ano>
  <ano>1999</ano>
  <ano>2000</ano>
  <ano>2002</ano>
  <ano>2003</ano>
  <ano>2005</ano>
  <ano>2006</ano>
  <ano>2008</ano>
  <ano>2009</ano>
  <ano>2011</ano>
  <ano>2012</ano>
  <ano>2014</ano>
  <ano>2015</ano>
  <participante>
   André Pereira Botelho
   <instituicao>UFRJ</instituicao>
  </participante>
  <participante>
   Angela de Castro Gomes
   <instituicao>CPDOC/ FGV</instituicao>
  </participante>
  <participante>
   Angela Maria Alonso
   <instituicao>USP</instituicao>
  </participante>
  <participante>
   Antonio Herculano Lopes
   <instituicao>FCRB</instituicao>
  </participante>
  <participante>
   Fernanda Arêas Peixoto
   <instituicao>USP</instituicao>
  </participante>
  <participante>
   Gabriela Nunes Ferreira
   <instituicao>UNIFESP</instituicao>
  </participante>
  <participante>
   Helena Bomeny
   <instituicao>FGV/RJ</instituicao>
  </participante>
  <participante>
   Heloisa Pontes
   <instituicao>UNICAMP</instituicao>
  </participante>
  <participante>
   Isabel Lustosa
   <instituicao>FCRB</instituicao>
  </participante>
  <participante>
   José Reginaldo Gonçalves
   <instituicao>UFRJ</instituicao>
  </participante>
  <participante>
   Lilia Katri Moritz Schwarcz
   <instituicao>USP</instituicao>
  </participante>
  <participante>Lúcia Lippi Oliveira</participante>
  <participante>Luiz Antonio Castro Santos</participante>
  <participante>
   Marcos Chor Maio
   <instituicao>Casa de Oswaldo Cruz</instituicao>
  </participante>
  <participante>
   Maria Arminda do Nascimento Arruda
   <instituicao>USP</instituicao>
  </participante>
  <participante>Maria Tereza Sadek</participante>
  <participante>
   Nísia Trindade Lima
   <instituicao>FIOCRUZ</instituicao>
  </participante>
  <participante>
   Ricardo Benzaquen de Araújo
   <instituicao>IUPERJ</instituicao>
  </participante>
 </grupo>
 <grupo>
  <nome>Performance, drama e sociedade</nome>
  <ano>2005</ano>
  <ano>2006</ano>
  <participante>
   Esther Jean Matteson Langdon
   <instituicao>UFSC</instituicao>
  </participante>
  <participante>
   John Dawsey
   <instituicao>USP</instituicao>
  </participante>
 </grupo>
 <grupo>
  <nome>Pessoa, Corpo e Doença</nome>
  <ano>1994</ano>
  <ano>1995</ano>
  <ano>1996</ano>
  <participante>
   Luiz Fernando Dias Duarte
   <instituicao>UFRJ</instituicao>
  </participante>
  <participante>
   Sérgio Luís Carrara
   <instituicao>UERJ</instituicao>
  </participante>
 </grupo>
 <grupo>
  <nome>Pessoa, Corpo e Saúde</nome>
  <ano>1998</ano>
  <ano>1999</ano>
  <ano>2000</ano>
  <participante>
   Jane A. Russo
   <instituicao>UFRJ</instituicao>
  </participante>
  <participante>
   Ondina Fachel Leal
   <instituicao>UFRGS</instituicao>
  </participante>
 </grupo>
 <grupo>
  <nome>Pessoa e Corpo: Novas Tecnologias Biológicas e Novas Configurações Ideológicas</nome>
  <ano>2002</ano>
  <ano>2003</ano>
  <participante>
   Luiz Fernando Dias Duarte
   <instituicao>UFRJ</instituicao>
  </participante>
  <participante>
   Jane Araujo Russo
   <instituicao>UERJ</instituicao>
  </participante>
 </grupo>
 <grupo>
  <nome>Pessoa, família e ethos religioso</nome>
  <ano>2005</ano>
  <ano>2006</ano>
  <participante>
   Carlos Alberto Steil
   <instituicao>UFRGS</instituicao>
  </participante>
  <participante>
   Luiz Fernando Dias Duarte
   <instituicao>UFRJ</instituicao>
  </participante>
  <participante>
   Patricia Birman
   <instituicao>UERJ</instituicao>
  </participante>
 </grupo>
 <grupo>
  <nome>Poder político e controles democráticos</nome>
  <ano>2005</ano>
  <ano>2006</ano>
  <participante>
   Bruno Pinheiro Wanderley Reis
   <instituicao>UFMG</instituicao>
  </participante>
  <participante>Fernando Lattman-Weltman FGV/RJ)</participante>
  <participante>
   Fernando Luiz Abrucio
   <instituicao>FGV/SP</instituicao>
  </participante>
 </grupo>
 <grupo>
  <nome>Política dos Direitos Humanos</nome>
  <ano>2008</ano>
  <ano>2009</ano>
  <participante>
   Jaime Benvenuto Lima Junior
   <instituicao>UNICAMP</instituicao>
  </participante>
  <participante>
   Rossana Rocha Reis
   <instituicao>USP</instituicao>
  </participante>
 </grupo>
 <grupo>
  <nome>Política e Economia</nome>
  <ano>1982</ano>
  <ano>1983</ano>
  <ano>1984</ano>
  <ano>1985</ano>
  <ano>1986</ano>
  <ano>1987</ano>
  <ano>1989</ano>
  <ano>1998</ano>
  <ano>1999</ano>
  <ano>2000</ano>
  <participante>
   Brasílio Sallum Junior
   <instituicao>FESP/SP</instituicao>
  </participante>
  <participante>
   Eduardo Kugelmas
   <instituicao>USP</instituicao>
  </participante>
  <participante>José Luiz Fiori</participante>
  <participante>
   Lourdes Sola
   <instituicao>USP</instituicao>
  </participante>
 </grupo>
 <grupo>
  <nome>Política Indigenista</nome>
  <ano>1981</ano>
  <ano>1982</ano>
  <ano>1983</ano>
  <ano>1984</ano>
  <ano>1985</ano>
  <ano>1989</ano>
  <ano>1991</ano>
  <ano>1992</ano>
  <ano>1994</ano>
  <ano>1995</ano>
  <ano>1996</ano>
  <participante>
   Antonio Carlos de Souza Lima
   <instituicao>UFRJ</instituicao>
  </participante>
  <participante>
   João Pacheco de Oliveira
   <instituicao>UFRJ</instituicao>
  </participante>
  <participante>Lígia T. Lopes Simonian</participante>
  <participante>Vanessa Lea</participante>
 </grupo>
 <grupo>
  <nome>Política Internacional</nome>
  <ano>1988</ano>
  <ano>1989</ano>
  <ano>1990</ano>
  <ano>1991</ano>
  <ano>1992</ano>
  <ano>1993</ano>
  <ano>1994</ano>
  <ano>1995</ano>
  <ano>1996</ano>
  <ano>1997</ano>
  <ano>1998</ano>
  <ano>1999</ano>
  <ano>2000</ano>
  <ano>2011</ano>
  <ano>2012</ano>
  <ano>2014</ano>
  <ano>2015</ano>
  <participante>
   Janina Onuki
   <instituicao>USP</instituicao>
  </participante>
  <participante>
   Luis Manuel Rebelo Fernandes
   <instituicao>UFF</instituicao>
  </participante>
  <participante>
   Marcelo de Almeida Medeiros
   <instituicao>UFPE</instituicao>
  </participante>
  <participante>
   Maria Helena de Castro Santos
   <instituicao>UnB</instituicao>
  </participante>
 </grupo>
 <grupo>
  <nome>Políticas Públicas</nome>
  <ano>1982</ano>
  <ano>1983</ano>
  <ano>1984</ano>
  <ano>1985</ano>
  <ano>1986</ano>
  <ano>1987</ano>
  <ano>1988</ano>
  <ano>1989</ano>
  <ano>1991</ano>
  <ano>1992</ano>
  <ano>1994</ano>
  <ano>1995</ano>
  <ano>1996</ano>
  <ano>2002</ano>
  <ano>2003</ano>
  <ano>2005</ano>
  <ano>2006</ano>
  <ano>2008</ano>
  <ano>2009</ano>
  <ano>2011</ano>
  <ano>2012</ano>
  <ano>2014</ano>
  <ano>2015</ano>
  <participante>Antonio Augusto P. Prates</participante>
  <participante>Antônio Luiz Paixão</participante>
  <participante>
   Argelina Cheibub Figueiredo
   <instituicao>UNICAMP</instituicao>
  </participante>
  <participante>
   Carlos Aurélio Pimenta de Faria
   <instituicao>PUC/MG</instituicao>
  </participante>
  <participante>
   Celina Souza
   <instituicao>UFBA</instituicao>
  </participante>
  <participante>
   Eduardo Marques
   <instituicao>USP</instituicao>
  </participante>
  <participante>
   Gilberto Hochman
   <instituicao>FIOCRUZ</instituicao>
  </participante>
  <participante>
   Lucia Klein
   <instituicao>FINEP</instituicao>
  </participante>
  <participante>
   Marcus André B. C. de Melo
   <instituicao>UFPE</instituicao>
  </participante>
  <participante>Maria Helena Castro Santos</participante>
  <participante>Maria Lucia Oliveira</participante>
  <participante>
   Marta Arretche
   <instituicao>UNESP/UNICAMP</instituicao>
  </participante>
  <participante>
   Maria das Graças Rua
   <instituicao>UnB</instituicao>
  </participante>
  <participante>
   Renata Mirandola Bichir
   <instituicao>USP</instituicao>
  </participante>
  <participante>
   Sandra Cristina Gomes
   <instituicao>UFRN</instituicao>
  </participante>
  <participante>
   Sérgio de Azevedo
   <instituicao>UFMG</instituicao>
  </participante>
  <participante>
   Soraya Vargas Côrtes
   <instituicao>UFRGS</instituicao>
  </participante>
  <participante>
   Telma Maria Gonçalves Menicucci
   <instituicao>UFMG</instituicao>
  </participante>
 </grupo>
 <grupo>
  <nome>População e Sociedade no Brasil</nome>
  <ano>1987</ano>
  <ano>1989</ano>
  <ano>1991</ano>
  <participante>
   Daniel Joseph Hogan
   <instituicao>UNICAMP</instituicao>
  </participante>
  <participante>
   Guaraci Adeodato Alves de Sousa
   <instituicao>UFB</instituicao>
  </participante>
  <participante>
   Neide Lopes Patarra
   <instituicao>UNICAMP</instituicao>
  </participante>
 </grupo>
 <grupo>
  <nome>Pós-Graduação</nome>
  <ano>1978</ano>
  <ano>1979</ano>
 </grupo>
 <grupo>
  <nome>Processo de Trabalho e Reivindicações Sociais</nome>
  <ano>1983</ano>
  <ano>1984</ano>
  <ano>1985</ano>
  <ano>1986</ano>
  <ano>1987</ano>
  <ano>1988</ano>
  <ano>1989</ano>
  <ano>1991</ano>
  <ano>1992</ano>
  <participante>
   Alice Rangel de Paiva Abreu
   <instituicao>UFRJ</instituicao>
  </participante>
  <participante>Amelia Cohn</participante>
  <participante>
   Antônio Sérgio Guimarães
   <instituicao>UFBA</instituicao>
  </participante>
  <participante>
   Bila Sorj
   <instituicao>UFRJ</instituicao>
  </participante>
  <participante>Leda Gitahy</participante>
 </grupo>
 <grupo>
  <nome>Processos e Movimentos Sociais no Campo</nome>
  <ano>1998</ano>
  <ano>1999</ano>
  <ano>2000</ano>
  <participante>
   Delma Pessanha Neves
   <instituicao>UFF</instituicao>
  </participante>
  <participante>
   Zander Navarro
   <instituicao>UFRGS</instituicao>
  </participante>
 </grupo>
 <grupo>
  <nome>Povos indígenas</nome>
  <ano>2002</ano>
  <ano>2003</ano>
  <participante>
   João Pacheco de Oliveira
   <instituicao>UFRJ</instituicao>
  </participante>
  <participante>
   John Manuel Monteiro
   <instituicao>UNICAMP</instituicao>
  </participante>
 </grupo>
 <grupo>
  <nome>Processos Sociais Agrários</nome>
  <ano>1994</ano>
  <ano>1995</ano>
  <ano>1996</ano>
  <participante>
   Josefa Salete Barbosa Cavalcanti
   <instituicao>UFPE</instituicao>
  </participante>
  <participante>alternativas</participante>
 </grupo>
 <grupo>
  <nome>de desenvolvimento</nome>
  <ano>2014</ano>
  <ano>2015</ano>
  <participante>
   Russell Parry Scott
   <instituicao>UFPE</instituicao>
  </participante>
  <participante>
   Stephen Grant Baines
   <instituicao>UnB</instituicao>
  </participante>
 </grupo>
 <grupo>
  <nome>Profissões, Estado e Mercado: Identidades, Saberes e Fronteiras Profissionais</nome>
  <ano>2002</ano>
  <ano>2003</ano>
  <participante>
   Luiz Antonio de Castro Santos
   <instituicao>UERJ</instituicao>
  </participante>
  <participante>
   Maria da Glória Bonelli
   <instituicao>UFSCAR</instituicao>
  </participante>
  <participante>
   Maria Ligia Barbosa
   <instituicao>UFRJ</instituicao>
  </participante>
 </grupo>
 <grupo>
  <nome>Publicações</nome>
  <ano>1978</ano>
 </grupo>
 <grupo>
  <nome>Relações de Gênero</nome>
  <ano>1994</ano>
  <ano>1995</ano>
  <ano>1996</ano>
  <participante>
   Albertina de Oliveira Costa
   <instituicao>Fundação Carlos Chagas</instituicao>
  </participante>
  <participante>
   Magda de Almeida Neves
   <instituicao>UFMG</instituicao>
  </participante>
  <participante>
   Paola Cappelin
   <instituicao>UFRJ</instituicao>
  </participante>
  <participante>
   Suely Kofes
   <instituicao>UNICAMP</instituicao>
  </participante>
 </grupo>
 <grupo>
  <nome>Relações Internacionais e Política Externa</nome>
  <ano>1980</ano>
  <ano>1981</ano>
  <ano>1982</ano>
  <ano>1983</ano>
  <ano>1984</ano>
  <ano>1985</ano>
  <ano>1986</ano>
  <ano>1987</ano>
  <ano>1988</ano>
  <ano>1989</ano>
  <ano>1991</ano>
  <ano>1992</ano>
  <participante>
   Fernando Augusto Albuquerque Mourão
   <instituicao>USP</instituicao>
  </participante>
  <participante>
   Henrique Alterani de Oliveira
   <instituicao>UnB</instituicao>
  </participante>
  <participante>
   Gerson Moura
   <instituicao>CPDOC/FGV</instituicao>
  </participante>
  <participante>Letícia Pinheiro</participante>
  <participante>Luiz Gonzaga de Souza Lima</participante>
  <participante>Maria Regina Soares de Lima</participante>
  <participante>
   Shiguenoli Miyamoto
   <instituicao>UNICAMP</instituicao>
  </participante>
 </grupo>
 <grupo>
  <nome>Relações raciais: desigualdades, identidades e políticas públicas</nome>
  <ano>2011</ano>
  <ano>2012</ano>
  <ano>2014</ano>
  <ano>2015</ano>
  <participante>
   Graziella Moraes Silva
   <instituicao>UFRJ</instituicao>
  </participante>
  <participante>
   Jeronimo Oliveira Muniz
   <instituicao>UFMG</instituicao>
  </participante>
  <participante>
   João Feres Júnio
   <instituicao>IESP/UERJ</instituicao>
  </participante>
  <participante>
   Valter Roberto Silvério
   <instituicao>UFSCAR</instituicao>
  </participante>
 </grupo>
 <grupo>
  <nome>Relações raciais e ações afirmativas</nome>
  <ano>2008</ano>
  <ano>2009</ano>
  <participante>
   Angela Figueiredo
   <instituicao>UFBA</instituicao>
  </participante>
  <participante>
   Teresinha Bernardo
   <instituicao>PUC/SP</instituicao>
  </participante>
 </grupo>
 <grupo>
  <nome>Relações Raciais e Etnicidade</nome>
  <ano>1994</ano>
  <ano>1995</ano>
  <ano>1996</ano>
  <ano>1998</ano>
  <ano>1999</ano>
  <ano>2000</ano>
  <ano>2002</ano>
  <ano>2003</ano>
  <ano>2005</ano>
  <ano>2006</ano>
  <participante>
   Angela Figueiredo
   <instituicao>UFBA</instituicao>
  </participante>
  <participante>
   Carlos A. Hasenbalg
   <instituicao>IUPERJ</instituicao>
  </participante>
  <participante>
   Giralda Seyferth
   <instituicao>UFRJ</instituicao>
  </participante>
  <participante>
   Livio Sansone
   <instituicao>UERJ</instituicao>
  </participante>
  <participante>
   Márcia Lima
   <instituicao>UFRJ</instituicao>
  </participante>
  <participante>
   Olívia Maria Gomes da Cunha
   <instituicao>UFRJ</instituicao>
  </participante>
  <participante>
   Osmundo Pinho
   <instituicao>UCAM</instituicao>
  </participante>
 </grupo>
 <grupo>
  <nome>Relações Sociais de Gênero</nome>
  <ano>1991</ano>
  <ano>1992</ano>
  <participante>
   Céli Regina Pinto
   <instituicao>UFRGS</instituicao>
  </participante>
  <participante>
   Mary Garcia Castro
   <instituicao>UFBA</instituicao>
  </participante>
 </grupo>
 <grupo>
  <nome>Religião e Sociedade</nome>
  <ano>1980</ano>
  <ano>1981</ano>
  <ano>1982</ano>
  <ano>1983</ano>
  <ano>1984</ano>
  <ano>1985</ano>
  <ano>1986</ano>
  <ano>1987</ano>
  <ano>1988</ano>
  <ano>1989</ano>
  <ano>1991</ano>
  <ano>1992</ano>
  <ano>1994</ano>
  <ano>1995</ano>
  <ano>1996</ano>
  <ano>1998</ano>
  <ano>1999</ano>
  <ano>2000</ano>
  <ano>2002</ano>
  <ano>2003</ano>
  <ano>2008</ano>
  <ano>2009</ano>
  <participante>
   Ari Pedro Oro
   <instituicao>UFRGS</instituicao>
  </participante>
  <participante>
   Cecília L. Mariz
   <instituicao>UERJ</instituicao>
  </participante>
  <participante>
   Lísias Nogueira Negrão
   <instituicao>USP</instituicao>
  </participante>
  <participante>
   Joanildo Burity
   <instituicao>FUNDAJ</instituicao>
  </participante>
  <participante>
   Maria das Dores Campos Machado
   <instituicao>UFRRJ</instituicao>
  </participante>
  <participante>
   Maria Helena Villas Boas Concone
   <instituicao>PUC/SP</instituicao>
  </participante>
 </grupo>
 <grupo>
  <nome>República e Cidadania: Teorias e Debates Contemporâneos</nome>
  <ano>2002</ano>
  <ano>2003</ano>
  <participante>
   Cícero Araújo
   <instituicao>USP</instituicao>
  </participante>
  <participante>
   José Eisenberg
   <instituicao>IUPERJ</instituicao>
  </participante>
 </grupo>
 <grupo>
  <nome>Rituais, Representações e Narrativas Políticas</nome>
  <ano>2002</ano>
  <ano>2003</ano>
  <participante>
   Beatriz Maria Alasia Heredia
   <instituicao>UFRJ</instituicao>
  </participante>
  <participante>
   Carla Teixeira
   <instituicao>UnB</instituicao>
  </participante>
  <participante>
   Irlys Barreira
   <instituicao>UFC</instituicao>
  </participante>
 </grupo>
 <grupo>
  <nome>Rituais, Representações e Violência na Política</nome>
  <ano>1998</ano>
  <ano>1999</ano>
  <ano>2000</ano>
  <participante>
   César Barreira
   <instituicao>UFC</instituicao>
  </participante>
  <participante>
   José Sérgio Leite Lopes
   <instituicao>UFRJ</instituicao>
  </participante>
 </grupo>
 <grupo>
  <nome>Ruralidade contemporânea: desafios e perspectivas</nome>
  <ano>2005</ano>
  <ano>2006</ano>
  <participante>
   Sergio Schneider
   <instituicao>UFRGS</instituicao>
  </participante>
  <participante>
   Maria José Teixeira Carneiro
   <instituicao>UFRRJ</instituicao>
  </participante>
 </grupo>
 <grupo>
  <nome>Ruralidade, território e meio-ambiente</nome>
  <ano>2008</ano>
  <ano>2009</ano>
  <participante>
   Ana Lúcia Eduardo Farah Valente
   <instituicao>UnB</instituicao>
  </participante>
  <participante>
   Arilson da Silva Favareto
   <instituicao>UFABC</instituicao>
  </participante>
 </grupo>
 <grupo>
  <nome>Saúde, emoção e moral</nome>
  <ano>2011</ano>
  <ano>2012</ano>
  <participante>
   Cynthia Andersen Sarti
   <instituicao>UNIFESP</instituicao>
  </participante>
  <participante>
   Maria Claudia Pereira Coelho
   <instituicao>UERJ</instituicao>
  </participante>
  <participante>Segurança, Economia e Política Internacional no Século XXI - Perspectivas Internacionais,</participante>
 </grupo>
 <grupo>
  <nome>Perspectivas Brasileiras</nome>
  <ano>2002</ano>
  <ano>2003</ano>
  <participante>
   Antonio Jorge Ramalho da Rocha
   <instituicao>UnB</instituicao>
  </participante>
  <participante>
   Nizar Messari
   <instituicao>PUC/RJ</instituicao>
  </participante>
 </grupo>
 <grupo>
  <nome>Sexualidade, corpo e gênero</nome>
  <ano>2005</ano>
  <ano>2006</ano>
  <ano>2008</ano>
  <ano>2009</ano>
  <participante>
   Adriana Resende Barreto Vianna
   <instituicao>UFRJ</instituicao>
  </participante>
  <participante>
   Julio Assis Simões
   <instituicao>USP</instituicao>
  </participante>
  <participante>
   Maria Filomena Gregori
   <instituicao>UNICAMP</instituicao>
  </participante>
  <participante>
   Sergio Carrara
   <instituicao>UERJ</instituicao>
  </participante>
 </grupo>
 <grupo>
  <nome>Sexualidade e gênero: sujeitos, práticas e regulações</nome>
  <ano>2014</ano>
  <ano>2015</ano>
  <participante>
   Julio Assis Simões
   <instituicao>USP</instituicao>
  </participante>
  <participante>
   María Elvira Díaz-Benítez
   <instituicao>UFRJ</instituicao>
  </participante>
 </grupo>
 <grupo>
  <nome>Sexualidade e gênero: sociabilidade, erotismo e política</nome>
  <ano>2011</ano>
  <ano>2012</ano>
  <participante>
   Regina Facchini
   <instituicao>UNICAMP</instituicao>
  </participante>
  <participante>
   Sérgio Carrara
   <instituicao>UERJ</instituicao>
  </participante>
 </grupo>
 <grupo>
  <nome>Sindicalismo e Política</nome>
  <ano>1998</ano>
  <ano>2000</ano>
  <participante>
   Iram Jácome Rodrigues
   <instituicao>USP</instituicao>
  </participante>
 </grupo>
 <grupo>
  <nome>Sobre periferias: novos conflitos no espaço público</nome>
  <ano>2011</ano>
  <ano>2012</ano>
  <ano>2014</ano>
  <ano>2015</ano>
  <participante>
   Carly Barboza Machado
   <instituicao>UFRRJ</instituicao>
  </participante>
  <participante>
   Cibele Saliba Rizek
   <instituicao>USP</instituicao>
  </participante>
  <participante>
   Gabriel de Santis Feltran
   <instituicao>UFSCAR</instituicao>
  </participante>
  <participante>
   Neiva Vieira da Cunha
   <instituicao>UERJ</instituicao>
  </participante>
  <participante>
   Patricia Birman
   <instituicao>UERJ</instituicao>
  </participante>
 </grupo>
 <grupo>
  <nome>Sociedade e Vida Econômica</nome>
  <ano>2014</ano>
  <ano>2015</ano>
  <participante>
   Marcelo Sampaio Carneiro
   <instituicao>UFMA</instituicao>
  </participante>
  <participante>
   Sandro Ruduit Garcia
   <instituicao>UFRGS</instituicao>
  </participante>
  <participante>Redes Sociais, Fundamentos da Sociabilidade e</participante>
 </grupo>
 <grupo>
  <nome>Transformações dos Processos Políticos</nome>
  <ano>2002</ano>
  <ano>2003</ano>
  <participante>
   Francisco Coelho dos Santos
   <instituicao>UFMG</instituicao>
  </participante>
  <participante>
   Theophilos Rifiotis
   <instituicao>UFSC</instituicao>
  </participante>
  <participante>
   Tom Dwyer
   <instituicao>UNICAMP</instituicao>
  </participante>
 </grupo>
 <grupo>
  <nome>Sociologia da Adolescência e da Juventude</nome>
  <ano>2014</ano>
  <ano>2015</ano>
  <participante>
   Maria Helena Oliva Augusto
   <instituicao>USP</instituicao>
  </participante>
  <participante>
   Melissa de Mattos Pimenta
   <instituicao>UFRGS</instituicao>
  </participante>
 </grupo>
 <grupo>
  <nome>Sociologia da Cultura Brasileira</nome>
  <ano>1979</ano>
  <ano>1980</ano>
  <ano>1981</ano>
  <ano>1982</ano>
  <ano>1983</ano>
  <ano>1984</ano>
  <ano>1985</ano>
  <ano>1986</ano>
  <ano>1987</ano>
  <ano>1988</ano>
  <ano>1989</ano>
  <ano>1991</ano>
  <ano>1992</ano>
  <ano>1994</ano>
  <ano>1995</ano>
  <ano>1996</ano>
  <participante>Maria Isaura Pereira de Queiroz</participante>
  <participante>
   Olga Rodrigues de Moraes Von Simson
   <instituicao>UNICAMP</instituicao>
  </participante>
  <participante>
   Paula Montero
   <instituicao>USP</instituicao>
  </participante>
  <participante>Ruben George Oliven</participante>
 </grupo>
 <grupo>
  <nome>Sociologia e antropologia da moral</nome>
  <ano>2011</ano>
  <ano>2012</ano>
  <ano>2014</ano>
  <ano>2015</ano>
  <participante>
   Alexandre Vieira Werneck
   <instituicao>UFRJ</instituicao>
  </participante>
  <participante>
   Luis Roberto Cardodo de Oliveira
   <instituicao>UnB</instituicao>
  </participante>
  <participante>
   Patrice Schuch
   <instituicao>UFRGS</instituicao>
  </participante>
 </grupo>
 <grupo>
  <nome>Sociologia Econômica</nome>
  <ano>2005</ano>
  <ano>2006</ano>
  <participante>
   Cécile Raud Mattedi
   <instituicao>UFSC</instituicao>
  </participante>
  <participante>
   Ricardo Abramovay
   <instituicao>USP</instituicao>
  </participante>
  <participante>
   Roberto Grün
   <instituicao>UFSCAR</instituicao>
  </participante>
 </grupo>
 <grupo>
  <nome>Sociologia e Direito: explorando as intersecções</nome>
  <ano>2008</ano>
  <ano>2009</ano>
  <participante>
   Marcelo Pereira de Mello
   <instituicao>UFF</instituicao>
  </participante>
  <participante>
   Mário Hélio Trindade de Lima
   <instituicao>UFES</instituicao>
  </participante>
  <participante>
   Marcelo da Costa Pinto Neves
   <instituicao>USP</instituicao>
  </participante>
 </grupo>
 <grupo>
  <nome>Subjetividade e emoções</nome>
  <ano>2008</ano>
  <ano>2009</ano>
  <participante>
   Maria Claudia Pereira Coelho
   <instituicao>UERJ</instituicao>
  </participante>
  <participante>
   Octavio Bonet
   <instituicao>UFJF</instituicao>
  </participante>
 </grupo>
 <grupo>
  <nome>Tecnologias de informação e comunicação: controle e descontrole</nome>
  <ano>2005</ano>
  <ano>2006</ano>
  <participante>
   Jonatas Ferreira
   <instituicao>UFPE</instituicao>
  </participante>
  <participante>
   Maria Lúcia Maciel
   <instituicao>UFRJ</instituicao>
  </participante>
  <participante>
   Tamara Benakouche
   <instituicao>UFSC</instituicao>
  </participante>
 </grupo>
 <grupo>
  <nome>Temas e Problemas da População Negra no Brasil</nome>
  <ano>1980</ano>
  <ano>1981</ano>
  <ano>1982</ano>
  <ano>1983</ano>
  <ano>1984</ano>
  <ano>1985</ano>
  <ano>1986</ano>
  <ano>1987</ano>
  <ano>1988</ano>
  <ano>1989</ano>
  <ano>1991</ano>
  <ano>1992</ano>
  <participante>
   Caetana Maria Damasceno
   <instituicao>ISER</instituicao>
  </participante>
  <participante>Ieda Brito</participante>
  <participante>
   Irene Maria F. Barbosa
   <instituicao>UNICAMP</instituicao>
  </participante>
  <participante>Kabengele Munanga</participante>
  <participante>João Baptista Borges Pereira</participante>
  <participante>
   Maria Angélica Maués
   <instituicao>NAEA</instituicao>
  </participante>
  <participante>
   Teófilo de Queiroz Junior
   <instituicao>USP</instituicao>
  </participante>
 </grupo>
 <grupo>
  <nome>Teoria e prática das relações Sul-Sul</nome>
  <ano>2014</ano>
  <ano>2015</ano>
  <participante>
   Javier Alberto Vadell
   <instituicao>PUC Minas</instituicao>
  </participante>
  <participante>
   Marcos Costa Lima
   <instituicao>UFPE</instituicao>
  </participante>
 </grupo>
 <grupo>
  <nome>Teoria política e pensamento político brasileiro: normatividade e história</nome>
  <ano>2011</ano>
  <ano>2012</ano>
  <ano>2014</ano>
  <ano>2015</ano>
  <participante>
   Christian Edward Cyril Lynch
   <instituicao>UFF</instituicao>
  </participante>
  <participante>
   Cícero Araújo
   <instituicao>USP</instituicao>
  </participante>
  <participante>
   Ricardo Silva
   <instituicao>UFSC</instituicao>
  </participante>
 </grupo>
 <grupo>
  <nome>Teoria Política e História das Ideias</nome>
  <ano>1994</ano>
  <ano>1995</ano>
  <ano>1996</ano>
  <participante>
   Gildo Marçal Brandão
   <instituicao>USP</instituicao>
  </participante>
  <participante>
   Walquíria D. Leão Rego
   <instituicao>UNICAMP</instituicao>
  </participante>
 </grupo>
 <grupo>
  <nome>Teoria Política: para além da democracia liberal?</nome>
  <ano>2008</ano>
  <ano>2009</ano>
  <participante>
   Álvaro de Vita
   <instituicao>USP</instituicao>
  </participante>
  <participante>
   Bernardo Ferreira
   <instituicao>UERJ</instituicao>
  </participante>
 </grupo>
 <grupo>
  <nome>Teoria Social</nome>
  <ano>1998</ano>
  <ano>1999</ano>
  <ano>2000</ano>
  <participante>
   José Maurício Domingues
   <instituicao>UFRJ</instituicao>
  </participante>
  <participante>
   Leonardo Avritzer
   <instituicao>UFMG</instituicao>
  </participante>
 </grupo>
 <grupo>
  <nome>Teoria Social e a multiplicidade da modernidade</nome>
  <ano>2005</ano>
  <ano>2006</ano>
  <participante>
   Josué Pereira da Silva
   <instituicao>UNICAMP</instituicao>
  </participante>
  <participante>
   Sérgio Costa
   <instituicao>FU/ Berlin</instituicao>
  </participante>
 </grupo>
 <grupo>
  <nome>Teoria Social e Transformações Contemporâneas</nome>
  <ano>2002</ano>
  <ano>2003</ano>
  <participante>
   Josué Pereira da Silva
   <instituicao>UNICAMP</instituicao>
  </participante>
  <participante>
   Sérgio Costa
   <instituicao>UFSC</instituicao>
  </participante>
 </grupo>
 <grupo>
  <nome>Teoria social no limite: novas frentes/ fronteiras na teoria social contemporânea (2014,</nome>
  <ano>2014</ano>
 </grupo>
 <grupo>
  <nome>2015)</nome>
  <ano>2015</ano>
  <participante>
   Carlos Eduardo Sell
   <instituicao>UFSC</instituicao>
  </participante>
  <participante>
   Emil A. Sobottka
   <instituicao>PUCRS</instituicao>
  </participante>
 </grupo>
 <grupo>
  <nome>Trabalhadores, Sindicalismo e Política</nome>
  <ano>1994</ano>
  <ano>1995</ano>
  <ano>1996</ano>
  <participante>
   Regina Lúcia M. Morel
   <instituicao>UFRJ</instituicao>
  </participante>
 </grupo>
 <grupo>
  <nome>Trabalhadores, Sindicatos e a Nova Questão Social</nome>
  <ano>2002</ano>
  <ano>2003</ano>
  <participante>
   José Ricardo Ramalho
   <instituicao>UFRJ</instituicao>
  </participante>
  <participante>
   Marco Aurélio Santana
   <instituicao>UNIRIO</instituicao>
  </participante>
  <participante>
   Regina Morel
   <instituicao>UFRJ</instituicao>
  </participante>
 </grupo>
 <grupo>
  <nome>Trabalho, ação coletiva e identidades sociais</nome>
  <ano>2011</ano>
  <ano>2012</ano>
  <participante>
   Cinara Lerrer Rosenfield
   <instituicao>UFRGS</instituicao>
  </participante>
  <participante>
   Marco Aurélio Santana
   <instituicao>UFRJ</instituicao>
  </participante>
 </grupo>
 <grupo>
  <nome>Trabalho e ação sindical na sociedade contemporânea</nome>
  <ano>2014</ano>
  <ano>2015</ano>
  <participante>
   Marco Aurélio Santana
   <instituicao>UFRJ</instituicao>
  </participante>
  <participante>
   Roberto Véras de Oliveira
   <instituicao>UFPB</instituicao>
  </participante>
 </grupo>
 <grupo>
  <nome>Trabalho e sindicato na sociedade contemporânea</nome>
  <ano>2005</ano>
  <ano>2006</ano>
  <ano>2008</ano>
  <ano>2009</ano>
  <participante>
   Angela Maria Carneiro de Araújo
   <instituicao>UNICAMP</instituicao>
  </participante>
  <participante>
   Iram Jácome Rodrigues
   <instituicao>USP</instituicao>
  </participante>
  <participante>
   Jacob Carlos Lima
   <instituicao>UFSCAR</instituicao>
  </participante>
 </grupo>
 <grupo>
  <nome>Trabalho e Sociedade</nome>
  <ano>1994</ano>
  <ano>1995</ano>
  <ano>1996</ano>
  <ano>1998</ano>
  <ano>1999</ano>
  <ano>2000</ano>
  <participante>
   Nadya Araújo Castro
   <instituicao>CEBRAP</instituicao>
  </participante>
  <participante>
   Tom Dwyer
   <instituicao>UNICAMP</instituicao>
  </participante>
  <participante>reflexões a partir do rural</participante>
 </grupo>
 <grupo>
  <nome/>
  <ano>2008</ano>
  <ano>2009</ano>
  <participante>
   Delma Pessanha Neves
   <instituicao>UFF</instituicao>
  </participante>
  <participante>
   Leonilde Servolo de Medeiros
   <instituicao>UNICAMP</instituicao>
  </participante>
 </grupo>
 <grupo>
  <nome>Universidade, ciência, inovação e sociedade</nome>
  <ano>2011</ano>
  <ano>2012</ano>
  <participante>
   Elizabeth Balbachevsky
   <instituicao>USP</instituicao>
  </participante>
  <participante>
   Sônia Guimarães
   <instituicao>UFRGS</instituicao>
  </participante>
 </grupo>
 <grupo>
  <nome>Usos da Imagem</nome>
  <ano>1994</ano>
  <ano>1995</ano>
  <ano>1996</ano>
  <participante>
   Ana Maria Galano
   <instituicao>UFRJ</instituicao>
  </participante>
  <participante>
   Bela Feldman-Bianco
   <instituicao>UNICAMP</instituicao>
  </participante>
 </grupo>
 <grupo>
  <nome>Violência, conflito e práticas culturais</nome>
  <ano>2005</ano>
  <ano>2006</ano>
  <participante>
   Beatriz Maria Alásia de Heredia
   <instituicao>UFRJ</instituicao>
  </participante>
  <participante>
   César Barreira
   <instituicao>UFC</instituicao>
  </participante>
  <participante>
   José Vicente Tavares dos Santos
   <instituicao>UFRGS</instituicao>
  </participante>
 </grupo>
 <grupo>
  <nome>Violência, criminalidade e punição no Brasil</nome>
  <ano>2011</ano>
  <ano>2012</ano>
  <ano>2014</ano>
  <ano>2015</ano>
  <participante>
   Carlos Henrique Aguiar Serra
   <instituicao>UFF</instituicao>
  </participante>
  <participante>
   Luís Antônio Francisco de Souza
   <instituicao>UNESP</instituicao>
  </participante>
  <participante>
   Marcos César Alvarez
   <instituicao>USP</instituicao>
  </participante>
 </grupo>
 <grupo>
  <nome>Violência, Justiça e Direitos</nome>
  <ano>1998</ano>
  <ano>1999</ano>
  <ano>2000</ano>
  <participante>
   Alba Zaluar
   <instituicao>UERJ</instituicao>
  </participante>
  <participante>
   Cláudio Beato
   <instituicao>UFMG</instituicao>
  </participante>
  <participante>
   José Vicente Tavares dos Santos
   <instituicao>UFRGS</instituicao>
  </participante>
 </grupo>
 <grupo>
  <nome>Violência, Sociedade e Cultura</nome>
  <ano>2002</ano>
  <ano>2003</ano>
  <participante>
   Maria Filomena Gregori
   <instituicao>UNICAMP</instituicao>
  </participante>
  <participante>
   Sérgio Adorno
   <instituicao>USP</instituicao>
  </participante>
 </grupo>
</grupos>