<?xml version="1.0" ?>
<LivrosColetaneas>
 <obra>
  <autor>
   <nomeautor>Amaury de Souza</nomeautor>
  </autor>
  <autor>
   <nomeautor>Bolívar Lamounier </nomeautor>
   <funcao>organizador</funcao>
  </autor>
  <nomeobra>As Elites Brasileiras e a Modernização do Setor Público: Um debate</nomeobra>
  <editora>Idesp/Sumaré</editora>
  <ano>1992</ano>
 </obra>
 <obra>
  <autor>
   <nomeautor>Amélia Simpson</nomeautor>
  </autor>
  <nomeobra>Xuxa</nomeobra>
  <editora>Ed. Sumaré SP</editora>
  <ano>1994</ano>
 </obra>
 <obra>
  <autor>
   <nomeautor>Ana Paula Cavalcanti Simioni </nomeautor>
  </autor>
  <nomeobra>Di Cavalcanti ilustrador 1914-1922</nomeobra>
  <editora>Ed. Sumaré SP</editora>
  <ano>2002</ano>
 </obra>
 <obra>
  <autor>
   <nomeautor>Armando Castelar </nomeautor>
   <funcao>organizador</funcao>
  </autor>
  <nomeobra>Judiciário e Economia no Brasil</nomeobra>
  <editora>Ed. Sumaré/ Idesp SP</editora>
  <ano>2000</ano>
 </obra>
 <obra>
  <autor>
   <nomeautor>Bem Schneider</nomeautor>
  </autor>
  <nomeobra>Burocracia Pública e Política Industrial no Brasil</nomeobra>
  <editora>Ed. Sumaré SP</editora>
  <ano>1994</ano>
 </obra>
 <obra>
  <autor>
   <nomeautor>Bolívar Lamounier</nomeautor>
  </autor>
  <nomeobra>Brasil e África do Sul – Uma Comparação</nomeobra>
  <editora>Ed. Sumaré SP</editora>
  <ano>1997</ano>
 </obra>
 <obra>
  <autor>
   <nomeautor>Bolívar Lamounier </nomeautor>
   <funcao>organizador</funcao>
  </autor>
  <nomeobra>Juan Linz, Arent Lijphart, Arturo Valenzuela, A Opção Parlamentarista</nomeobra>
  <editora>Ed. Sumaré SP</editora>
  <ano>1994</ano>
 </obra>
 <obra>
  <autor>
   <nomeautor>Bolívar Lamounier</nomeautor>
  </autor>
  <autor>
   <nomeautor>Dieter Nohlen </nomeautor>
   <funcao>organizador</funcao>
  </autor>
  <nomeobra>Presidencialismo ou Parlamentarismo: Perspectivas sobre a Reorganização Institucional Brasileira</nomeobra>
  <editora>Idesp Loyola</editora>
  <ano>1993</ano>
 </obra>
 <obra>
  <autor>
   <nomeautor>Bolívar Lamounier </nomeautor>
   <funcao>organizador</funcao>
  </autor>
  <nomeobra>Ouvindo o Brasil</nomeobra>
  <editora>Sumaré/IRS</editora>
  <ano>1992</ano>
 </obra>
 <obra>
  <autor>
   <nomeautor>Bolívar Lamounier </nomeautor>
   <funcao>organizador</funcao>
  </autor>
  <nomeobra>De Geisel a Collor</nomeobra>
  <editora>Ed. Sumaré SP</editora>
  <ano>1989</ano>
 </obra>
 <obra>
  <autor>
   <nomeautor>Bóris Fausto</nomeautor>
  </autor>
  <autor>
   <nomeautor>outros</nomeautor>
  </autor>
  <nomeobra>Imigração e Política em São Paulo</nomeobra>
  <editora>Ed. Sumaré SP</editora>
  <ano>1995</ano>
 </obra>
 <obra>
  <autor>
   <nomeautor>Bóris Fausto</nomeautor>
  </autor>
  <nomeobra>Historiografia da imigração para São Paulo</nomeobra>
  <editora>Ed. Sumaré SP</editora>
  <ano>1991</ano>
 </obra>
 <obra>
  <autor>
   <nomeautor>Célia Sakurai</nomeautor>
  </autor>
  <nomeobra>Romanceiro da Imigração Japonesa</nomeobra>
  <editora>Ed. Sumaré</editora>
  <ano>1993</ano>
 </obra>
 <obra>
  <autor>
   <nomeautor>Cheywa R. Spindel</nomeautor>
  </autor>
  <nomeobra>Os Espaços de Socialização e Exploração do Menor Assalariado: Família, Escola e Empresa</nomeobra>
  <editora>Idesp SP</editora>
  <ano>1986</ano>
 </obra>
 <obra>
  <autor>
   <nomeautor>Ela Vieko V. Castilho</nomeautor>
  </autor>
  <autor>
   <nomeautor>Maria Tereza Sadek</nomeautor>
  </autor>
  <nomeobra>O Ministério Público Federal e a Administração da Justiça no Brasil</nomeobra>
  <editora>Ed. Sumaré/ Idesp SP</editora>
  <ano>1998</ano>
 </obra>
 <obra>
  <autor>
   <nomeautor>Guita Grin Debert</nomeautor>
  </autor>
  <autor>
   <nomeautor>Donna M. Goldstein</nomeautor>
  </autor>
  <nomeobra>Políticas do corpo e o Curso da Vida</nomeobra>
  <editora>Ed.Sumaré SP</editora>
  <ano>2000</ano>
 </obra>
 <obra>
  <autor>
   <nomeautor>Heloísa André Pontes</nomeautor>
  </autor>
  <autor>
   <nomeautor>Fernanda Mass</nomeautor>
  </autor>
  <nomeobra>Guia Bibliográfico dos Brasilianistas</nomeobra>
  <editora>Ed. Sumaré SP</editora>
  <ano>1992</ano>
 </obra>
 <obra>
  <autor>
   <nomeautor>Herbert Klein</nomeautor>
  </autor>
  <nomeobra>Imigração Espanhola no Brasil</nomeobra>
  <editora>Ed. Sumaré SP</editora>
  <ano>1995</ano>
 </obra>
 <obra>
  <autor>
   <nomeautor>José Antônio B. Cheibub</nomeautor>
  </autor>
  <nomeobra>Capacidade do Governo no Serviço de Transporte: o Caso de São Paulo</nomeobra>
  <editora>Idesp SP</editora>
  <ano>1985</ano>
 </obra>
 <obra>
  <autor>
   <nomeautor>José Renato C. Araújo</nomeautor>
  </autor>
  <nomeobra>Imigração e Futebol: O Caso Palestra Itália</nomeobra>
  <editora>Ed. Sumaré SP</editora>
  <ano>2000</ano>
 </obra>
 <obra>
  <autor>
   <nomeautor>Lília K Moritz Schwarcz</nomeautor>
  </autor>
  <nomeobra>Os Guardiões da Nossa História Oficial</nomeobra>
  <editora>Idesp SP</editora>
  <ano>1989</ano>
 </obra>
 <obra>
  <autor>
   <nomeautor>M Hermínia Tavares de Almeida</nomeautor>
  </autor>
  <nomeobra>Tomando Partido, Formando Opinião</nomeobra>
  <editora>Ed. Sumaré SP</editora>
  <ano>1992</ano>
 </obra>
 <obra>
  <autor>
   <nomeautor>M Rosário Rollfsen Salles</nomeautor>
  </autor>
  <nomeobra>Médicos Italianos em São Paulo</nomeobra>
  <editora>Ed. Sumaré</editora>
  <ano>1997</ano>
 </obra>
 <obra>
  <autor>
   <nomeautor>Marcus Figueiredo</nomeautor>
  </autor>
  <nomeobra>A Decisão do Voto</nomeobra>
  <editora>Ed. Sumaré/IRS SP</editora>
  <ano>1992</ano>
 </obra>
 <obra>
  <autor>
   <nomeautor>Maria Cecília Spina Forjaz</nomeautor>
  </autor>
  <nomeobra>As Ciências Sociais na Fapesp</nomeobra>
  <editora>Idesp SP</editora>
  <ano>1989</ano>
 </obra>
 <obra>
  <autor>
   <nomeautor>Maria da Glória Bonelli</nomeautor>
  </autor>
  <nomeobra>A Classe Média do Milagre à Recessão</nomeobra>
  <editora>Idesp SP</editora>
  <ano>1989</ano>
 </obra>
 <obra>
  <autor>
   <nomeautor>Maria Tereza Sadek</nomeautor>
  </autor>
  <nomeobra>Delegados de Polícia</nomeobra>
  <editora>Ed. Sumaré</editora>
  <ano>0000</ano>
 </obra>
 <obra>
  <autor>
   <nomeautor>Maria Tereza Sadek </nomeautor>
   <funcao>organizador</funcao>
  </autor>
  <nomeobra>Justiça e Cidadania no Brasil, Ed. Sumaré/ Idesp</nomeobra>
  <editora>SP</editora>
  <ano>2000</ano>
 </obra>
 <obra>
  <autor>
   <nomeautor>Maria Tereza Sadek </nomeautor>
   <funcao>organizador</funcao>
  </autor>
  <nomeobra>O Sistema de Justiça</nomeobra>
  <editora>Ed. Sumaré SP</editora>
  <ano>1999</ano>
 </obra>
 <obra>
  <autor>
   <nomeautor>Maria Tereza Sadek </nomeautor>
   <funcao>organizador</funcao>
  </autor>
  <nomeobra>O Ministério Público e a Justiça no Brasil</nomeobra>
  <editora>Ed. Sumaré SP</editora>
  <ano>1997</ano>
 </obra>
 <obra>
  <autor>
   <nomeautor>Maria Tereza Sadek </nomeautor>
   <funcao>organizador</funcao>
  </autor>
  <nomeobra>Uma Introdução ao Estudo da Justiça</nomeobra>
  <editora>Ed. Sumaré SP</editora>
  <ano>1995</ano>
 </obra>
 <obra>
  <autor>
   <nomeautor>Maurice Duverger</nomeautor>
  </autor>
  <nomeobra>O Regime Semipresidencialista</nomeobra>
  <editora>Ed. Sumaré SP</editora>
  <ano>1993</ano>
 </obra>
 <obra>
  <autor>
   <nomeautor>Oswaldo Truzzi</nomeautor>
  </autor>
  <nomeobra>De Mascates a Doutores: Sírios e Libaneses em São Paulo</nomeobra>
  <editora>Ed. Sumaré</editora>
  <ano>1991</ano>
 </obra>
 <obra>
  <autor>
   <nomeautor>Roberto Grun</nomeautor>
  </autor>
  <nomeobra>Negócios &amp; família: Armênios em São Paulo</nomeobra>
  <editora>Ed. Sumaré</editora>
  <ano>1992</ano>
 </obra>
 <obra>
  <autor>
   <nomeautor>Rosângela B. Cavalcanti</nomeautor>
  </autor>
  <nomeobra>Cidadania e Acesso à Justiça</nomeobra>
  <editora>Ed. Sumaré/ Idesp SP</editora>
  <ano>1999</ano>
 </obra>
 <obra>
  <autor>
   <nomeautor>Sérgio Miceli </nomeautor>
   <funcao>organizador</funcao>
  </autor>
  <nomeobra>História das Ciências Sociais no Brasil – Vol 1</nomeobra>
  <editora>Ed. Sumaré SP</editora>
  <ano>1995</ano>
 </obra>
 <obra>
  <autor>
   <nomeautor>Sérgio Miceli </nomeautor>
   <funcao>organizador</funcao>
  </autor>
  <nomeobra>História das Ciências Sociais no Brasil – Vol 1 e 2</nomeobra>
  <editora>Ed. Sumaré SP</editora>
  <ano>1995</ano>
 </obra>
 <obra>
  <autor>
   <nomeautor>Sergio Miceli </nomeautor>
   <funcao>organizador</funcao>
  </autor>
  <nomeobra>A Fundação Ford no Brasil</nomeobra>
  <editora>Ed. Sumaré SP</editora>
  <ano>1993</ano>
 </obra>
 <obra>
  <autor>
   <nomeautor>Sérgio Miceli </nomeautor>
   <funcao>organizador</funcao>
  </autor>
  <nomeobra>O que Ler na Ciência social Brasileira Vol 2</nomeobra>
  <ano>0000</ano>
 </obra>
 <obra>
  <autor>
   <nomeautor>Sérgio Miceli </nomeautor>
   <funcao>organizador</funcao>
  </autor>
  <nomeobra>O que Ler na Ciência social Brasileira Vol 4</nomeobra>
  <ano>0000</ano>
 </obra>
 <obra>
  <autor>
   <nomeautor>Sérgio Miceli</nomeautor>
  </autor>
  <nomeobra>Temas e Problemas em Ciências Sociais</nomeobra>
  <editora>Ed. Sumaré/ Idesp SP</editora>
  <ano>1992</ano>
 </obra>
 <obra>
  <autor>
   <nomeautor>Sergio Miceli</nomeautor>
  </autor>
  <nomeobra>A Desilusão Americana -</nomeobra>
  <editora>Ed. Sumaré SP</editora>
  <ano>1990</ano>
 </obra>
 <obra>
  <autor>
   <nomeautor>Vários Autores</nomeautor>
  </autor>
  <nomeobra>Cem Anos de eleições Presidenciais, Ed. Sumaré</nomeobra>
  <editora>SP</editora>
  <ano>2000</ano>
 </obra>
 <obra>
  <autor>
   <nomeautor>Vários Autores</nomeautor>
  </autor>
  <nomeobra>O que ler na ciência social brasileira (1970-1995), Volumes 1, 2, 3</nomeobra>
  <editora>Anpocs</editora>
  <ano>2002</ano>
 </obra>
 <obra>
  <autor>
   <nomeautor>Vários Autores</nomeautor>
  </autor>
  <nomeobra>O que ler na ciência social brasileira (1970-2002), Volume 4</nomeobra>
  <editora>Anpocs</editora>
  <ano>2002</ano>
 </obra>
 <obra>
  <autor>
   <nomeautor>Vários Autores</nomeautor>
  </autor>
  <nomeobra>Ciências Sociais Hoje</nomeobra>
  <ano>1984</ano>
 </obra>
 <obra>
  <autor>
   <nomeautor>Vários Autores</nomeautor>
  </autor>
  <nomeobra>Ciências Sociais Hoje</nomeobra>
  <ano>1985</ano>
 </obra>
 <obra>
  <autor>
   <nomeautor>Vários Autores</nomeautor>
  </autor>
  <nomeobra>Ciências Sociais Hoje</nomeobra>
  <ano>1986</ano>
 </obra>
 <obra>
  <autor>
   <nomeautor>Vários Autores</nomeautor>
  </autor>
  <nomeobra>Ciências Sociais Hoje</nomeobra>
  <ano>1987</ano>
 </obra>
 <obra>
  <autor>
   <nomeautor>Vários Autores</nomeautor>
  </autor>
  <nomeobra>Ciências Sociais Hoje</nomeobra>
  <ano>1988</ano>
 </obra>
 <obra>
  <autor>
   <nomeautor>Vários Autores</nomeautor>
  </autor>
  <nomeobra>Ciências Sociais Hoje</nomeobra>
  <ano>1989</ano>
 </obra>
 <obra>
  <autor>
   <nomeautor>Vários Autores</nomeautor>
  </autor>
  <nomeobra>Ciências Sociais Hoje</nomeobra>
  <ano>1990</ano>
 </obra>
 <obra>
  <autor>
   <nomeautor>Vários Autores</nomeautor>
  </autor>
  <nomeobra>Ciências Sociais Hoje</nomeobra>
  <ano>1991</ano>
 </obra>
 <obra>
  <autor>
   <nomeautor>Vários Autores</nomeautor>
  </autor>
  <nomeobra>Ciências Sociais Hoje</nomeobra>
  <ano>1992</ano>
 </obra>
 <obra>
  <autor>
   <nomeautor>Vários Autores</nomeautor>
  </autor>
  <nomeobra>Ciências Sociais Hoje</nomeobra>
  <ano>1993</ano>
 </obra>
 <obra>
  <autor>
   <nomeautor>Vários Autores</nomeautor>
  </autor>
  <nomeobra>Norte e Nordeste, Estudos em Ciências Sociais</nomeobra>
  <editora>Anpocs/Inter-Ameican Foundation</editora>
  <ano>1991</ano>
 </obra>
 <obra>
  <autor>
   <nomeautor>Adriano Nervo Codato</nomeautor>
  </autor>
  <nomeobra>Sistema Estatal e Política Econômica no Brasil Pós-64</nomeobra>
  <editora>Anpocs/Hucitec/UFPR</editora>
  <ano>1997</ano>
 </obra>
 <obra>
  <autor>
   <nomeautor>Alexandre Zarias</nomeautor>
  </autor>
  <nomeobra>Negócio Público e Interesses Privados – A Interdição Civil e os Dramas de Família</nomeobra>
  <editora>Anpocs/Hucitec/Cnpq</editora>
  <ano>2005</ano>
 </obra>
 <obra>
  <autor>
   <nomeautor>Ana Maria Doimo</nomeautor>
  </autor>
  <nomeobra>A Vez e a Voz do Popular – Movimentos Sociais e participação política no Brasil Pós-70</nomeobra>
  <editora>ANPOCS/ Relume-Dumará</editora>
  <ano>1995</ano>
 </obra>
 <obra>
  <autor>
   <nomeautor>Ana Maria Fernandes</nomeautor>
  </autor>
  <nomeobra>A Construção da Ciência no Brasil e a SBPC</nomeobra>
  <editora>ANPOCS/UNB/CNPq</editora>
  <ano>1990</ano>
 </obra>
 <obra>
  <autor>
   <nomeautor>André Dumans Guedes</nomeautor>
  </autor>
  <nomeobra>O trecho</nomeobra>
  <editora>as mães e os papéis. Etnografia de movimentos e durações</editora>
  <ano>2013</ano>
 </obra>
 <obra>
  <autor>
   <nomeautor>André Kaysel</nomeautor>
  </autor>
  <nomeobra>Dois Encontros entre o Marxismo e o Brasil</nomeobra>
  <ano>2012</ano>
 </obra>
 <obra>
  <autor>
   <nomeautor>Ângela Alonso</nomeautor>
  </autor>
  <nomeobra>Idéias em Movimento. A Geração 1870 na Crise do Brasil-Império</nomeobra>
  <editora>Anpocs/Paz e Terra</editora>
  <ano>2002</ano>
 </obra>
 <obra>
  <autor>
   <nomeautor>Aparecida Vilaça</nomeautor>
  </autor>
  <nomeobra>Comendo como Gente</nomeobra>
  <editora>Anpocs/UFRJ</editora>
  <ano>1992</ano>
 </obra>
 <obra>
  <autor>
   <nomeautor>Arlei Saner Damo</nomeautor>
  </autor>
  <nomeobra>Do Dom à Profissão. A Formação de Futebolistas no Brasil e na França</nomeobra>
  <editora>Anpocs/Hucitec</editora>
  <ano>2007</ano>
 </obra>
 <obra>
  <autor>
   <nomeautor>Ary César Minella</nomeautor>
  </autor>
  <nomeobra>Banqueiros – Organização e Poder Político no Brasil</nomeobra>
  <editora>Espaço e Tempo/Anpocs</editora>
  <ano>1988</ano>
 </obra>
 <obra>
  <autor>
   <nomeautor>Eduardo Viveiros de Castro</nomeautor>
  </autor>
  <nomeobra>Araweté: Os Deuses Canibais</nomeobra>
  <editora>Anpocs/Jorge Zahar</editora>
  <ano>1986</ano>
 </obra>
 <obra>
  <autor>
   <nomeautor>Camila Penna</nomeautor>
  </autor>
  <nomeobra>Conexões e controvérsias no Incra de Marabá: o Estado como um ator heterogêneo</nomeobra>
  <editora>Anpocs/Garamond</editora>
  <ano>2015</ano>
 </obra>
 <obra>
  <autor>
   <nomeautor>Carlos Antonio Costa Ribeiro</nomeautor>
  </autor>
  <nomeobra>Estrutura de Classe e Mobilidade Social no Brasil</nomeobra>
  <editora>Edusc/Anposc</editora>
  <ano>2007</ano>
 </obra>
 <obra>
  <autor>
   <nomeautor>Carlos Benedito Martins </nomeautor>
   <funcao>coordenador</funcao>
  </autor>
  <autor>
   <nomeautor>Luiz Fernando Dias Duarte </nomeautor>
   <funcao>organizador</funcao>
  </autor>
  <nomeobra>Horizontes das ciências sociais – Antropologia</nomeobra>
  <editora>Anpocs/Barcarola</editora>
  <ano>2010</ano>
 </obra>
 <obra>
  <autor>
   <nomeautor>Carlos Benedito Martins </nomeautor>
   <funcao>coordenador</funcao>
  </autor>
  <autor>
   <nomeautor>Renato Lessa </nomeautor>
   <funcao>organizador</funcao>
  </autor>
  <nomeobra>Horizontes das ciências sociais – Ciência Política</nomeobra>
  <editora>Anpocs/Barcarola</editora>
  <ano>2010</ano>
 </obra>
 <obra>
  <autor>
   <nomeautor>Carlos Benedito Martins </nomeautor>
   <funcao>coordenador</funcao>
  </autor>
  <autor>
   <nomeautor>Heloísa T. de Souza Martins </nomeautor>
   <funcao>organizador</funcao>
  </autor>
  <nomeobra>Horizontes das ciências sociais – Sociologia</nomeobra>
  <editora>Anpocs/Barcarola</editora>
  <ano>2010</ano>
 </obra>
 <obra>
  <autor>
   <nomeautor>Carlos Benedito Martins </nomeautor>
   <funcao>organizador</funcao>
  </autor>
  <nomeobra>Para Onde Vai a Pós-Graduação em Ciências Sociais no Brasil</nomeobra>
  <editora>Anpocs/Edusc</editora>
  <ano>2005</ano>
 </obra>
 <obra>
  <autor>
   <nomeautor>Carlos Gomes de Castro</nomeautor>
  </autor>
  <nomeobra>Demarcadores e objetos em campanha</nomeobra>
  <ano>2014</ano>
 </obra>
 <obra>
  <autor>
   <nomeautor>Carmen Alveal</nomeautor>
  </autor>
  <nomeobra>Os Desbravadores - A Petrobrás e a Construção do Brasil Industrial</nomeobra>
  <editora>Relume-Dumará/Anpocs</editora>
  <ano>1994</ano>
 </obra>
 <obra>
  <autor>
   <nomeautor>Caroline Gomes Leme</nomeautor>
  </autor>
  <nomeobra>Ditadura em imagem e som</nomeobra>
  <ano>2013</ano>
 </obra>
 <obra>
  <autor>
   <nomeautor>Cristiano Luis Lenzi</nomeautor>
  </autor>
  <nomeobra>Sociologia Ambiental – Risco e Sustentabilidade na Modernidade</nomeobra>
  <editora>Edusc/Anpocs</editora>
  <ano>2006</ano>
 </obra>
 <obra>
  <autor>
   <nomeautor>Cristina Pompa</nomeautor>
  </autor>
  <nomeobra>Religião como tradução. Missionários, Tupi e Tapuia no Brasil colonial</nomeobra>
  <editora>Edusc/Anposc</editora>
  <ano>2003</ano>
 </obra>
 <obra>
  <autor>
   <nomeautor>Diego Gualda de Lima</nomeautor>
  </autor>
  <nomeobra>Individualismo holista: Uma articulação crítica do pensamento político de Charles Taylor</nomeobra>
  <ano>2010</ano>
 </obra>
 <obra>
  <autor>
   <nomeautor>Diego Marques Ferreira</nomeautor>
  </autor>
  <nomeobra>O Carvalho e a mulemba. Angola na narrativa colonial portuguesa</nomeobra>
  <ano>2014</ano>
 </obra>
 <obra>
  <autor>
   <nomeautor>Eli Diniz</nomeautor>
  </autor>
  <nomeobra>José Sérgio Leite Lopes e Reginaldo Prandi, O Brasil no Rastro da Crise</nomeobra>
  <editora>Anpocs/Ipea/Hucitec</editora>
  <ano>1994</ano>
 </obra>
 <obra>
  <autor>
   <nomeautor>Elide Rugai Bastos</nomeautor>
  </autor>
  <nomeobra>Gilberto Freyre e o Pensamento Hispânico – Entre Dom Quixote e Alonso El Bueno</nomeobra>
  <editora>Edusc/Anpocs/Sumaré</editora>
  <ano>2003</ano>
 </obra>
 <obra>
  <autor>
   <nomeautor>Elisa Reis</nomeautor>
  </autor>
  <nomeobra>Maria Hermínia Tavares de Almeida (orgs.), Política e Cultura: Visões do Passado e Perspectivas Contemporâneas</nomeobra>
  <editora>Anpocs/Hucitec</editora>
  <ano>1996</ano>
 </obra>
 <obra>
  <autor>
   <nomeautor>Elisa Reis</nomeautor>
  </autor>
  <nomeobra>Maria Hermínia Tavares de Almeida e Pete Fry (orgs.), Pluralismo Espaço Social e Pesquisa</nomeobra>
  <editora>Anpocs/Hucitec</editora>
  <ano>1995</ano>
 </obra>
 <obra>
  <autor>
   <nomeautor>Enio Passiani</nomeautor>
  </autor>
  <nomeobra>Na trilha do Jeca. Monteiro Lobato e a formação do campo literário no Brasil</nomeobra>
  <editora>Edusc/Anpocs</editora>
  <ano>2003</ano>
 </obra>
 <obra>
  <autor>
   <nomeautor>Gilberto Hochman</nomeautor>
  </autor>
  <nomeobra>A Era do Saneamento</nomeobra>
  <editora>ANPOCS/Hucitec</editora>
  <ano>1998</ano>
 </obra>
 <obra>
  <autor>
   <nomeautor>Gustavo Lins Ribeiro </nomeautor>
   <funcao>organizador</funcao>
  </autor>
  <nomeobra>Social, political and cultural challenges of the BRICS</nomeobra>
  <editora>Langaa/Anpocs</editora>
  <ano>2014</ano>
 </obra>
 <obra>
  <autor>
   <nomeautor>Gustavo Lins Ribeiro </nomeautor>
   <funcao>organizador</funcao>
  </autor>
  <nomeobra>Desafios sociais, políticos e culturais dos BRICS</nomeobra>
  <ano>2014</ano>
 </obra>
 <obra>
  <autor>
   <nomeautor>Gustavo Lins Ribeiro</nomeautor>
  </autor>
  <nomeobra>Empresas Transnacionais: Um grande projeto por dentro</nomeobra>
  <editora>Anpocs/Editora Marco Zero</editora>
  <ano>1991</ano>
 </obra>
 <obra>
  <autor>
   <nomeautor>Helena Abramo</nomeautor>
  </autor>
  <nomeobra>Cenas Juvenis: Punk e Darks no Espetáculo Urbano</nomeobra>
  <editora>Scritta/Anpocs</editora>
  <ano>1994</ano>
 </obra>
 <obra>
  <autor>
   <nomeautor>Hélgio Trindade</nomeautor>
  </autor>
  <nomeobra>Ciências Sociais no Brasil: Diálogos com Mestres e Discípulos</nomeobra>
  <ano>2012</ano>
 </obra>
 <obra>
  <autor>
   <nomeautor>Hélgio Trindade </nomeautor>
   <funcao>organizador</funcao>
  </autor>
  <nomeobra>As Ciências Sociais na América Latina em Perspectiva Comparada (1930-2005), Anpocs/UFRGS</nomeobra>
  <editora>2ª edição</editora>
  <ano>2007</ano>
 </obra>
 <obra>
  <autor>
   <nomeautor>Heloisa Buarque de Almeida</nomeautor>
  </autor>
  <nomeobra>Telenovela, Consumo e Gênero</nomeobra>
  <editora>Edusc/Anpocs</editora>
  <ano>2003</ano>
 </obra>
 <obra>
  <autor>
   <nomeautor>Ivan de Andrade Vellasco</nomeautor>
  </autor>
  <nomeobra>As Seduções da Ordem – Violência, Criminalidade e Administração da Justiça – Minas Gerais, Século 19</nomeobra>
  <editora>Edusc/Anpocs</editora>
  <ano>2004</ano>
 </obra>
 <obra>
  <autor>
   <nomeautor>Izabel Missagia de Mattos</nomeautor>
  </autor>
  <nomeobra>Civilização e Revolta</nomeobra>
  <editora>Edusc/Anpocs</editora>
  <ano>2004</ano>
 </obra>
 <obra>
  <autor>
   <nomeautor>José Luís Cabaço</nomeautor>
  </autor>
  <nomeobra>Moçambique: Identidade, Colonialismo e Libertação</nomeobra>
  <ano>2009</ano>
 </obra>
 <obra>
  <autor>
   <nomeautor>José Maurício Anuti</nomeautor>
  </autor>
  <nomeobra>Mocambo, Antropologia e História do Processo de Formação Quilombola, Edusc/Anpocs</nomeobra>
  <ano>2006</ano>
 </obra>
 <obra>
  <autor>
   <nomeautor>José Moreira de Souza</nomeautor>
  </autor>
  <nomeobra>Cidade: Momentos e Processos – Serro e Diamantina na Formação do Norte Mineiro no Século XIX</nomeobra>
  <editora>Anpocs/Editora Marco Zero</editora>
  <ano>1993</ano>
 </obra>
 <obra>
  <autor>
   <nomeautor>
Júlio Assis Simões</nomeautor>
  </autor>
  <nomeobra>O Dilema da Participação Popular: A Etnografia de um caso</nomeobra>
  <editora>Anpocs/Editora Marco Zero</editora>
  <ano>1992</ano>
 </obra>
 <obra>
  <autor>
   <nomeautor>Leonarda Musumeci</nomeautor>
  </autor>
  <nomeobra>O Mito da Terra Liberta</nomeobra>
  <editora>Ed. Vértice/Anpocs</editora>
  <ano>1988</ano>
 </obra>
 <obra>
  <autor>
   <nomeautor>Leonardo Carbonieri Campoy</nomeautor>
  </autor>
  <nomeobra>Trevas sobre a luz: o underground do heavy metal extremo no Brasil</nomeobra>
  <editora>Editora Hucitec/Anpocs</editora>
  <ano>2010</ano>
 </obra>
 <obra>
  <autor>
   <nomeautor>Lúcia Eilbaum</nomeautor>
  </autor>
  <nomeobra>O Bairro Fala - Conflitos, Moralidades e Justiça no Conurbano Bonaerense</nomeobra>
  <ano>2012</ano>
 </obra>
 <obra>
  <autor>
   <nomeautor>Ludmila da Silva Catela</nomeautor>
  </autor>
  <nomeobra>Situação-Limite e Memória: A Reconstrução do Mundo dos Familiares de Desaparecidos da Argentina</nomeobra>
  <editora>Anpocs/Hucitec</editora>
  <ano>2001</ano>
 </obra>
 <obra>
  <autor>
   <nomeautor>Luís Donizete Benzi Grupioni</nomeautor>
  </autor>
  <nomeobra>Coleções e Expedições Vigiadas – Os Etnólogos no Conselho de Fiscalização das Expedições Artísticas</nomeobra>
  <editora>Anpocs/Hucitec</editora>
  <ano>1998</ano>
 </obra>
 <obra>
  <autor>
   <nomeautor>Luiz Henrique de Toledo</nomeautor>
  </autor>
  <nomeobra>Torcidas Organizadas de Futebol, Anpocs</nomeobra>
  <editora>Autores Associados</editora>
  <ano>1996</ano>
 </obra>
 <obra>
  <autor>
   <nomeautor>Marcelo Medeiros</nomeautor>
  </autor>
  <nomeobra>O que Faz os Ricos ricos</nomeobra>
  <editora>Anpocs/Cnpq/Hucitec</editora>
  <ano>2005</ano>
 </obra>
 <obra>
  <autor>
   <nomeautor>Marcos Otávio Bezerra</nomeautor>
  </autor>
  <nomeobra>Corrupção: Um Estudo sobre Poder Público e Relações Pessoais no Brasil</nomeobra>
  <editora>Relume-Dumará/Anpocs</editora>
  <ano>1995</ano>
 </obra>
 <obra>
  <autor>
   <nomeautor>Maria Alice Rezende de Carvalho</nomeautor>
  </autor>
  <autor>
   <nomeautor>Cícero Araújo</nomeautor>
  </autor>
  <autor>
   <nomeautor>Júlio Assis Simões </nomeautor>
   <funcao>organizador</funcao>
  </autor>
  <nomeobra>A Constituição de 1988: Passado e Futuro</nomeobra>
  <ano>2009</ano>
 </obra>
 <obra>
  <autor>
   <nomeautor>Maria das Dores Campos Machado</nomeautor>
  </autor>
  <nomeobra>Carismáticos e Pentecostais. Adesão Religiosa na Esfera Familiar</nomeobra>
  <editora>Anpocs/Ed. Autores Associados</editora>
  <ano>0000</ano>
 </obra>
 <obra>
  <autor>
   <nomeautor>Maria Filomena Gregori</nomeautor>
  </autor>
  <nomeobra>Cenas e Queixas: Um Estudo sobe Mulheres, Relações Violentas e a Prática Feminista</nomeobra>
  <editora>Anpocs/Paz e Terra</editora>
  <ano>1993</ano>
 </obra>
 <obra>
  <autor>
   <nomeautor>Maria Helena de C. Santos</nomeautor>
  </autor>
  <nomeobra>Política e Políticas de uma Energia Alternativa – O Caso PróÁlcool</nomeobra>
  <editora>Anpocs/Notrya</editora>
  <ano>1993</ano>
 </obra>
 <obra>
  <autor>
   <nomeautor>Mariana Chaguri</nomeautor>
  </autor>
  <nomeobra>O romancista e o engenho: José Lins do Rego e o regionalismo nordestino dos anos 1920 e 1930</nomeobra>
  <ano>2009</ano>
 </obra>
 <obra>
  <autor>
   <nomeautor>Mariana Cortez</nomeautor>
  </autor>
  <nomeobra>O Bandido que Virou Pregador</nomeobra>
  <editora>Anpocs/Hucitec</editora>
  <ano>2007</ano>
 </obra>
 <obra>
  <autor>
   <nomeautor>Márnio Teixeira-Pinto</nomeautor>
  </autor>
  <nomeobra>IEIPARI - Sacrifício e Vida Social ente os Índios Arara</nomeobra>
  <editora>Anpocs/Hucitec/UFPR</editora>
  <ano>1997</ano>
 </obra>
 <obra>
  <autor>
   <nomeautor>Miguel Serna Forcheri</nomeautor>
  </autor>
  <nomeobra>Reconversão Democrática das Esquerdas no Cone Sul: Trajetórias e desafios na Argentina, Brasil e Uruguai</nomeobra>
  <editora>Edusc/Anpocs</editora>
  <ano>2004</ano>
 </obra>
 <obra>
  <autor>
   <nomeautor>Nádia Farage</nomeautor>
  </autor>
  <nomeobra>As Muralhas dos Sertões: Os Povos Indígenas no Rio Branco e a Colonização, Anpocs/Paz e Terra</nomeobra>
  <ano>1991</ano>
 </obra>
 <obra>
  <autor>
   <nomeautor>Nina Vincent Lannes</nomeautor>
  </autor>
  <nomeobra>PARIS, MAORI: O Museu e seus Outros. Curadoria nativa no quai Branly, Anpocs/Garamond</nomeobra>
  <ano>2015</ano>
 </obra>
 <obra>
  <autor>
   <nomeautor>Octavio Ianni</nomeautor>
  </autor>
  <nomeobra>Pensamento Social no Brasil</nomeobra>
  <editora>Anposc/Edusc</editora>
  <ano>2004</ano>
 </obra>
 <obra>
  <autor>
   <nomeautor>Paulo Rogers Ferreira</nomeautor>
  </autor>
  <nomeobra>Os afectos mal-ditos: o indivizível nas sociedades camponesas</nomeobra>
  <editora>Editora Hucitec/Anpocs</editora>
  <ano>2008</ano>
 </obra>
 <obra>
  <autor>
   <nomeautor>Pierre Rosanvallon</nomeautor>
  </autor>
  <nomeobra>Por uma história do político</nomeobra>
  <editora>Alameda</editora>
  <ano>2010</ano>
 </obra>
 <obra>
  <autor>
   <nomeautor>Reginaldo Prandi</nomeautor>
  </autor>
  <nomeobra>O Livro dos Nomes da ANPOCS</nomeobra>
  <editora>Anpocs</editora>
  <ano>2002</ano>
 </obra>
 <obra>
  <autor>
   <nomeautor>Reginaldo Prandi</nomeautor>
  </autor>
  <nomeobra>O Livro dos Nomes da ANPOCS</nomeobra>
  <editora>Anpocs</editora>
  <ano>2003</ano>
 </obra>
 <obra>
  <autor>
   <nomeautor>Renan Springer de Freitas</nomeautor>
  </autor>
  <nomeobra>Sociologia do Conhecimento: Pragmatismo e Pensamento Evolutivo</nomeobra>
  <editora>Edusc/Anpocs</editora>
  <ano>2003</ano>
 </obra>
 <obra>
  <autor>
   <nomeautor>Renato Sérgio de Lima</nomeautor>
  </autor>
  <autor>
   <nomeautor>José Luiz Ratton</nomeautor>
  </autor>
  <nomeobra>As Ciências Sociais e os pioneiros nos estudos sobre o crime, violência e direitos humanos no Brasil</nomeobra>
  <ano>2011</ano>
 </obra>
 <obra>
  <autor>
   <nomeautor>Ricardo Abramovay</nomeautor>
  </autor>
  <nomeobra>Paradigmas do Capitalismo Agrário em Questão</nomeobra>
  <editora>Editora Hucitec/Anpocs/Unicamp</editora>
  <ano>1992</ano>
 </obra>
 <obra>
  <autor>
   <nomeautor>Ronaldo Conde Aguiar</nomeautor>
  </autor>
  <nomeobra>O Rebelde Esquecido – Tempo, Vida e Obra de Manoel Bomfim</nomeobra>
  <editora>Anpocs/Topbooks</editora>
  <ano>2000</ano>
 </obra>
 <obra>
  <autor>
   <nomeautor>Rosana Pinheiro-Machado</nomeautor>
  </autor>
  <nomeobra>Made in China. (In)formalidade, pirataria e redes sociais na rota China-Paraguai-Brasil</nomeobra>
  <ano>2011</ano>
 </obra>
 <obra>
  <autor>
   <nomeautor>Ruben George Oliven</nomeautor>
  </autor>
  <autor>
   <nomeautor>Marcelo Ridenti e Gildo Marçal Brandão </nomeautor>
   <funcao>organizador</funcao>
  </autor>
  <nomeobra>A Constituição de 1988 na vida brasileira</nomeobra>
  <ano>2008</ano>
 </obra>
 <obra>
  <autor>
   <nomeautor>Thamy Pogrebinschi</nomeautor>
  </autor>
  <nomeobra>O Problema da Obediência em Thomas Hobbes</nomeobra>
  <editora>Edusc/Anpocs</editora>
  <ano>2003</ano>
 </obra>
 <obra>
  <autor>
   <nomeautor>Wilma Mangabeira</nomeautor>
  </autor>
  <nomeobra>Os Dilemas do Novo Sindicalismo - Democracia e Política em Volta Redonda</nomeobra>
  <editora>Relume-Dumará/Anpocs</editora>
  <ano>1993</ano>
 </obra>
</LivrosColetaneas>