<?xml version="1.0" ?>
<patrocinadores>
 <patrocinador>Banco do Nordeste</patrocinador>
 <patrocinador>Banco Interamericano de Desenvolvimento – BID</patrocinador>
 <patrocinador>Banco Mundial</patrocinador>
 <patrocinador>Banco Nacional de Desenvolvimento - BNDES</patrocinador>
 <patrocinador>Banespa</patrocinador>
 <patrocinador>Caixa Econômica Federal</patrocinador>
 <patrocinador>Campus France</patrocinador>
 <patrocinador>CENDOTEC – Comunidade França-Brasil</patrocinador>
 <patrocinador>Centro de Estudos em Administração Pública e Governo – FGV</patrocinador>
 <patrocinador>Centro Cultural Brasil-Turquia – CCBT</patrocinador>
 <patrocinador>Comissão Fulbright</patrocinador>
 <patrocinador>Conselho Nacional de Desenvolvimento Científico e Tecnológico – CNPq</patrocinador>
 <patrocinador>Consulado Geral da França em São Paulo</patrocinador>
 <patrocinador>Coordenação de Aperfeiçoamento de Pessoal de Nível Superior - CAPES</patrocinador>
 <patrocinador>Cultura Acadêmica Editora</patrocinador>
 <patrocinador>DAAD – Intercâmbio Acadêmico Brasil-Alemanha</patrocinador>
 <patrocinador>Departamento de Antropologia da FFLCH/USP</patrocinador>
 <patrocinador>Departamento de Ciência Política da FFLCH/USP</patrocinador>
 <patrocinador>Departamento de Sociologia da FFLCH/USP</patrocinador>
 <patrocinador>Editora UNESP</patrocinador>
 <patrocinador>Embaixada dos Estados Unidos da América</patrocinador>
 <patrocinador>Faculdade de Filosofia, Letras e Ciências Humanas da USP – FFLCH</patrocinador>
 <patrocinador>Financiadora de Estudos e Projetos – FINEP</patrocinador>
 <patrocinador>Fórum Brasileiro de Segurança Pública</patrocinador>
 <patrocinador>Friedrich Ebert Stiftung</patrocinador>
 <patrocinador>Fundação Banco do Brasil</patrocinador>
 <patrocinador>Fundação Biblioteca Nacional – Ministério da Cultura</patrocinador>
 <patrocinador>Fundação Carlos Chagas Filho de Amparo à Pesquisa do Estado do Rio de Janeiro –</patrocinador>
 <patrocinador>FAPERJ</patrocinador>
 <patrocinador>Fundação Cearense de Apoio ao Desenvolvimento Científico e Tecnológico – FUNCAP</patrocinador>
 <patrocinador>Fundação de Amparo à Ciência e Tecnologia do Estado de Pernambuco – FACEPE</patrocinador>
 <patrocinador>Fundação de Amparo à Pesquisa do Estado de Minas Gerais – FAPEMIG</patrocinador>
 <patrocinador>Fundação de Amparo à Pesquisa do Estado de São Paulo – FAPESP</patrocinador>
 <patrocinador>Fundação de Amparo à Pesquisa do Estado do Rio Grande do Sul – FAPERGS</patrocinador>
 <patrocinador>Fundação de Apoio à Pesquisa do Distrito Federal – FAP-DF</patrocinador>
 <patrocinador>Fundação Ford</patrocinador>
 <patrocinador>Fundação José Bonifácio – FUJB-UFRJ</patrocinador>
 <patrocinador>Fundação Nacional de Arte – Funarte</patrocinador>
 <patrocinador>Institute of International Education</patrocinador>
 <patrocinador>Instituto Brasileiro de Arte e Cultura – IBAC</patrocinador>
 <patrocinador>Instituto de Colonização e Reforma Agrária – INCRA</patrocinador>
 <patrocinador>Instituto de Filosofia e Ciências Humanas da UNICAMP – IFCH</patrocinador>
 <patrocinador>Instituto de Pesquisa Econômica Aplicada – IPEA</patrocinador>
 <patrocinador>Instituto do Patrimônio Histórico e Artístico Nacional – IPHAN</patrocinador>
 <patrocinador>Instituto Interamericano de Cooperação para a Agricultura – IICA</patrocinador>
 <patrocinador>Instituto Moreira Sales – IMS</patrocinador>
 <patrocinador>Instituto Unibanco</patrocinador>
 <patrocinador>Interamerican Foundation – IAF</patrocinador>
 <patrocinador>Ministério da Educação</patrocinador>
 <patrocinador>Ministério da Justiça – SENASP</patrocinador>
 <patrocinador>Ministério do Desenvolvimento Agrário – NEAD</patrocinador>
 <patrocinador>Ministério do Desenvolvimento Social e Combate a Fome</patrocinador>
 <patrocinador>Núcleo de Estudos Agrários e Desenvolvimento Rural – NEAD</patrocinador>
 <patrocinador>Odebrecht</patrocinador>
 <patrocinador>Organização dos Estados Ibero-Americanos – OEI</patrocinador>
 <patrocinador>Petrobrás</patrocinador>
 <patrocinador>Prefeitura de Caxambu</patrocinador>
 <patrocinador>Promera</patrocinador>
 <patrocinador>Prefeitura Municipal de Águas de Lindóia</patrocinador>
 <patrocinador>Pró-Reitoria Adjunta de Pós-Graduação da UFRGS</patrocinador>
 <patrocinador>Reitoria da UFRJ</patrocinador>
 <patrocinador>Reitoria da USP</patrocinador>
 <patrocinador>Research in Germany: Land of Ideas</patrocinador>
 <patrocinador>Revista de História da Biblioteca Nacional</patrocinador>
 <patrocinador>Secretaria da Agricultura Familiar</patrocinador>
 <patrocinador>Secretaria Especial de Política para as Mulheres</patrocinador>
 <patrocinador>Secretaria Nacional de Segurança Pública</patrocinador>
 <patrocinador>Serviço Nacional da Indústria – SESI</patrocinador>
 <patrocinador>Serviço Nacional do Comércio – SESC</patrocinador>
 <patrocinador>The British Council</patrocinador>
 <patrocinador>Universidade do Vale do Rio Verde – UNINCOR</patrocinador>
 <patrocinador>Universdade Federal de Pernambuco – UFPE</patrocinador>
 <patrocinador>Universidade Federal do Rio de Janeiro – UFRJ</patrocinador>
 <patrocinador>UNESCO</patrocinador>
 <patrocinador>Vasp</patrocinador>
</patrocinadores>