<?xml version="1.0" ?>
<seminarios>
 <seminario>
  <nome>1964-1994 – O Golpe e seu Legado</nome>
  <ano>1993</ano>
  <participante>
   Maria Antonieta P. Leopoldi
   <instituicao>UFF</instituicao>
  </participante>
  <participante>
   Maria Celina Soares D’ Araujo
   <instituicao>UFF</instituicao>
  </participante>
 </seminario>
 <seminario>
  <nome>30 Anos de Eleições: Candidatos, Campanhas e Eleitores</nome>
  <ano>1990</ano>
  <participante>Marcus Faria Figueiredo</participante>
  <participante>Maria D’Alva Gil Kinzo</participante>
 </seminario>
 <seminario>
  <nome>A antropologia e seus métodos: o arquivo, o campo, os problemas</nome>
  <ano>2001</ano>
  <participante>
   Emerson Alessandro Giumbelli
   <instituicao>UFF</instituicao>
  </participante>
  <participante>
   Marcio Goldman
   <instituicao>UFRJ</instituicao>
  </participante>
 </seminario>
 <seminario>
  <nome>A cidadania no pós-socialismo</nome>
  <ano>1993</ano>
  <participante>
   Fábio Wanderley Reis
   <instituicao>UFMG</instituicao>
  </participante>
 </seminario>
 <seminario>
  <nome>A constituição de fronteiras nas ciências sociais: tensão e extensão no campo metodológico</nome>
  <ano>2004</ano>
  <participante>
   Jordão Horta Nunes
   <instituicao>UFG</instituicao>
  </participante>
  <participante>
   Maria Suely Kofes
   <instituicao>UNICAMP</instituicao>
  </participante>
  <participante>
   Mário Antonio Eufrasio
   <instituicao>USP</instituicao>
  </participante>
 </seminario>
 <seminario>
  <nome>A construção do trabalho intelectual</nome>
  <ano>1990</ano>
  <participante>
   Angela de Castro Gomes
   <instituicao>CPDOC/FGV</instituicao>
  </participante>
  <participante>
   Sérgio Miceli
   <instituicao>IDESP/USP</instituicao>
  </participante>
 </seminario>
 <seminario>
  <nome>A Construção Pública e Privada da Família</nome>
  <ano>1993</ano>
  <participante>
   Russel Parry Scott
   <instituicao>UFPE</instituicao>
  </participante>
  <participante>A contribuição dos métodos quantitativos para a análise de processos de estratificação e</participante>
 </seminario>
 <seminario>
  <nome>mobilidade social no Brasil</nome>
  <ano>2001</ano>
  <participante>
   Archibald Haller
   <instituicao>UFMG</instituicao>
  </participante>
  <participante>
   Neuma Aguiar
   <instituicao>UFMG</instituicao>
  </participante>
 </seminario>
 <seminario>
  <nome>A inserção internacional do Brasil: balanço dos anos 90 e perspectivas futuras</nome>
  <ano>2001</ano>
  <participante>
   Flávia Campos Mello
   <instituicao>PUC/SP</instituicao>
  </participante>
  <participante>
   Maria Izabel Valladão de Carvalho
   <instituicao>UnB</instituicao>
  </participante>
 </seminario>
 <seminario>
  <nome>A metrópole e a questão social</nome>
  <ano>2007</ano>
  <participante>
   Maria do Livramento Miranda Clementino
   <instituicao>UFRN</instituicao>
  </participante>
 </seminario>
 <seminario>
  <nome>A metrópole na sociedade contemporânea</nome>
  <ano>2013</ano>
  <participante>
   Maria do Livramento Clementino
   <instituicao>UFRN</instituicao>
  </participante>
  <participante>
   Luciana Teixeira Andrade
   <instituicao>PUC Minas</instituicao>
  </participante>
 </seminario>
 <seminario>
  <nome>A Transversalidade do Gênero nas Ciências Sociais</nome>
  <ano>1990</ano>
  <participante>
   Lena Lavinas
   <instituicao>UFRJ</instituicao>
  </participante>
  <participante>
   Lourdes Bandeira
   <instituicao>UFPB</instituicao>
  </participante>
 </seminario>
 <seminario>
  <nome>As ciências sociais e o “mundo rural” – impasses atuais, continuidades e desafios</nome>
  <ano>1997</ano>
  <participante>
   Zander Navarro
   <instituicao>UFRGS</instituicao>
  </participante>
 </seminario>
 <seminario>
  <nome>As classes sociais no Brasil contemporâneo</nome>
  <ano>2013</ano>
  <participante>
   Carlos Sávio Teixeira
   <instituicao>UFF</instituicao>
  </participante>
  <participante>
   Jessé Freire Souza
   <instituicao>UFJF</instituicao>
  </participante>
 </seminario>
 <seminario>
  <nome>As controvérsias na sociologia contemporânea e a sociologia no Brasil</nome>
  <ano>1990</ano>
  <participante>
   Sônia Maria Laranjeira
   <instituicao>UFRGS</instituicao>
  </participante>
 </seminario>
 <seminario>
  <nome>As fontes dos marxismos no Século XX</nome>
  <ano>2010</ano>
  <participante>
   Armando Boito Junior
   <instituicao>UNICAMP</instituicao>
  </participante>
  <participante>
   Marcos Del Roio
   <instituicao>UNESP</instituicao>
  </participante>
 </seminario>
 <seminario>
  <nome>As mudanças climáticas na perspectiva das ciências sociais</nome>
  <ano>2007</ano>
  <participante>
   Fúlvio Eduardo Fonseca
   <instituicao>UnB</instituicao>
  </participante>
  <participante>
   Haroldo de Oliveira Machado Filho
   <instituicao>IUHEI</instituicao>
  </participante>
 </seminario>
 <seminario>
  <nome>As várias faces da cultura negra no Brasil: textualidade, território, identidade</nome>
  <ano>1997</ano>
  <participante>
   José de Carvalho
   <instituicao>UnB</instituicao>
  </participante>
 </seminario>
 <seminario>
  <nome>As transformações no socialismo mundial e suas repercussões na esquerda brasileira</nome>
  <ano>1993</ano>
  <participante>
   Rubens Pinto Lyra
   <instituicao>UFPB</instituicao>
  </participante>
 </seminario>
 <seminario>
  <nome>Amazônia e Grandes Projetos – Modernização e Identidades</nome>
  <ano>1990</ano>
  <participante>
   Edna Maria Ramos de Castro
   <instituicao>UFPA</instituicao>
  </participante>
 </seminario>
 <seminario>
  <nome>América Latina na Década dos 90</nome>
  <ano>1990</ano>
  <participante>
   Lia Zanotta Machado
   <instituicao>UnB</instituicao>
  </participante>
  <participante>desafios e dilemas de suas relações internacionais e políticas externas no</participante>
 </seminario>
 <seminario>
  <nome>começo do século XXI</nome>
  <ano>2007</ano>
  <participante>
   Marcelo Coutinho
   <instituicao>IUPERJ</instituicao>
  </participante>
  <participante>
   Rafael Duarte Villa
   <instituicao>USP</instituicao>
  </participante>
 </seminario>
 <seminario>
  <nome>Análise sociológica dos fenômenos econômicos</nome>
  <ano>2004</ano>
  <participante>
   Cécile Raud Mattedi
   <instituicao>UFSC</instituicao>
  </participante>
  <participante>
   Ricardo Abramovay
   <instituicao>USP</instituicao>
  </participante>
  <participante>Roberto Grün</participante>
 </seminario>
 <seminario>
  <nome>Antropologia das emoções</nome>
  <ano>2007</ano>
  <participante>
   Maria Claudia Pereira Coelho
   <instituicao>UERJ</instituicao>
  </participante>
  <participante>
   Octavio Andrés Ramon Bonet
   <instituicao>UFJF</instituicao>
  </participante>
 </seminario>
 <seminario>
  <nome>Antropologia e comunicação</nome>
  <ano>2001</ano>
  <participante>
   Isabel Travancas
   <instituicao>UFRJ</instituicao>
  </participante>
 </seminario>
 <seminario>
  <nome>Brasil e pós-modernidade</nome>
  <ano>1993</ano>
  <participante>
   Gisela Taschner
   <instituicao>USP</instituicao>
  </participante>
 </seminario>
 <seminario>
  <nome>Ciberpolítica, ciberativismo e cibercultura</nome>
  <ano>2010</ano>
  <ano>2013</ano>
  <participante>
   Sérgio Amadeu da Silveira
   <instituicao>UFABC</instituicao>
  </participante>
  <participante>
   Sérgio Soares Braga
   <instituicao>UFPR</instituicao>
  </participante>
 </seminario>
 <seminario>
  <nome>Cidade: Planejamento, Pobreza Urbana e Representação</nome>
  <ano>1990</ano>
  <participante>
   Sergio de Azevedo
   <instituicao>UFMG</instituicao>
  </participante>
 </seminario>
 <seminario>
  <nome>Cidades: dimensões, escalas e composições</nome>
  <ano>2010</ano>
  <participante>
   Cristina Patriota de Moura
   <instituicao>UnB</instituicao>
  </participante>
  <participante>
   Mariana Cavalcanti Rocha dos Santos
   <instituicao>FGV-RJ</instituicao>
  </participante>
 </seminario>
 <seminario>
  <nome>Cidades: perspectivas e interlocuções nas ciências sociais</nome>
  <ano>2007</ano>
  <participante>
   Laura Graziela Gomes
   <instituicao>UFF</instituicao>
  </participante>
  <participante>
   Heitor Frúgoli Jr
   <instituicao>USP</instituicao>
  </participante>
 </seminario>
 <seminario>
  <nome>Ciência, tecnologia e sociedade</nome>
  <ano>1997</ano>
  <participante>
   Renan Springer de Freitas
   <instituicao>UFMG</instituicao>
  </participante>
 </seminario>
 <seminario>
  <nome>Ciência, tecnologia, inovação e sociedade</nome>
  <ano>2013</ano>
  <participante>
   Fabricio Monteiro Neves
   <instituicao>USP</instituicao>
  </participante>
  <participante>
   Maria Conceição da Costa
   <instituicao>UNICAMP</instituicao>
  </participante>
  <participante>repensando fronteiras e</participante>
 </seminario>
 <seminario>
  <nome>interfaces</nome>
  <ano>2004</ano>
  <participante>
   Renan Springer de Freitas
   <instituicao>UFMG</instituicao>
  </participante>
  <participante>
   Ricardo Francisco Waizbort
   <instituicao>FIOCRUZ</instituicao>
  </participante>
  <participante>
   Ricardo Ventura Santos
   <instituicao>UFRJ</instituicao>
  </participante>
 </seminario>
 <seminario>
  <nome>Ciências sociais e comunicação: diálogos conceituais e avanços na pesquisa</nome>
  <ano>2001</ano>
  <participante>
   Flavio Eduardo Silveira
   <instituicao>PUC-RS</instituicao>
  </participante>
  <participante>
   Marcus Figueredo
   <instituicao>IUPERJ</instituicao>
  </participante>
  <participante>
   Vera Chaia
   <instituicao>PUC-SP</instituicao>
  </participante>
 </seminario>
 <seminario>
  <nome>Ciências Sociais em outras linguagens</nome>
  <ano>2004</ano>
  <participante>
   Cornelia Eckert
   <instituicao>UFRGS</instituicao>
  </participante>
  <participante>
   José de Souza Martins
   <instituicao>USP</instituicao>
  </participante>
  <participante>
   Sylvia Caiuby Novaes
   <instituicao>USP</instituicao>
  </participante>
 </seminario>
 <seminario>
  <nome>Coleções, museus e patrimônios</nome>
  <ano>2007</ano>
  <participante>
   Myriam Sepulveda dos Santos
   <instituicao>UERJ</instituicao>
  </participante>
  <participante>
   Jose Reginaldo Santos Goncalves
   <instituicao>UFRJ</instituicao>
  </participante>
 </seminario>
 <seminario>
  <nome>Comportamento político</nome>
  <ano>2010</ano>
  <ano>2013</ano>
  <participante>
   Lucio Remuzat Rennó Junior
   <instituicao>UnB</instituicao>
  </participante>
  <participante>
   Mario Fuks
   <instituicao>UFMG</instituicao>
  </participante>
  <participante>
   Mathieu Turgeon
   <instituicao>UnB</instituicao>
  </participante>
 </seminario>
 <seminario>
  <nome>Conflitos ambientais, processos de territorialização e identidades sociais</nome>
  <ano>2007</ano>
  <participante>
   Eliane Cantarino Odwyer
   <instituicao>UFF</instituicao>
  </participante>
  <participante>
   Norma Felicidade Lopes da Silva Valencio
   <instituicao>UFSCAR</instituicao>
  </participante>
 </seminario>
 <seminario>
  <nome>Conflitualidade social, acesso à justiça e reformas do poder judiciário</nome>
  <ano>2004</ano>
  <participante>
   Jacqueline Sinhoretto
   <instituicao>USP</instituicao>
  </participante>
  <participante>
   Rodrigo Ghiringhelli de Azevedo
   <instituicao>UFRGS</instituicao>
  </participante>
  <participante>
   Roberto Kant de Lima
   <instituicao>UFF</instituicao>
  </participante>
 </seminario>
 <seminario>
  <nome>Conflitualidade social, acesso à justiça e reformas nas coercitivas do Sistema de Segurança Pública</nome>
  <ano>2007</ano>
  <participante>
   Rodrigo Ghiringhelli de Azevedo
   <instituicao>PUC/RS</instituicao>
  </participante>
  <participante>
   Roberto Kant de Lima
   <instituicao>UFF</instituicao>
  </participante>
 </seminario>
 <seminario>
  <nome>Conflitualidade social, acesso à justiça e segurança pública</nome>
  <ano>2006</ano>
  <participante>
   Jorge Zaverucha
   <instituicao>UFPE</instituicao>
  </participante>
  <participante>
   Roberto Kant de Lima
   <instituicao>UFF</instituicao>
  </participante>
  <participante>
   Rodrigo Ghiringhelli de Azevedo
   <instituicao>PUC/RS</instituicao>
  </participante>
 </seminario>
 <seminario>
  <nome>Controle e participação na democracia brasileira: instituições, dinâmicas e resultados</nome>
  <ano>2013</ano>
  <participante>
   Fernando Luiz Abrucio
   <instituicao>FGV/SP</instituicao>
  </participante>
  <participante>
   Paulo Mesquita D’Avila
   <instituicao>UERJ</instituicao>
  </participante>
 </seminario>
 <seminario>
  <nome>Controles democráticos e responsabilidade pública</nome>
  <ano>2001</ano>
  <participante>
   Alzira Alves de Abreu
   <instituicao>FGV-RJ</instituicao>
  </participante>
 </seminario>
 <seminario>
  <nome>Controvérsias conceituais da democracia contemporânea: teoria e empiria</nome>
  <ano>2007</ano>
  <participante>
   Bruno Pinheiro Wanderley Reis
   <instituicao>UFMG</instituicao>
  </participante>
  <participante>
   Rogerio Bastos Arantes
   <instituicao>PUC/SP</instituicao>
  </participante>
 </seminario>
 <seminario>
  <nome>Cor, etnicidade e ascensão social</nome>
  <ano>1997</ano>
  <participante>
   Giralda Seyferth
   <instituicao>UFRJ</instituicao>
  </participante>
  <participante>
   Livio Sansone
   <instituicao>Fac. Cândido Mendes</instituicao>
  </participante>
 </seminario>
 <seminario>
  <nome>Corpo, saúde e emoção</nome>
  <ano>2010</ano>
  <participante>
   Cynthia Andersen Sarti
   <instituicao>UNIFESP</instituicao>
  </participante>
  <participante>
   Maria Claudia Pereira Coelho
   <instituicao>UERJ</instituicao>
  </participante>
 </seminario>
 <seminario>
  <nome>Corpo, sexualidade e identidade</nome>
  <ano>2004</ano>
  <participante>
   Júlio Simões
   <instituicao>USP</instituicao>
  </participante>
  <participante>
   Maria Filomena Gregori
   <instituicao>UNICAMP</instituicao>
  </participante>
  <participante>
   Sergio Luis Carrara
   <instituicao>UERJ</instituicao>
  </participante>
 </seminario>
 <seminario>
  <nome>Cosmopolíticas ameríndias: descrevendo processos de</nome>
  <ano>2013</ano>
  <participante>
   Tania Stolze Lima
   <instituicao>UFF</instituicao>
  </participante>
  <participante>
   Renato Sztutman
   <instituicao>USP</instituicao>
  </participante>
 </seminario>
 <seminario>
  <nome>Crise do Estado e educação</nome>
  <ano>1990</ano>
  <participante>
   Elba Siqueira de Sá Barreto
   <instituicao>Fundação Carlos Chagas</instituicao>
  </participante>
 </seminario>
 <seminario>
  <nome>Crise e transformações no poder local</nome>
  <ano>1993</ano>
  <participante>
   Irlys Barreira
   <instituicao>UFC</instituicao>
  </participante>
  <participante>
   Luiz Antônio Machado da Silva
   <instituicao>UFRJ</instituicao>
  </participante>
 </seminario>
 <seminario>
  <nome>Cultura e arte na sociedade contemporânea: novos desafios, novas estratégias</nome>
  <ano>2001</ano>
  <participante>
   João Gabriel Lima Cruz Teixeira
   <instituicao>UnB</instituicao>
  </participante>
  <participante>
   José Mario Ortiz Ramos
   <instituicao>UNICAMP</instituicao>
  </participante>
 </seminario>
 <seminario>
  <nome>Cultura, políticas e atendimento de saúde</nome>
  <ano>2004</ano>
  <participante>
   Cynthia Andersen Sarti
   <instituicao>UNIFESP</instituicao>
  </participante>
  <participante>
   Russell Parry Scott
   <instituicao>UFPE</instituicao>
  </participante>
 </seminario>
 <seminario>
  <nome>Culturas jovens urbanas e novas configurações subjetivas</nome>
  <ano>2006</ano>
  <participante>
   Fernanda Eugenio
   <instituicao>UFRJ</instituicao>
  </participante>
  <participante>
   Maria Claudia Coelho
   <instituicao>UERJ</instituicao>
  </participante>
  <participante>
   Maria Isabel Mendes de Almeida
   <instituicao>PUC/RIO</instituicao>
  </participante>
 </seminario>
 <seminario>
  <nome>Da modernidade global às modernidades múltiplas: descentrando a teoria social</nome>
  <ano>2004</ano>
  <participante>
   Josué Pereira da Silva
   <instituicao>UNICAMP</instituicao>
  </participante>
  <participante>
   Sérgio Costa
   <instituicao>FU-Berlin</instituicao>
  </participante>
 </seminario>
 <seminario>
  <nome>De eventos e mitos: biografias, memórias e histórias nas narrações urbanas contemporâneas</nome>
  <ano>2007</ano>
  <participante>
   Eliane Tânia Martins de Freitas
   <instituicao>UFRN</instituicao>
  </participante>
  <participante>
   Maria Elisabeth de Andrade Costa
   <instituicao>UERJ</instituicao>
  </participante>
 </seminario>
 <seminario>
  <nome>Democracia e desigualdades</nome>
  <ano>2013</ano>
  <participante>
   Daniel de Mendonça
   <instituicao>UFPel</instituicao>
  </participante>
  <participante>
   Luis Felipe Miguel
   <instituicao>UnB</instituicao>
  </participante>
 </seminario>
 <seminario>
  <nome>Democracia, comunicação política e eleições</nome>
  <ano>2004</ano>
  <ano>2007</ano>
  <participante>
   Alessandra Aldé
   <instituicao>UERJ</instituicao>
  </participante>
  <participante>
   Luis Felipe Miguel
   <instituicao>UnB</instituicao>
  </participante>
  <participante>
   Fernando Antônio Azevedo
   <instituicao>UFSCAR</instituicao>
  </participante>
  <participante>
   Vera Lúcia Michalany Chaia
   <instituicao>PUC-SP</instituicao>
  </participante>
 </seminario>
 <seminario>
  <nome>Democracia, conflito e participação na cidade</nome>
  <ano>1990</ano>
  <participante>
   Edison Nunes
   <instituicao>CEDEC</instituicao>
  </participante>
  <participante>
   Paulo José Kriscke
   <instituicao>UFSC</instituicao>
  </participante>
 </seminario>
 <seminario>
  <nome>Desenvolvimento e instituições – projetos, agenda, atores e reformas em perspectiva comparada</nome>
  <ano>2007</ano>
  <participante>
   Jorge Ruben Biton Tapia
   <instituicao>UNICAMP</instituicao>
  </participante>
  <participante>
   Eduardo Salomão Condé
   <instituicao>UFJF</instituicao>
  </participante>
 </seminario>
 <seminario>
  <nome>Desenvolvimento: debate contemporâneo, experiências e projetos</nome>
  <ano>2013</ano>
  <participante>
   Eduardo Salomão Condè
   <instituicao>UFJF</instituicao>
  </participante>
  <participante>
   Francisco Fonseca
   <instituicao>FGV-SP</instituicao>
  </participante>
 </seminario>
 <seminario>
  <nome>Desigualdades: desafios teóricos e novas configurações</nome>
  <ano>2010</ano>
  <participante>
   José Alcides Figueiredo Santos
   <instituicao>UFJF</instituicao>
  </participante>
  <participante>
   Márcia Regina de Lima Silva
   <instituicao>USP</instituicao>
  </participante>
 </seminario>
 <seminario>
  <nome/>
  <ano>1997</ano>
  <participante>
   Cesar Caldeira
   <instituicao>UNIRIO</instituicao>
  </participante>
  <participante>
   Maria Célia Paoli
   <instituicao>USP</instituicao>
  </participante>
 </seminario>
 <seminario>
  <nome>Dilemas da modernidade periférica</nome>
  <ano>2004</ano>
  <ano>2007</ano>
  <ano>2010</ano>
  <participante>
   Eurico Antônio Gonzalez Cursino dos Santos
   <instituicao>UnB</instituicao>
  </participante>
  <participante>
   Gildo Marçal Brandão
   <instituicao>USP</instituicao>
  </participante>
  <participante>
   Jessé José Freire de Souza
   <instituicao>UENF</instituicao>
  </participante>
  <participante>
   Marco Aurélio Nogueira
   <instituicao>UNESP</instituicao>
  </participante>
  <participante>
   Milton Lahuerta
   <instituicao>UNESP</instituicao>
  </participante>
 </seminario>
 <seminario>
  <nome>Dilemas e perspectivas da política internacional contemporânea</nome>
  <ano>1997</ano>
  <participante>
   Sônia de Camargo
   <instituicao>PUC/RJ</instituicao>
  </participante>
 </seminario>
 <seminario>
  <nome>Dilemas e Perspectivas do Estudo de Gênero para os Anos 90</nome>
  <ano>1993</ano>
  <participante>
   Magda de Almeida Neves
   <instituicao>UFMG</instituicao>
  </participante>
 </seminario>
 <seminario>
  <nome>Direitos humanos, políticas e diversidade cultural</nome>
  <ano>2010</ano>
  <participante>
   Jayme Benvenuto Lima Junior
   <instituicao>UNICAP</instituicao>
  </participante>
  <participante>
   Ana Lúcia Pastore Schritzmeyer
   <instituicao>USP</instituicao>
  </participante>
 </seminario>
 <seminario>
  <nome>Do ponto de vista das crianças: pesquisas recentes em ciências sociais</nome>
  <ano>2007</ano>
  <ano>2010</ano>
  <participante>
   Antonella Maria Imperatriz Tassinari
   <instituicao>UFSC</instituicao>
  </participante>
  <participante>
   Clarice Cohn
   <instituicao>UFSCAR</instituicao>
  </participante>
 </seminario>
 <seminario>
  <nome>Ecologia, Política e Sociedade</nome>
  <ano>1990</ano>
  <participante>
   Daniel Joseph Hogan
   <instituicao>UNICAMP</instituicao>
  </participante>
 </seminario>
 <seminario>
  <nome>Economia e políticas do simbólico</nome>
  <ano>2010</ano>
  <participante>
   Edson Farias
   <instituicao>UnB</instituicao>
  </participante>
  <participante>
   Maria Celeste Mira
   <instituicao>PUC/SP</instituicao>
  </participante>
 </seminario>
 <seminario>
  <nome>Economia-política da cultura</nome>
  <ano>2007</ano>
  <participante>
   Edson Farias
   <instituicao>UNB</instituicao>
  </participante>
  <participante>
   Maria Celeste Mira
   <instituicao>PUC/SP</instituicao>
  </participante>
 </seminario>
 <seminario>
  <nome>Educação indígena: diversidade e cidadania</nome>
  <ano>1997</ano>
  <participante>
   Aracy Lopes da Silva
   <instituicao>USP</instituicao>
  </participante>
  <participante>
   Luís Donisete Benzi Grupioni
   <instituicao>USP</instituicao>
  </participante>
 </seminario>
 <seminario>
  <nome>Elites e espaços de poder</nome>
  <ano>2013</ano>
  <participante>
   Adriano Nervo Codato
   <instituicao>UFPR</instituicao>
  </participante>
  <participante>
   Ernesto Seidl
   <instituicao>UFS</instituicao>
  </participante>
 </seminario>
 <seminario>
  <nome>Elites e instituições políticas</nome>
  <ano>2007</ano>
  <participante>
   Miguel Pablo Serna Forcheri
   <instituicao>UFRGS</instituicao>
  </participante>
  <participante>
   Renato Monseff Perissinotto
   <instituicao>UFPR</instituicao>
  </participante>
 </seminario>
 <seminario>
  <nome>Em busca de uma identidade nacional</nome>
  <ano>1990</ano>
  <participante>
   Janirza Cavalcante da Rocha Lima
   <instituicao>FUNDAJ</instituicao>
  </participante>
  <participante>
   Maria Helena Villas Bôas Concone
   <instituicao>PUC/SP</instituicao>
  </participante>
 </seminario>
 <seminario>
  <nome>Empresas, mercados e sociedade</nome>
  <ano>2013</ano>
  <participante>
   Marcelo Sampaio Carneiro
   <instituicao>UFMA</instituicao>
  </participante>
  <participante>
   Sandro Ruduit Garcia
   <instituicao>UFRGS</instituicao>
  </participante>
 </seminario>
 <seminario>
  <nome>Espaço e território no pensamento brasileiro: história, ciências sociais e questões de pesquisa</nome>
  <ano>2013</ano>
  <participante>
   João Marcelo Ehlert Maia
   <instituicao>CPDOC</instituicao>
  </participante>
  <participante>
   Nísia Trindade Lima
   <instituicao>COC</instituicao>
  </participante>
 </seminario>
 <seminario>
  <nome>Esporte e sociedade</nome>
  <ano>2010</ano>
  <ano>2013</ano>
  <participante>
   Arlei Sander Damo
   <instituicao>UFRGS</instituicao>
  </participante>
  <participante>
   Josimar Jorge Ventura de Morais
   <instituicao>UFPE</instituicao>
  </participante>
  <participante>
   Luiz Henrique Toledo
   <instituicao>UFSCAR</instituicao>
  </participante>
  <participante>
   Simone Magalhães Brito
   <instituicao>UFPB</instituicao>
  </participante>
 </seminario>
 <seminario>
  <nome>Estado, Sociedade e Educação</nome>
  <ano>1993</ano>
  <participante>Carlos Benedito Martins, UnB</participante>
 </seminario>
 <seminario>
  <nome>Esporte, política e cultura</nome>
  <ano>2006</ano>
  <participante>
   José Jairo Vieira
   <instituicao>UFV</instituicao>
  </participante>
  <participante>
   Ronaldo Helal
   <instituicao>UERJ</instituicao>
  </participante>
 </seminario>
 <seminario>
  <nome>Estética e Política da Representação</nome>
  <ano>1993</ano>
  <participante>
   Maria Angélica Madeira
   <instituicao>UnB</instituicao>
  </participante>
  <participante>
   Rejane Accioly Carvalho
   <instituicao>UFC</instituicao>
  </participante>
 </seminario>
 <seminario>
  <nome>Estrutura social, ação coletiva e poder político</nome>
  <ano>2007</ano>
  <participante>
   Brasilio Sallum Jr
   <instituicao>USP</instituicao>
  </participante>
 </seminario>
 <seminario>
  <nome>Estudos de gênero: teoria e pesquisa</nome>
  <ano>2007</ano>
  <participante>
   Lucila Scavone
   <instituicao>UNESP</instituicao>
  </participante>
  <participante>
   Luzinete Simões Minella
   <instituicao>UFSC</instituicao>
  </participante>
 </seminario>
 <seminario>
  <nome>Estudos legislativos: avanços e perspectivas</nome>
  <ano>2013</ano>
  <participante>
   Mauricio Assumpção Moya
   <instituicao>UFRGS</instituicao>
  </participante>
  <participante>
   Marta Mendes Rocha
   <instituicao>UFJF</instituicao>
  </participante>
 </seminario>
 <seminario>
  <nome>Família Brasileira</nome>
  <ano>1990</ano>
  <participante>
   Maria Cristina A. Bruschini
   <instituicao>Fundação Carlos Chagas</instituicao>
  </participante>
 </seminario>
 <seminario>
  <nome>Família e trabalho: desafios da conciliação no contexto de desigualdades</nome>
  <ano>2013</ano>
  <participante>
   Felícia Silva Picanço
   <instituicao>UFRJ</instituicao>
  </participante>
  <participante>
   Jurema Gorski Brites
   <instituicao>UFSM</instituicao>
  </participante>
 </seminario>
 <seminario>
  <nome>Federalismo, instituições e políticas públicas no Brasil</nome>
  <ano>2001</ano>
  <participante>
   Marta Arretche
   <instituicao>UNESP/Araraquara</instituicao>
  </participante>
 </seminario>
 <seminario>
  <nome>Financiamento político no Brasil: o impacto do dinheiro sobre partidos, eleições, candidatos e representantes</nome>
  <ano>2013</ano>
  <participante>
   Emerson Urizzi Cervi
   <instituicao>UFPR</instituicao>
  </participante>
  <participante>
   Mauro Macedo Campos
   <instituicao>UENF</instituicao>
  </participante>
 </seminario>
 <seminario>
  <nome>Forças Armadas, Estado e Sociedade</nome>
  <ano>1990</ano>
  <ano>2010</ano>
  <participante>
   Adriana Barreto de Souza
   <instituicao>UFRRJ</instituicao>
  </participante>
  <participante>
   Piero de Camargo Leirner
   <instituicao>UFSCAR</instituicao>
  </participante>
  <participante>
   Renato P. Dagnino
   <instituicao>UNICAMP</instituicao>
  </participante>
  <participante>perspectivas sociogenéticas e</participante>
 </seminario>
 <seminario>
  <nome>antropológicas na análise dos processos sociais no Brasil contemporâneo</nome>
  <ano>1997</ano>
  <participante>
   Antonio Carlos de Souza Lima
   <instituicao>UFRJ</instituicao>
  </participante>
  <participante>
   Gilberto Hochman
   <instituicao>FIOCRUZ</instituicao>
  </participante>
  <participante>
   Piero de Camargo Leirner
   <instituicao>UFSCAR</instituicao>
  </participante>
 </seminario>
 <seminario>
  <nome>Futuro da População Brasileira: Cor e Identificação</nome>
  <ano>1990</ano>
  <participante>
   Yvonne Maggie
   <instituicao>IFCS</instituicao>
  </participante>
 </seminario>
 <seminario>
  <nome>Grupos dirigentes e estruturas de poder</nome>
  <ano>2010</ano>
  <participante>
   Mario Grynszpan
   <instituicao>FGV-RJ</instituicao>
  </participante>
  <participante>
   Miguel Serna
   <instituicao>UDELAR</instituicao>
  </participante>
 </seminario>
 <seminario>
  <nome>Grupos profissionais, inclusão e cidadania</nome>
  <ano>2004</ano>
  <participante>
   Luiz Antonio Castro Santos
   <instituicao>UERJ</instituicao>
  </participante>
  <participante>
   Maria da Glória Bonelli
   <instituicao>UFSCAR</instituicao>
  </participante>
  <participante>
   Maria Ligia de Oliveira Barbosa
   <instituicao>UFRJ</instituicao>
  </participante>
 </seminario>
 <seminario>
  <nome>História Oral e Memória</nome>
  <ano>1993</ano>
  <participante>
   Marieta de Moraes Ferreira
   <instituicao>UFRJ</instituicao>
  </participante>
  <participante>
   Rosilene Alvim
   <instituicao>UFRJ</instituicao>
  </participante>
 </seminario>
 <seminario>
  <nome>Horizonte da etnologia indígena: cosmologias e formas de sociabilidade na América do Sul</nome>
  <ano>1997</ano>
  <participante>
   Aparecida Vilaça
   <instituicao>UFRJ</instituicao>
  </participante>
  <participante>
   Márcio Silva
   <instituicao>UNICAMP</instituicao>
  </participante>
 </seminario>
 <seminario>
  <nome>Ideologia do desenvolvimento, sujeitos sociais e conflitos socioambientais</nome>
  <ano>2010</ano>
  <participante>
   Flávia Maria Galizoni
   <instituicao>UFMG</instituicao>
  </participante>
  <participante>
   Horácio Antunes de Sant’Ana Júnior
   <instituicao>UFMA</instituicao>
  </participante>
 </seminario>
 <seminario>
  <nome>Imagem e suas leituras nas ciências sociais</nome>
  <ano>2010</ano>
  <participante>
   Ana Paula Cavalcanti Simioni
   <instituicao>USP</instituicao>
  </participante>
  <participante>
   Marco Antonio Gonçalves
   <instituicao>UFRJ</instituicao>
  </participante>
 </seminario>
 <seminario>
  <nome>Imagens da modernidade: mídia, consumo e relações de poder</nome>
  <ano>2004</ano>
  <participante>
   Peter Fry
   <instituicao>UFRJ</instituicao>
  </participante>
  <participante>
   Esther Hamburger
   <instituicao>USP</instituicao>
  </participante>
  <participante>
   Everaldo Rocha
   <instituicao>PUC-RJ</instituicao>
  </participante>
 </seminario>
 <seminario>
  <nome>Imagens do Brasil: memória e identidade</nome>
  <ano>2001</ano>
  <participante>
   Ana Maria Galano
   <instituicao>UFRJ</instituicao>
  </participante>
  <participante>
   Ângela de Castro Gomes
   <instituicao>FGV/RJ</instituicao>
  </participante>
  <participante>
   Elina G. da Fonte Pessanha
   <instituicao>UFRJ</instituicao>
  </participante>
  <participante>
   Regina Novaes
   <instituicao>UFRJ</instituicao>
  </participante>
 </seminario>
 <seminario>
  <nome>Imagética e religião: mediações tecnológicas e fluxos de sentido na contemporaneidade</nome>
  <ano>2007</ano>
  <participante>
   José Rogério Lopes
   <instituicao>Unisinos</instituicao>
  </participante>
  <participante>
   Arnaldo Érico Huff Júnior
   <instituicao>UFJF</instituicao>
  </participante>
 </seminario>
 <seminario>
  <nome>Imigração como perigo: antigas questões, novos desafios</nome>
  <ano>2007</ano>
  <participante>
   Oswaldo Mario Serra Truzzi
   <instituicao>UFSCAR</instituicao>
  </participante>
  <participante>
   Rossana Rocha Reis
   <instituicao>USP</instituicao>
  </participante>
 </seminario>
 <seminario>
  <nome>Instituições, democracia e políticas públicas</nome>
  <ano>1990</ano>
  <participante>
   Marcus André Melo
   <instituicao>UFPE</instituicao>
  </participante>
 </seminario>
 <seminario>
  <nome>Instituições judiciais, política e moralidades na democracia</nome>
  <ano>2013</ano>
  <participante>
   Antonio Cesar Pimentel Caldeira
   <instituicao>UNIRIO</instituicao>
  </participante>
  <participante>
   Débora Alves Maciel
   <instituicao>UNIFESP</instituicao>
  </participante>
 </seminario>
 <seminario>
  <nome>Instituições políticas e reforma do Estado</nome>
  <ano>1997</ano>
  <participante>
   Fabiano Guilherme Mendes Santos
   <instituicao>IUPERJ</instituicao>
  </participante>
  <participante>
   Marcus André Melo
   <instituicao>UFPE</instituicao>
  </participante>
 </seminario>
 <seminario>
  <nome>Integração e Conflito: A Formação dos Megablocos</nome>
  <ano>1993</ano>
  <participante>
   Shiguenoli Miyamoto
   <instituicao>UNICAMP</instituicao>
  </participante>
 </seminario>
 <seminario>
  <nome>Integração regional hoje: balanço e perspectivas</nome>
  <ano>2007</ano>
  <participante>
   Andrea Ribeiro Hoffmann
   <instituicao>PUC/RIO</instituicao>
  </participante>
  <participante>
   Marcelo de Almeida Medeiros
   <instituicao>UFPE</instituicao>
  </participante>
 </seminario>
 <seminario>
  <nome>Intelectuais, cultura e democracia</nome>
  <ano>2010</ano>
  <ano>2013</ano>
  <participante>
   Luiz Jorge Werneck Vianna
   <instituicao>IUPERJ</instituicao>
  </participante>
  <participante>
   Rubem Barboza Filho
   <instituicao>UFJF</instituicao>
  </participante>
 </seminario>
 <seminario>
  <nome>Judiciário, ativismo e política</nome>
  <ano>2010</ano>
  <participante>
   Fabiano Engelmann
   <instituicao>UFRGS</instituicao>
  </participante>
  <participante>
   Gisele Cittadino
   <instituicao>PUC/Rio</instituicao>
  </participante>
 </seminario>
 <seminario>
  <nome>Juventude: sexualidade, gênero e reprodução</nome>
  <ano>2006</ano>
  <participante>
   Daniela Knauth
   <instituicao>UFRGS</instituicao>
  </participante>
  <participante>
   Elaine Reis Brandão
   <instituicao>UFRJ</instituicao>
  </participante>
  <participante>
   Maria Luiza Heilborn
   <instituicao>UERJ</instituicao>
  </participante>
 </seminario>
 <seminario>
  <nome>Legitimidade democrática, representação e participação</nome>
  <ano>2010</ano>
  <participante>
   Adrian Gurza Lavalle
   <instituicao>USP</instituicao>
  </participante>
  <participante>
   Paulo d’Avila Filho
   <instituicao>PUC/Rio</instituicao>
  </participante>
 </seminario>
 <seminario>
  <nome>Lei, Direitos, Justiça e Sociedade – Velhas Questões, Novas Abordagens</nome>
  <ano>1993</ano>
  <participante>
   Maria Célia Paoli
   <instituicao>USP</instituicao>
  </participante>
  <participante>Sérgio Adorno</participante>
 </seminario>
 <seminario>
  <nome>Liberalismo e comunitarismo: o que esse debate tem a ver com o Brasil?</nome>
  <ano>1997</ano>
  <participante>
   Jessé Souza
   <instituicao>UnB</instituicao>
  </participante>
  <participante>culturas jovens urbanas e novas</participante>
 </seminario>
 <seminario>
  <nome>configurações subjetivas</nome>
  <ano>2004</ano>
  <participante>
   Fernanda Eugenio
   <instituicao>UFRJ</instituicao>
  </participante>
  <participante>
   Maria Claudia Coelho
   <instituicao>UERJ</instituicao>
  </participante>
  <participante>
   Maria Isabel Mendes de Almeida
   <instituicao>PUC/RJ</instituicao>
  </participante>
 </seminario>
 <seminario>
  <nome>Memória, patrimônio e sociedade: desafios contemporâneos</nome>
  <ano>2004</ano>
  <participante>
   José Reginaldo Santos Gonçalves
   <instituicao>UFRJ</instituicao>
  </participante>
  <participante>
   Manuel Ferreira Lima Filho
   <instituicao>UCG</instituicao>
  </participante>
  <participante>
   Regina Maria do Rego Monteiro de Abreu
   <instituicao>UNIRIO</instituicao>
  </participante>
 </seminario>
 <seminario>
  <nome>Memória social e patrimônio: desafios contemporâneos</nome>
  <ano>2006</ano>
  <participante>
   José Reginaldo dos Santos Gonçalves
   <instituicao>UFRJ</instituicao>
  </participante>
  <participante>
   Manuel Ferreira Lima Filho
   <instituicao>UCG</instituicao>
  </participante>
  <participante>
   Regina Maria do Rego Monteiro de Abreu
   <instituicao>UNIRIO</instituicao>
  </participante>
 </seminario>
 <seminario>
  <nome>Metamorfoses do rural contemporâneo</nome>
  <ano>2010</ano>
  <ano>2013</ano>
  <participante>
   Flávio Sacco dos Anjos
   <instituicao>UFPEL</instituicao>
  </participante>
  <participante>
   Rodrigo Constante Martins
   <instituicao>UFSCAR</instituicao>
  </participante>
 </seminario>
 <seminario>
  <nome>Metrópole, desigualdades socio-espaciais e governança urbana: reflexões comparativas</nome>
  <ano>1997</ano>
  <participante>
   Lúcia Bógus
   <instituicao>PUC/SP</instituicao>
  </participante>
  <participante>
   Luiz Cesar Queiroz Ribeiro
   <instituicao>UFRJ</instituicao>
  </participante>
 </seminario>
 <seminario>
  <nome>Metrópoles: segmentação, sociabilidade e cidadania</nome>
  <ano>2004</ano>
  <participante>
   Luciana Corrêa do Lago
   <instituicao>UFRJ</instituicao>
  </participante>
  <participante>
   Luiz Antonio Machado da Silva
   <instituicao>UFRJ</instituicao>
  </participante>
  <participante>
   Luiz Cesar de Queiroz Ribeiro
   <instituicao>UFRJ</instituicao>
  </participante>
 </seminario>
 <seminario>
  <nome>Mídia, consumo e relações de poder</nome>
  <ano>2006</ano>
  <participante>
   Everardo Rocha
   <instituicao>PUC/RJ</instituicao>
  </participante>
  <participante>
   Esther Hamburger
   <instituicao>USP</instituicao>
  </participante>
  <participante>
   Peter Fry
   <instituicao>UFRJ</instituicao>
  </participante>
 </seminario>
 <seminario>
  <nome>Mídia, política e eleições</nome>
  <ano>2010</ano>
  <ano>2013</ano>
  <participante>
   Antonio Jorge Fonseca Sanches de Almeida
   <instituicao>UFBA</instituicao>
  </participante>
  <participante>
   Flávia Biroli
   <instituicao>UnB</instituicao>
  </participante>
  <participante>
   Ricardo Fabrino Mendonça
   <instituicao>UFMG</instituicao>
  </participante>
 </seminario>
 <seminario>
  <nome>Mídia, política e opinião pública</nome>
  <ano>1997</ano>
  <participante>
   Marcus Figueiredo
   <instituicao>IUPERJ</instituicao>
  </participante>
 </seminario>
 <seminario>
  <nome>Migrações em trânsito: produção, circulação e consumo em questão</nome>
  <ano>2010</ano>
  <participante>
   Helion Póvoa Neto
   <instituicao>UFRJ</instituicao>
  </participante>
  <participante>
   Maria Catarina Chitolina Zanini
   <instituicao>UFSM</instituicao>
  </participante>
 </seminario>
 <seminario>
  <nome>Migrações internacionais, Estado-nação e cidadania</nome>
  <ano>2004</ano>
  <participante>
   Ethel Kosminsky
   <instituicao>UNESP</instituicao>
  </participante>
  <participante>
   Giralda Seyferth
   <instituicao>UFRJ</instituicao>
  </participante>
  <participante>
   José Renato de Campos Araújo
   <instituicao>UNICAMP</instituicao>
  </participante>
 </seminario>
 <seminario>
  <nome>Migrações, trabalho e capitais</nome>
  <ano>2013</ano>
  <participante>
   Maria Catarina Zanini
   <instituicao>UFSM</instituicao>
  </participante>
  <participante>
   José Renato de Campos Araújo
   <instituicao>USP</instituicao>
  </participante>
 </seminario>
 <seminario>
  <nome>Modernidade, cultura e entretenimento</nome>
  <ano>2006</ano>
  <participante>
   Edson Farias
   <instituicao>UFBA</instituicao>
  </participante>
  <participante>
   Maria Celeste Mira
   <instituicao>PUC/SP</instituicao>
  </participante>
  <participante>
   Renato Ortiz
   <instituicao>UNICAMP</instituicao>
  </participante>
 </seminario>
 <seminario>
  <nome>Movimentos migratórios: convivência e intolerância</nome>
  <ano>2001</ano>
  <participante>
   Célia Sakurai
   <instituicao>IDESP</instituicao>
  </participante>
  <participante>
   Ethel Kosminsky
   <instituicao>USP</instituicao>
  </participante>
  <participante>
   Zeila de Brito Fabri Demartini
   <instituicao>USP</instituicao>
  </participante>
 </seminario>
 <seminario>
  <nome>Movimentos migratórios: visões comparativas</nome>
  <ano>1997</ano>
  <participante>
   Ethel Volfzon Kosminsky
   <instituicao>UNESP/Marília</instituicao>
  </participante>
  <participante>uma fronteira em discussão</participante>
  <participante>
   Jane Araujo Russo
   <instituicao>UERJ</instituicao>
  </participante>
  <participante>
   Luiz Fernando Dias Duarte
   <instituicao>UFRJ</instituicao>
  </participante>
 </seminario>
 <seminario>
  <nome>Natureza e sociedade: a sustentabilidade em questão</nome>
  <ano>2004</ano>
  <participante>
   Andrea M. Zhouri
   <instituicao>UFMG</instituicao>
  </participante>
  <participante>
   Edna Castro
   <instituicao>UFPA</instituicao>
  </participante>
  <participante>
   Neide Estercil
   <instituicao>UFRJ</instituicao>
  </participante>
 </seminario>
 <seminario>
  <nome>Neodesenvolvimentismo e conflitos ambientais urbanos e rurais: disputas por espaço e recursos entre classes e grupos sociais</nome>
  <ano>2013</ano>
  <participante>
   Eder Jurandir Carneiro
   <instituicao>UFSJ</instituicao>
  </participante>
  <participante>
   Neide Esterci
   <instituicao>UFRJ</instituicao>
  </participante>
 </seminario>
 <seminario>
  <nome>Novos atores e novas práticas no espaço agrário brasileiro contemporâneo</nome>
  <ano>2004</ano>
  <participante>
   Leonilde Servolo de Medeiros
   <instituicao>UFRRJ</instituicao>
  </participante>
  <participante>
   Sonia Maria Pessoa Pereira Bergamasco
   <instituicao>UNICAMP</instituicao>
  </participante>
 </seminario>
 <seminario>
  <nome>O marxismo e as ciências sociais</nome>
  <ano>2007</ano>
  <participante>
   Armando Boito Junior
   <instituicao>UNICAMP</instituicao>
  </participante>
  <participante>
   Ruy Gomes Braga Neto
   <instituicao>USP</instituicao>
  </participante>
 </seminario>
 <seminario>
  <nome>O marxismo e seus críticos</nome>
  <ano>2013</ano>
  <participante>
   Luiz Eduardo Pereira da Motta
   <instituicao>UFRJ</instituicao>
  </participante>
  <participante>
   Marcos Del Roio
   <instituicao>UNESP</instituicao>
  </participante>
 </seminario>
 <seminario>
  <nome>O mundo das artes: culturas artísticas, práticas sociais e dimensões simbólicas</nome>
  <ano>2013</ano>
  <participante>
   Edson Farias
   <instituicao>UnB</instituicao>
  </participante>
  <participante>
   Glaucia Villas Bôas
   <instituicao>UFRJ</instituicao>
  </participante>
 </seminario>
 <seminario>
  <nome>O papel das ideias nas mudanças institucionais: as reformas dos anos 90 em perspectiva comparada</nome>
  <ano>2004</ano>
  <participante>
   Jorge Ruben Tapia
   <instituicao>UNICAMP</instituicao>
  </participante>
  <participante>
   Maria Antonieta Parahyba Leopoldi
   <instituicao>UFF</instituicao>
  </participante>
 </seminario>
 <seminario>
  <nome>O paradigma da dádiva e as ciências sociais no Brasil</nome>
  <ano>2001</ano>
  <participante>
   Brasilmar Ferreira Nunes
   <instituicao>UnB</instituicao>
  </participante>
  <participante>
   Paulo Henrique Martins
   <instituicao>UFPE</instituicao>
  </participante>
 </seminario>
 <seminario>
  <nome>O pensamento social latinoamericano e os desafios do Século XXI</nome>
  <ano>2013</ano>
  <participante>
   Carlos Eduardo da Rosa Martins
   <instituicao>UFRJ</instituicao>
  </participante>
  <participante>
   Sedi Hirano
   <instituicao>USP</instituicao>
  </participante>
 </seminario>
 <seminario>
  <nome>O Pluralismo na Teoria Contemporânea</nome>
  <ano>2010</ano>
  <participante>
   Cynthia Hamlin
   <instituicao>UFPE</instituicao>
  </participante>
  <participante>
   Frederic Vandenberghe
   <instituicao>IESP/UERJ</instituicao>
  </participante>
 </seminario>
 <seminario>
  <nome>O público e o privado na educação brasileira</nome>
  <ano>1990</ano>
  <participante>
   Carlos Benedito Martins
   <instituicao>UnB</instituicao>
  </participante>
 </seminario>
 <seminario>
  <nome>O Republicanismo e as questões de identidade, da comunidade e das políticas públicas</nome>
  <ano>2004</ano>
  <participante>
   Álvaro de Vita
   <instituicao>USP</instituicao>
  </participante>
  <participante>
   Maria Alice Rezende de Carvalho
   <instituicao>IUPERJ</instituicao>
  </participante>
  <participante>
   Rubem Barboza Filho
   <instituicao>UFJF</instituicao>
  </participante>
 </seminario>
 <seminario>
  <nome>O Sindicalismo Brasileiro nos Anos 80: Balanço e Perspectivas</nome>
  <ano>1990</ano>
  <participante>
   Armando Boito Jr.
   <instituicao>UNICAMP</instituicao>
  </participante>
 </seminario>
 <seminario>
  <nome>O Uso da Imagem em Ciências Sociais: Relevância e Limites</nome>
  <ano>1993</ano>
  <participante>Ana Maria Galano</participante>
  <participante>Bela Feldman- Bianco</participante>
 </seminario>
 <seminario>
  <nome>Os Imigrantes e a Política no Brasil</nome>
  <ano>1993</ano>
  <participante>
   Bóris Fausto
   <instituicao>USP</instituicao>
  </participante>
  <participante>
   Roberto Grun
   <instituicao>UFSCAR</instituicao>
  </participante>
 </seminario>
 <seminario>
  <nome>Os novos espaços do mundo do trabalho: relações sociais, de trabalho e política local no Brasil contemporâneo</nome>
  <ano>2001</ano>
  <participante>
   Adalberto Moreira Cardoso
   <instituicao>IUPERJ</instituicao>
  </participante>
  <participante>
   Roberto Grün
   <instituicao>UFSCAR</instituicao>
  </participante>
 </seminario>
 <seminario>
  <nome>Os usos da imagem nas ciências sociais</nome>
  <ano>2001</ano>
  <participante>
   Carmen Rial
   <instituicao>UFSC</instituicao>
  </participante>
  <participante>
   Sylvia Caiuby Novaes
   <instituicao>USP</instituicao>
  </participante>
 </seminario>
 <seminario>
  <nome>Para onde vai o capitalismo no Brasil? Dilemas e perspectivas das empresas e dos empresários</nome>
  <ano>2001</ano>
  <participante>
   Ana Maria Kirschner
   <instituicao>UFRJ</instituicao>
  </participante>
  <participante>
   Maria Antonieta P. Leopoldi
   <instituicao>UFF</instituicao>
  </participante>
 </seminario>
 <seminario>
  <nome>Parentalidades, amor e conjugalidades no Brasil contemporâneo</nome>
  <ano>2007</ano>
  <participante>
   Luiz Mello de Almeida Neto
   <instituicao>UFG</instituicao>
  </participante>
  <participante>
   Miriam Pillar Grossi
   <instituicao>UFSC</instituicao>
  </participante>
 </seminario>
 <seminario>
  <nome>Partidos e sistemas partidários</nome>
  <ano>2007</ano>
  <ano>2010</ano>
  <ano>2013</ano>
  <participante>
   Luciana Fernandes Veiga
   <instituicao>UFPR</instituicao>
  </participante>
  <participante>
   Marcia Ribeiro Dias
   <instituicao>PUC/RS</instituicao>
  </participante>
  <participante>
   Maria do Socorro Sousa Braga
   <instituicao>UFSCAR</instituicao>
  </participante>
  <participante>
   Oswaldo M. E. Amaral
   <instituicao>UNICAMP</instituicao>
  </participante>
 </seminario>
 <seminario>
  <nome>Partidos, eleições e representação política</nome>
  <ano>2001</ano>
  <participante>
   Maria D’Alva Kinzo
   <instituicao>USP</instituicao>
  </participante>
  <participante>
   Rogério Schmitt
   <instituicao>ESP-SP</instituicao>
  </participante>
 </seminario>
 <seminario>
  <nome>Patrimônios, Museus e Redes de Memória em Movimento</nome>
  <ano>2010</ano>
  <participante>
   Myrian Sepulveda dos Santos
   <instituicao>UERJ</instituicao>
  </participante>
  <participante>
   Regina Maria do Rego Monteiro de Abreu
   <instituicao>UNIRIO</instituicao>
  </participante>
 </seminario>
 <seminario>
  <nome>Perspectiva da política externa brasileira para a década de 90</nome>
  <ano>1990</ano>
  <participante>
   Henrique Altemani de Oliveira
   <instituicao>UnB</instituicao>
  </participante>
 </seminario>
 <seminario>
  <nome>Perspectivas disciplinares sobre os temas da diferença e da desigualdade no Brasil</nome>
  <ano>2001</ano>
  <participante>
   Monica Grin
   <instituicao>UFRJ</instituicao>
  </participante>
  <participante>
   Yvonne Maggie
   <instituicao>UFRJ</instituicao>
  </participante>
 </seminario>
 <seminario>
  <nome>Perspectivas do Sindicalismo nos Anos 90</nome>
  <ano>1993</ano>
  <participante>
   Iram Jácome Rodrigues
   <instituicao>USP</instituicao>
  </participante>
  <participante>
   Lucília de Almeida Neves
   <instituicao>UFMG</instituicao>
  </participante>
 </seminario>
 <seminario>
  <nome>Pesquisas em contextos de conflito e de precária institucionalização</nome>
  <ano>2010</ano>
  <participante>
   Omar Ribeiro Thomaz
   <instituicao>UNICAMP</instituicao>
  </participante>
  <participante>
   Sebastião Nascimento
   <instituicao>Uni-Fleins</instituicao>
  </participante>
 </seminario>
 <seminario>
  <nome>Política Internacional Comparada</nome>
  <ano>2010</ano>
  <participante>
   Janina Onuki
   <instituicao>USP</instituicao>
  </participante>
  <participante>
   Marcelo de Almeida Medeiros
   <instituicao>UFPE</instituicao>
  </participante>
 </seminario>
 <seminario>
  <nome>Políticas públicas e bem-estar social no século XXI: arranjos institucionais, política, direitos e desenvolvimento</nome>
  <ano>2013</ano>
  <participante>
   Sandra Cristina Gomes
   <instituicao>UFRN</instituicao>
  </participante>
  <participante>
   Telma Maria Gonçalves Menicucci
   <instituicao>UFMG</instituicao>
  </participante>
 </seminario>
 <seminario>
  <nome>Políticas Públicas e Desenvolvimento</nome>
  <ano>1990</ano>
  <participante>
   Maria Helena G. de Castro
   <instituicao>UNICAMP</instituicao>
  </participante>
  <participante>
   Sonia Mirian Draibe
   <instituicao>UNICAMP</instituicao>
  </participante>
 </seminario>
 <seminario>
  <nome>Políticas públicas: instituições, idéias e redes</nome>
  <ano>2010</ano>
  <participante>
   Telma Maria Gonçalves Menicucci
   <instituicao>UFMG</instituicao>
  </participante>
  <participante>
   Sandra Cristina Gomes
   <instituicao>UFRN</instituicao>
  </participante>
 </seminario>
 <seminario>
  <nome>Políticas públicas: métodos e análises</nome>
  <ano>2007</ano>
  <participante>
   Carlos Aurélio Pimenta de Faria
   <instituicao>PUC/MG</instituicao>
  </participante>
  <participante>
   Gilberto Hochman
   <instituicao>FIOCRUZ</instituicao>
  </participante>
 </seminario>
 <seminario>
  <nome>Pós-colonialismo, pós-nacionalismo, pós-socialismo: a democracia como suspensão e a demanda por uma nova normalidade</nome>
  <ano>2004</ano>
  <participante>
   Bila Sorj
   <instituicao>UFRJ</instituicao>
  </participante>
  <participante>
   Omar Ribeiro Thomaz
   <instituicao>UNICAMP</instituicao>
  </participante>
  <participante>
   Sebastião Nascimento
   <instituicao>CEBRAP</instituicao>
  </participante>
 </seminario>
 <seminario>
  <nome>Processo decisório e implementação de políticas públicas no Brasil: novos tempos, novas perspectivas de análise</nome>
  <ano>2004</ano>
  <participante>
   Soraya Maria Vargas Côrtes
   <instituicao>UFRGS</instituicao>
  </participante>
  <participante>
   Eduardo Cesar Marques
   <instituicao>USP</instituicao>
  </participante>
  <participante>
   Washington Luís de Souza Bonfim
   <instituicao>UFPI</instituicao>
  </participante>
 </seminario>
 <seminario>
  <nome>Qualidade da democracia</nome>
  <ano>2004</ano>
  <participante>
   Claudio Gonçalves Couto
   <instituicao>PUC/SP</instituicao>
  </participante>
  <participante>
   Fernando Lattman-Weltman
   <instituicao>FGV/RJ</instituicao>
  </participante>
 </seminario>
 <seminario>
  <nome>Questão Agrária e Democracia</nome>
  <ano>1990</ano>
  <participante>
   Jorge Osvaldo Romano
   <instituicao>CPDA</instituicao>
  </participante>
 </seminario>
 <seminario>
  <nome>Questão metropolitana no Brasil: segregação, desigualdade e governança urbana</nome>
  <ano>2001</ano>
  <participante>
   Luiz Cesar Queiroz Ribeiro
   <instituicao>UFRJ</instituicao>
  </participante>
  <participante>
   Sergio de Azevedo
   <instituicao>PUC/MG</instituicao>
  </participante>
 </seminario>
 <seminario>
  <nome>Raça e Mestiçagem no Pensamento Social Brasileiro</nome>
  <ano>1993</ano>
  <participante>John Manuel Monteiro</participante>
 </seminario>
 <seminario>
  <nome>Recomposições do rural: identidades, políticas públicas e território</nome>
  <ano>2007</ano>
  <participante>
   Emília Pietrafesa de Godoi
   <instituicao>UNICAMP</instituicao>
  </participante>
  <participante>
   Marilda Aparecida de Menezes
   <instituicao>UFCG</instituicao>
  </participante>
 </seminario>
 <seminario>
  <nome>Redes ameríndias: sujeitos, saberes, discursos</nome>
  <ano>2010</ano>
  <participante>
   Edilene Coffaci Lima
   <instituicao>UFPR</instituicao>
  </participante>
  <participante>
   Maria Denise Fajardo Grupioni
   <instituicao>USP</instituicao>
  </participante>
 </seminario>
 <seminario>
  <nome>Redes, conhecimentos e inovação social</nome>
  <ano>2006</ano>
  <participante>
   Ana Maria Fernandes
   <instituicao>UnB</instituicao>
  </participante>
  <participante>
   Fernanda Sobral
   <instituicao>UnB</instituicao>
  </participante>
  <participante>
   Maíra Baumgarten
   <instituicao>UFRGS</instituicao>
  </participante>
 </seminario>
 <seminario>
  <nome>Reestruturação Metropolitana e a Questão Social:“Tendências Recentes”</nome>
  <ano>1993</ano>
  <participante>
   Lícia do Prado Valladares
   <instituicao>IUPERJ</instituicao>
  </participante>
  <participante>
   Luiz César de Queiroz Ribeiro
   <instituicao>UFRJ</instituicao>
  </participante>
 </seminario>
 <seminario>
  <nome>Reformas dos Programas Sociais: Esgotou-se a Agenda Neoliberal?</nome>
  <ano>1993</ano>
  <participante>
   Sônia Miriam Draibe
   <instituicao>UNICAMP</instituicao>
  </participante>
 </seminario>
 <seminario>
  <nome>Relações raciais: desigualdades, identidades e políticas públicas</nome>
  <ano>2013</ano>
  <participante>
   Graziella Moraes Silva
   <instituicao>UFRJ</instituicao>
  </participante>
  <participante>
   Valter Roberto Silvério
   <instituicao>UFSCAR</instituicao>
  </participante>
 </seminario>
 <seminario>
  <nome>Religião e Globalização</nome>
  <ano>2010</ano>
  <participante>
   Joanildo Albuquerque Burity
   <instituicao>Durham University</instituicao>
  </participante>
  <participante>
   Emerson Alessandro Giumbelli
   <instituicao>UFRJ</instituicao>
  </participante>
 </seminario>
 <seminario>
  <nome>Religião, cidadania e políticas públicas: dilemas da interface</nome>
  <ano>2007</ano>
  <participante>
   Bernardo Lewgoy
   <instituicao>UFRGS</instituicao>
  </participante>
  <participante>
   Joanildo A. Burity
   <instituicao>Fundaj</instituicao>
  </participante>
 </seminario>
 <seminario>
  <nome>Representações da natureza em locais de interesse ecológico</nome>
  <ano>2006</ano>
  <participante>
   Carmen Lucia da Silva
   <instituicao>UFMT</instituicao>
  </participante>
  <participante>
   Marcos Silva da Silveira
   <instituicao>UFPR</instituicao>
  </participante>
  <participante>
   Wilma Marques Leitão
   <instituicao>UFPA</instituicao>
  </participante>
 </seminario>
 <seminario>
  <nome>República e cidadania: teorias e debates contemporâneos</nome>
  <ano>2001</ano>
  <participante>
   José Eisenberg
   <instituicao>IUPERJ</instituicao>
  </participante>
 </seminario>
 <seminario>
  <nome>Republicanismo, religião e estado no Brasil contemporâneo</nome>
  <ano>2004</ano>
  <participante>
   Joanildo A. Burity
   <instituicao>FUNDAJ</instituicao>
  </participante>
  <participante>
   Patrícia Birman
   <instituicao>UERJ</instituicao>
  </participante>
 </seminario>
 <seminario>
  <nome>Sexualidade e ciências sociais: desafios teóricos, metodológicos e políticos</nome>
  <ano>2007</ano>
  <participante>
   Júlio Assis Simões
   <instituicao>USP</instituicao>
  </participante>
  <participante>
   Sérgio Luís Carrara
   <instituicao>UERJ</instituicao>
  </participante>
 </seminario>
 <seminario>
  <nome>Sexualidade e gênero: regimes de regulação e processos de subjetivação</nome>
  <ano>2013</ano>
  <participante>
   Julio Assis Simoes
   <instituicao>USP</instituicao>
  </participante>
  <participante>
   María Elvira Díaz-Benítez
   <instituicao>UFRJ</instituicao>
  </participante>
 </seminario>
 <seminario>
  <nome>Sexualidade, gênero: ética e política</nome>
  <ano>2010</ano>
  <participante>
   Adriana de Resende Barreto Vianna
   <instituicao>UFRJ</instituicao>
  </participante>
  <participante>
   Sérgio Luís Carrara
   <instituicao>UERJ</instituicao>
  </participante>
 </seminario>
 <seminario>
  <nome>Sexualidade, reprodução, parentesco: novas questões, novos desafios? Leituras a partir dos estudos de gênero</nome>
  <ano>2001</ano>
  <participante>
   Adriana Gracia Piscitelli
   <instituicao>UNICAMP</instituicao>
  </participante>
  <participante>
   Miriam Pillar Grossi
   <instituicao>UFSCS</instituicao>
  </participante>
 </seminario>
 <seminario>
  <nome>Sexualidade e subjetividade</nome>
  <ano>1997</ano>
  <participante>
   Luiz Fernando Dias Duarte
   <instituicao>UFRJ</instituicao>
  </participante>
  <participante>
   Maria Luiza Heilborn
   <instituicao>UERJ</instituicao>
  </participante>
 </seminario>
 <seminario>
  <nome>Sistema Industrial e Reestruturação Produtiva</nome>
  <ano>1993</ano>
  <participante>
   Leda Gitahy
   <instituicao>UNICAMP</instituicao>
  </participante>
  <participante>
   Márcia Leite
   <instituicao>UNICAMP</instituicao>
  </participante>
 </seminario>
 <seminario>
  <nome>Sobre periferias: novos conflitos no espaço público</nome>
  <ano>2010</ano>
  <ano>2013</ano>
  <participante>
   Cibele Saliba Rizek
   <instituicao>USP</instituicao>
  </participante>
  <participante>
   Gabriel de Santis Feltran
   <instituicao>UFSCAR</instituicao>
  </participante>
  <participante>
   Neiva Vieira da Cunha
   <instituicao>UERJ</instituicao>
  </participante>
  <participante>
   Patricia Birman
   <instituicao>UFRJ</instituicao>
  </participante>
 </seminario>
 <seminario>
  <nome>Socialidades e movimentos: pessoas, palavras e objetos em circulação</nome>
  <ano>2013</ano>
  <participante>
   John Cunha Comerford
   <instituicao>UFRJ</instituicao>
  </participante>
  <participante>
   Wagner Diniz Chaves
   <instituicao>UFAL</instituicao>
  </participante>
 </seminario>
 <seminario>
  <nome>Sociedade brasileira e educação: o que já sabemos? o que precisamos saber?</nome>
  <ano>2007</ano>
  <participante>
   Carlos Benedito Martins
   <instituicao>UnB</instituicao>
  </participante>
  <participante>
   Maria Ligia de Oliveira Barbosa
   <instituicao>UFRJ</instituicao>
  </participante>
 </seminario>
 <seminario>
  <nome>Sociedade e esporte</nome>
  <ano>2007</ano>
  <participante>
   Hugo Lovisolo
   <instituicao>UERJ</instituicao>
  </participante>
  <participante>
   José Jairo Vieira
   <instituicao>UFV</instituicao>
  </participante>
  <participante>Sociologia da adolescência e juventude</participante>
  <participante>
   Maria-Helena Oliva-Augusto
   <instituicao>USP</instituicao>
  </participante>
  <participante>
   Melissa de Mattos Pimenta
   <instituicao>UFRGS</instituicao>
  </participante>
 </seminario>
 <seminario>
  <nome>Sociologia e Antropologia da Moral</nome>
  <ano>2010</ano>
  <ano>2013</ano>
  <participante>
   Alexandre Vieira Werneck
   <instituicao>UFRJ</instituicao>
  </participante>
  <participante>
   Luis Roberto Cardoso de Oliveira
   <instituicao>UnB</instituicao>
  </participante>
  <participante>
   Patrice Schuch
   <instituicao>UFRGS</instituicao>
  </participante>
 </seminario>
 <seminario>
  <nome>Sociologia econômica</nome>
  <ano>1997</ano>
  <ano>2007</ano>
  <participante>
   Ana Célia Castro
   <instituicao>UFRRJ</instituicao>
  </participante>
  <participante>
   Cecile Helene Jeanne Raud
   <instituicao>UFSC</instituicao>
  </participante>
  <participante>
   Ricardo Abramovay
   <instituicao>USP</instituicao>
  </participante>
 </seminario>
 <seminario>
  <nome>Sonoridades contemporâneas na perspectiva das Ciências Sociais</nome>
  <ano>2010</ano>
  <participante>
   Elizabeth Travassos Lins
   <instituicao>UNIRIO</instituicao>
  </participante>
  <participante>
   Santuza Cambraia Naves
   <instituicao>PUC-Rio</instituicao>
  </participante>
 </seminario>
 <seminario>
  <nome>Tecnologia, Cultura e Organização na Indústria Brasileira</nome>
  <ano>1990</ano>
  <participante>
   Antônio Sérgio Guimarães
   <instituicao>UFBA</instituicao>
  </participante>
 </seminario>
 <seminario>
  <nome>Teoria e prática das relações Sul-Sul</nome>
  <ano>2013</ano>
  <participante>
   Javier Alberto Vadell
   <instituicao>PUC/MG</instituicao>
  </participante>
  <participante>
   Marcos Costa Lima
   <instituicao>UFPE</instituicao>
  </participante>
  <participante>qual conflito? Que identidade?</participante>
  <participante>
   Cícero Romão Araújo
   <instituicao>USP</instituicao>
  </participante>
  <participante>
   Christian Edward Cyril Lynch
   <instituicao>UERJ</instituicao>
  </participante>
 </seminario>
 <seminario>
  <nome>Teoria Política: instituição e ação política</nome>
  <ano>2010</ano>
  <participante>
   Alvaro de Vita
   <instituicao>USP</instituicao>
  </participante>
  <participante>
   Bernardo Ferreira
   <instituicao>UERJ</instituicao>
  </participante>
  <participante>república, constituição e justiça</participante>
  <participante>
   Alvaro de Vita
   <instituicao>USP</instituicao>
  </participante>
  <participante>
   Bernardo Medeiros Ferreira da Silva
   <instituicao>UERJ</instituicao>
  </participante>
 </seminario>
 <seminario>
  <nome>Teoria Social</nome>
  <ano>1997</ano>
  <participante>
   Leonardo Avritzer
   <instituicao>UFMG</instituicao>
  </participante>
  <participante>
   José Domingues
   <instituicao>UFRJ</instituicao>
  </participante>
 </seminario>
 <seminario>
  <nome>Teoria social e sociedades pós-nacionais</nome>
  <ano>2001</ano>
  <participante>
   José Maurício Domingues
   <instituicao>IUPERJ</instituicao>
  </participante>
  <participante>
   Leonardo Avritzer
   <instituicao>UFMG</instituicao>
  </participante>
 </seminario>
 <seminario>
  <nome>Teoria social no limite. Novas frentes/fronteiras na teoria social contemporânea</nome>
  <ano>2013</ano>
  <participante>
   Artur F. A. Perrusi
   <instituicao>UFPE</instituicao>
  </participante>
  <participante>
   Frederic Vandenberghe
   <instituicao>IESP-UERJ</instituicao>
  </participante>
 </seminario>
 <seminario>
  <nome>Teoria Social: a atualidade brasileira</nome>
  <ano>2007</ano>
  <participante>
   Céli Regina Jardim Pinto
   <instituicao>UFRGS</instituicao>
  </participante>
  <participante>
   Jose Luiz Ratton
   <instituicao>UFPE</instituicao>
  </participante>
 </seminario>
 <seminario>
  <nome>Trabalhadores, sindicatos e a nova questão social</nome>
  <ano>2001</ano>
  <participante>
   Marco Aurélio Santana
   <instituicao>UNIRIO</instituicao>
  </participante>
 </seminario>
 <seminario>
  <nome>Trabalhadores e sindicatos: novos temas, velhas questões</nome>
  <ano>1997</ano>
  <participante>
   Leila Maria da Silva Blass
   <instituicao>PUC/SP</instituicao>
  </participante>
 </seminario>
 <seminario>
  <nome>Trabalho e ação sindical na sociedade contemporânea</nome>
  <ano>2013</ano>
  <participante>
   Marco Aurélio Santana
   <instituicao>UFRJ</instituicao>
  </participante>
  <participante>
   Roberto Véras de Oliveira
   <instituicao>UFPB</instituicao>
  </participante>
 </seminario>
 <seminario>
  <nome>Trabalho e sindicato na sociedade contemporânea</nome>
  <ano>2007</ano>
  <participante>
   Iram Jácome Rodrigues
   <instituicao>USP</instituicao>
  </participante>
  <participante>
   Jacob Carlos Lima
   <instituicao>UFSCAR</instituicao>
  </participante>
 </seminario>
 <seminario>
  <nome>Trabalho, sindicato e os desafios do desenvolvimento</nome>
  <ano>2004</ano>
  <participante>
   José Ricardo Ramalho
   <instituicao>UFRJ</instituicao>
  </participante>
  <participante>
   Marco Aurélio Santana
   <instituicao>UNIRIO</instituicao>
  </participante>
 </seminario>
 <seminario>
  <nome>Trabalho, Sindicatos e Identidades Sociais</nome>
  <ano>2010</ano>
  <participante>
   Angela Maria Carneiro Araújo
   <instituicao>UNICAMP</instituicao>
  </participante>
  <participante>
   Jacob Carlos Lima
   <instituicao>UFSCAR</instituicao>
  </participante>
 </seminario>
 <seminario>
  <nome>Transformações do Estado, gastos públicos e comportamento fiscal</nome>
  <ano>2001</ano>
  <participante>
   George Avelino Filho
   <instituicao>FGV/SP</instituicao>
  </participante>
  <participante>
   Octávio Amorim Neto
   <instituicao>IUPERJ</instituicao>
  </participante>
 </seminario>
 <seminario>
  <nome>Transformações indígenas: os regimes de subjetivação ameríndios à prova da história</nome>
  <ano>2004</ano>
  <participante>
   Carlos Fausto
   <instituicao>UFRJ</instituicao>
  </participante>
  <participante>
   Eduardo Viveiros de Castro
   <instituicao>UFRJ</instituicao>
  </participante>
  <participante>
   Oscar Calavia Saez
   <instituicao>UFSC</instituicao>
  </participante>
 </seminario>
 <seminario>
  <nome>Uma notável reviravolta: antropologia</nome>
  <ano>2001</ano>
  <participante>
   Eduardo Viveiros de Castro
   <instituicao>UFRJ</instituicao>
  </participante>
  <participante>
   Marcio Ferreira da Silva
   <instituicao>USP</instituicao>
  </participante>
 </seminario>
 <seminario>
  <nome>Universidade e Produção de Conhecimento</nome>
  <ano>1993</ano>
  <participante>
   Fernanda Antônia da Fonseca Sobral
   <instituicao>UnB</instituicao>
  </participante>
 </seminario>
</seminarios>